cnp_codigo,cnp_glosa,cnp_descripcion,cnp_familia,iccs_elegido,iccs_glosa_elegida,confianza,justificacion,exclusiones_aplicadas
101,Quebrantamiento,Persona sentenciada que viole su condena.,QUEBRANTAMIENTO DE SENTENCIA,8062,Incumplimiento de órdenes judiciales,alta,"El delito CNP corresponde a una persona sentenciada que viole su condena, lo cual se alinea con el incumplimiento de órdenes judiciales descrito en el código ICCS 8062. La sección ICCS y las inclusiones coinciden con el marco legal del delito, y no se aplican exclusiones que descarten este código.",
201,Libertad de culto,,CRÍMENES Y SIMPLES DELITOS QUE AFECTAN DERECHOS GARANTIDOS POR LA CONSTITUCIÓN,80321,Violaciones de las normas sobre creencias u opiniones religiosas,alta,"El delito CNP 201 se relaciona con la libertad de culto, lo que se alinea con la glosa de 80321 que menciona violaciones de las normas sobre creencias u opiniones religiosas. No hay exclusiones que descarten este código en relación con el delito descrito.",
202,Secuestro,El que sin derecho encerrare o detuviere a otro privándole de su libertad o quien proporcionare lugar para la ejecución del delito.,CRÍMENES Y SIMPLES DELITOS QUE AFECTAN DERECHOS GARANTIDOS POR LA CONSTITUCIÓN,20221,Secuestro,alta,"El delito CNP se describe como detención ilícita de una persona privándola de libertad, lo que coincide con la definición de 'Secuestro' en el ICCS 20221. La descripción del ICCS 20221 incluye detención ilícita en contra de la voluntad con la finalidad de exigir un provecho ilícito, lo cual se alinea con el CNP. No se aplican exclusiones que descarten este código para el delito descrito.",
203,Sustracción de menores,"Sustraer a un menor de 18 años. Aumenta la pena si se ejecuta para obtener un rescate, imponer exigencias, arrancar decisiones o si resulta un grave daño en la persona del menor",CRÍMENES Y SIMPLES DELITOS QUE AFECTAN DERECHOS GARANTIDOS POR LA CONSTITUCIÓN,2021,Secuestro de menores,alta,"El delito CNP se describe como sustracción de un menor de 18 años, lo que coincide con la definición de 'Secuestro de menores' en el ICCS 2021. No se aplican exclusiones que descarten este código, ya que el delito no se encauza en la exclusión de detención ilegal para exigir un beneficio ilícito (020221) ni en la de adopción ilegal (020291).",
204,Violación de morada,"Entrar en morada ajena (espacio destinado al quehacer personal de un individuo), contra la voluntad de su morador",CRÍMENES Y SIMPLES DELITOS QUE AFECTAN DERECHOS GARANTIDOS POR LA CONSTITUCIÓN,509,Otros actos contra la propiedad solamente,alta,"El delito CNP (Violación de morada) corresponde a la entrada en una morada ajena contra la voluntad del morador, lo cual se incluye en la glosa de 509 (Otros actos contra la propiedad solamente). Además, la entrada en una morada ajena se menciona explícitamente en las inclusiones de 509, lo que confirma su pertinencia. No se aplica ninguna exclusión relevante para descartar este código.",
205,"Apertura, registro o interceptación de correspondencia",Abrir o registrar correspondencia o papeles de otro sin su voluntad.,CRÍMENES Y SIMPLES DELITOS QUE AFECTAN DERECHOS GARANTIDOS POR LA CONSTITUCIÓN,2111,Invasión de la intimidad,alta,"El delito CNP se relaciona con la apertura o interceptación de correspondencia, lo cual se ajusta a la definición de 'invasión de la intimidad' en el ICCS 2111. La glosa y la descripción coinciden con el movimiento del delito, que es la intromisión en la intimidad. Las exclusiones no descartan este delito, ya que no se menciona una intromisión en datos informáticos o sistemas, que serían relevantes para el ICCS 9033.",
206,"Exacciones ilegales (Art. 147, 157 y 241 Código Penal)",,CRÍMENES Y SIMPLES DELITOS QUE AFECTAN DERECHOS GARANTIDOS POR LA CONSTITUCIÓN,804,Actos contrarios a las disposiciones relativas a los ingresos públicos u otras disposiciones regulatorias,alta,"El delito CNP 206 (exacciones ilegales) se relaciona con actos que violan disposiciones regulatorias, lo que se alinea con el código ICCS 804, que abarca actos contrarios a disposiciones relativas a los ingresos públicos u otras disposiciones regulatorias. Además, el código 804 incluye actos relacionados con comportamientos regulados o prohibidos por motivos morales o políticos, lo cual puede abarcar exacciones ilegales.","Lesiones corporales o posibilidad de infligir lesiones corporales debido al comportamiento negligente, irresponsable o descuidado de una persona (0206); lesiones corporales o posibilidad de infligir lesiones corporales provocadas por el comportamiento peligroso de una persona (0207); actos que conllevan fraude, engaño o corrupción (07); tráfico ilícito de bienes culturales (07042)"
207,"Detención, destierro o arresto irregular","Persona que teniendo facultad para detener, arrestar o desterrar, lo hiciere contra Ley y en forma arbitraria (no oportuna).",CRÍMENES Y SIMPLES DELITOS QUE AFECTAN DERECHOS GARANTIDOS POR LA CONSTITUCIÓN,20222,Retención ilegal,alta,"El delito CNP se describe como detención, destierro o arresto irregular, lo que se alinea con la definición de 'Retención ilegal' en el ICCS 20222. La descripción del ICCS 20222 menciona detención ilícita de una o varias personas en contra de su voluntad, sin trasladar a la persona a otro lugar, lo cual coincide con el CNP. Además, las exclusiones del ICCS 20222 no descartan el delito CNP, ya que el CNP no se ajusta a las exclusiones como secuestro de menores, trata de personas, etc.",
208,Violación de prerrogativas,,CRÍMENES Y SIMPLES DELITOS QUE AFECTAN DERECHOS GARANTIDOS POR LA CONSTITUCIÓN,8062,Incumplimiento de órdenes judiciales,alta,"El delito CNP 208, Violación de prerrogativas, se relaciona con el incumplimiento de órdenes judiciales o disposiciones legales, lo cual se alinea con la glosa de 8062. Las inclusiones de 8062 incluyen violación de órdenes judiciales, que es directamente relevante para el delito descrito. No hay exclusiones que descarten este delito.",
209,Condenas irregulares,,CRÍMENES Y SIMPLES DELITOS QUE AFECTAN DERECHOS GARANTIDOS POR LA CONSTITUCIÓN,806,Actos contra el sistema de justicia,alta,"El delito CNP 209, 'Condenas irregulares', se relaciona con actos que afectan el sistema de justicia, lo cual se alinea con la sección ICCS 806: 'Actos contra el sistema de justicia'. Las exclusiones aplicadas incluyen actos que causan la muerte (01) y actos que equivalen a agresión o amenazas (0201), que no aplican al caso descrito.",actos que causan la muerte (01); actos que equivalen a agresión o amenazas (0201)
210,Allanamientos irregulares,"Empleado público que abusando de su oficio allanare algún lugar, salvo en los casos y formas que prescribe la Ley.",CRÍMENES Y SIMPLES DELITOS QUE AFECTAN DERECHOS GARANTIDOS POR LA CONSTITUCIÓN,7033,Abuso de funciones,alta,"El delito CNP 210 se refiere al abuso de funciones por parte de un empleado público al allanar un lugar, lo cual se alinea con la definición de 'Abuso de funciones' en el ICCS 7033, que abarca la realización u omisión de un acto en violación de la ley por parte de un funcionario público. No hay exclusiones que descarten este delito en el contexto del ICCS 7033.",
211,Delito contra libertad de opinión,,CRÍMENES Y SIMPLES DELITOS QUE AFECTAN DERECHOS GARANTIDOS POR LA CONSTITUCIÓN,8031,Actos contra la libertad de expresión,alta,"El delito CNP 211 se refiere a una violación de la libertad de opinión, lo cual se alinea con el ICCS 8031 que aborda actos contra la libertad de expresión. La inclusión de 'restricciones ilícitas sobre la libertad de expresión' en el ICCS 8031 es directamente relevante. Además, el ICCS 8031 no excluye el delito CNP, mientras que otros candidatos como 80321 y 80329 excluyen expresamente actos relacionados con la libertad de expresión.","Restricción de la expresión mediante el uso de la fuerza, amenazas, intimidación, amenazas de revelar información comprometedora, o amenazas de difamación (0205)"
212,Delito contra libertad de trabajo,,CRÍMENES Y SIMPLES DELITOS QUE AFECTAN DERECHOS GARANTIDOS POR LA CONSTITUCIÓN,808,Actos contrarios al derecho laboral,alta,"El delito CNP 212 se refiere a actos contra la libertad de trabajo, lo cual se alinea con la glosa de 808 (Actos contrarios al derecho laboral). Las inclusiones de 808 abarcan delitos relacionados con el empleo o tipificados en el derecho laboral, lo que incluye traslado arbitrario del empleo y despido arbitrario, que son relevantes para el delito descrito. No hay exclusiones que descarten el delito CNP en este contexto.",
213,Delitos contra libertad de reunión,,CRÍMENES Y SIMPLES DELITOS QUE AFECTAN DERECHOS GARANTIDOS POR LA CONSTITUCIÓN,202,Actos contra la libertad,alta,"El delito CNP 213 se refiere a la restricción de la libertad de reunión, lo cual se alinea con la descripción de 'Impedir o limitar el movimiento o la libertad de una persona' del código ICCS 202. Además, la sección ICCS 202 corresponde a actos que causan daños o tienen la intención de causar daños a las personas, lo cual es compatible con el marco del delito. Las exclusiones de 202 no aplican al delito CNP, ya que no se menciona esclavitud, explotación, trata de personas ni actos contra la libertad o expresión.",
214,Delitos contra la libertad ambulatoria y el derecho de asociación,"Empleado público que impidiere a una persona, formar parte de cualquier agrupación permitida por Ley.",CRÍMENES Y SIMPLES DELITOS QUE AFECTAN DERECHOS GARANTIDOS POR LA CONSTITUCIÓN,202,Actos contra la libertad,alta,"El delito CNP se relaciona con la impedición de la libertad ambulatoria y el derecho de asociación, lo cual se alinea con la glosa de 202 (Actos contra la libertad). La sección ICCS correspondiente (Actos que causan danos o que tienen la intención de causar danos a las personas) es compatible con el marco legal del delito. Además, las exclusiones de 202 no aplican al delito CNP, ya que no se trata de esclavitud, explotación, trata de personas o actos contra la libertad o tendientes al control de la expresión.",
215,Delito contra el derecho de petición,,CRÍMENES Y SIMPLES DELITOS QUE AFECTAN DERECHOS GARANTIDOS POR LA CONSTITUCIÓN,809,"Otros actos contra el orden público, la autoridad y las disposiciones del Estado",alta,"El delito CNP 215 se relaciona con el derecho de petición, que puede considerarse un acto contra el orden público, la autoridad y las disposiciones del Estado. El código ICCS 809 abarca actos similares, incluyendo insulto al Estado y disposiciones penales relacionadas con el derecho de familia, lo cual es compatible con la glosa del delito CNP. No se aplican exclusiones que descarten este código.",
216,"Usurpación de propiedad, descubrimiento o producción",Empleado público que prive a alguna persona de la propiedad exclusiva de su descubrimiento o producción.,CRÍMENES Y SIMPLES DELITOS QUE AFECTAN DERECHOS GARANTIDOS POR LA CONSTITUCIÓN,503,Delitos contra la propiedad intelectual,alta,"El delito CNP se refiere a la usurpación de propiedad por parte de un empleado público, lo que se alinea con el delito contra la propiedad intelectual en el ICCS, ya que implica la apropiación ilegal de descubrimientos o producciones. No se aplica la exclusión de hurto de propiedad intelectual, ya que el CNP no se refiere a hurto, sino a usurpación por autoridad.",hurto (0502); hurto de propiedad intelectual (0503)
217,Violación de secreto de invento,,CRÍMENES Y SIMPLES DELITOS QUE AFECTAN DERECHOS GARANTIDOS POR LA CONSTITUCIÓN,503,Delitos contra la propiedad intelectual,alta,"El delito CNP 217 se refiere a la violación de secreto de invento, lo cual se alinea con el concepto de delitos contra la propiedad intelectual descrito en el ICCS 503. Este código incluye la violación del derecho de autor, patentes y otros derechos de propiedad intelectual, lo cual es compatible con el móvil del delito descrito. Además, el ICCS 503 excluye actividades como la falsificación y la creación de productos falsificados, que no son relevantes para el delito en cuestión.","Creación, fabricación, traslado o posesión de productos falsificados de marca, o protegidos por patentes, licencias o de otro modo (07022); hurto (0502); posesión de dinero o bienes robados; recepción, manipulación, enajenación, venta o tráfico de bienes robados; utilización de piezas robadas para producir otros bienes; ocultamiento de bienes robados (0704); robo de identidad (07019); falsificación (0702); actos contra sistemas informáticos que no equivalen a piratería de programas informáticos (0903)"
218,Empleado público que expropie bienes o perturbe posesión de otro,Castiga al empleado público que expropiare a otro de sus bienes o le perturbe en su posesión ilegalmente.,CRÍMENES Y SIMPLES DELITOS QUE AFECTAN DERECHOS GARANTIDOS POR LA CONSTITUCIÓN,7032,Malversación o peculado,alta,"El delito CNP describe la expropiación ilegal de bienes por parte de un empleado público, lo que se alinea con la definición de malversación o peculado en el ICCS 7032, que abarca la apropiación indebida de bienes confiados a una persona en virtud de su cargo. Las exclusiones del ICCS 7032 no descartan este delito, ya que no se menciona la expropiación de bienes como exclusión. Además, la sección ICCS 7032 (Actos que conllevan fraude, engano o corrupción) es compatible con el marco jurídico del delito CNP.",
219,Prolongación de incomunicación,,CRÍMENES Y SIMPLES DELITOS QUE AFECTAN DERECHOS GARANTIDOS POR LA CONSTITUCIÓN,8062,Incumplimiento de órdenes judiciales,alta,"El delito CNP (219) se refiere a la prolongación de incomunicación, lo cual se relaciona con el incumplimiento de órdenes judiciales, que está incluido en el código ICCS 8062. La sección ICCS y las inclusiones coinciden con el marco legal del delito, y no hay exclusiones que descarten este código.",
220,Tormentos a detenidos,,CRÍMENES Y SIMPLES DELITOS QUE AFECTAN DERECHOS GARANTIDOS POR LA CONSTITUCIÓN,20222,Retención ilegal,alta,"El delito CNP (Tormentos a detenidos) implica la detención ilegal de una persona en contra de su voluntad, lo cual se alinea con la definición de 'Retención ilegal' en el ICCS 20222. Además, las exclusiones del ICCS 20222 descartan casos como el secuestro de menores o la trata de personas, lo cual no aplica al delito CNP. La sección del ICCS también corresponde al marco de actos que causan daños a las personas, lo que refuerza la precisión de la clasificación.",detención ilegal de una persona con la finalidad de exigir por su liberación un provecho ilícito (020221); secuestro de menores (02021); trata de personas (0204); adopción ilegal (020291); toma de rehenes (020222)
221,Delitos contra vida y la privacidad de las conversaciones,"Castiga a quien, sin autorización del afectado y por cualquier medio, capte, intercepte, grabe o reproduzca conversaciones o comunicaciones privadas; sustraiga, fotografíe, fotocopie o reproduzca documentación privada; o capte, grabe, firme o fotografíe imágenes o hechos privados que tienen lugar en recintos privados o lugares que no sean de libre acceso público. También castiga a quien difunde tales conversaciones, comunicaciones, documentación, imágenes y hechos. Además, castiga a quien pretende obtener dinero, especies o la realización de determinada conducta, mediante los actos antes indicados.",CRÍMENES Y SIMPLES DELITOS QUE AFECTAN DERECHOS GARANTIDOS POR LA CONSTITUCIÓN,2111,Invasión de la intimidad,alta,"El delito CNP se enfoca en la interceptación y reproducción de conversaciones privadas, lo que se alinea con la invasión de la intimidad descrita en el ICCS 2111. La sección ICCS correspondiente (Actos que causan danos o que tienen la intencion de causar danos a las personas) es compatible con el marco del delito. Además, las notas del ICCS 2111 definen la intimidad como la autonomía individual y la condición de ser libre de ser observado o molestado, lo cual se ajusta al delito CNP.",
222,"Secuestro con homicidio, violación o lesiones",,CRÍMENES Y SIMPLES DELITOS QUE AFECTAN DERECHOS GARANTIDOS POR LA CONSTITUCIÓN,20221,Secuestro,alta,"El delito CNP se describe como secuestro con homicidio, violación o lesiones, lo cual se alinea con la definición de secuestro en el ICCS 20221, que incluye la detención ilícita de personas con la finalidad de exigir un provecho ilícito. Aunque el delito incluye homicidio, el móvil principal es el secuestro, lo que lo clasifica como secuestro, no como homicidio. El ICCS 20221 es el más preciso al abordar el móvil del delito.",
223,Exacciones ilegales cometidas por particulares,"Imponer a otros contribuciones o servicios personales, sin facultades para ello.",CRÍMENES Y SIMPLES DELITOS QUE AFECTAN DERECHOS GARANTIDOS POR LA CONSTITUCIÓN,804,Actos contrarios a las disposiciones relativas a los ingresos públicos u otras disposiciones regulatorias,alta,"El delito CNP 223 se relaciona con la imposición de contribuciones o servicios personales sin facultades, lo que se alinea con el ICCS 804, que abarca actos contrarios a disposiciones relativas a los ingresos públicos. No se aplican exclusiones que descarten este código, ya que el delito no implica fraude, corrupción, lesiones o actos contra el orden público en el sentido de amenazas o violencia.",
224,Torturas por particulares agentes del Estado,"Sanciona al particular que, en el ejercicio de funciones públicas, o a instigación de un empleado público, o con el consentimiento o aquiescencia de éste, aplicare, ordenare o consintiere en que se aplique intencionalmente: dolores o sufrimientos graves, ya sean físicos, sexuales o psíquicos, métodos tendientes a anular la personalidad de la víctima, o a disminuir su voluntad o su capacidad de discernimiento o decisión, con el fin de obtener de ella o de un tercero información, declaración o una confesión, de castigarla por un acto que haya cometido, o se le impute haber cometido, o de intimidar o coaccionar a esa persona, o en razón de una discriminación fundada en motivos tales como la ideología, la opinión política, la religión o creencias de la víctima; la nación, la raza, la etnia o el grupo social al que pertenezca; el sexo, la orientación sexual, la identidad de género, la edad, la filiación, la apariencia personal, el estado de salud o la situación de discapacidad. Todo aquel que no sea empleado público y participe en la comisión de los delitos sancionados en los artículos 150 y 150 a.",CRÍMENES Y SIMPLES DELITOS QUE AFECTAN DERECHOS GARANTIDOS POR LA CONSTITUCIÓN,11011,Tortura,alta,"El delito CNP se describe como tortura con fines de obtener información, castigar o intimidar, lo que coincide directamente con la definición de tortura en el ICCS 11011. La nota 141 del ICCS 11011 confirma que la tortura es todo acto intencional que cause dolores o sufrimientos graves con fines específicos, lo cual se alinea exactamente con la glosa del CNP. No hay exclusiones que descarten este código.",
225,Torturas cometidas por funcionarios públicos,"Sanciona al empleado público que, abusando de su cargo o sus funciones, aplicare, ordenare o consintiere en que se aplique tortura, así como al empleado público que, conociendo de la ocurrencia de estas conductas, no impidiere o no hiciere cesar la aplicación de tortura, teniendo la facultad o autoridad necesaria para ello o estando en posición para hacerlo. Por tortura se entiende por tal la aplicación intencional de dolores o sufrimientos graves, ya sean físicos, sexuales o psíquicos, métodos tendientes a anular la personalidad de la víctima, o a disminuir su voluntad o su capacidad de discernimiento o decisión, con el fin de obtener de ella o de un tercero información, declaración o una confesión, de castigarla por un acto que haya cometido, o se le impute haber cometido, o de intimidar o coaccionar a esa persona, o en razón de una discriminación fundada en motivos tales como la ideología, la opinión política, la religión o creencias de la víctima; la nación, la raza, la etnia o el grupo social al que pertenezca; el sexo, la orientación sexual, la identidad de género, la edad, la filiación, la apariencia personal, el estado de salud o la situación de discapacidad.",CRÍMENES Y SIMPLES DELITOS QUE AFECTAN DERECHOS GARANTIDOS POR LA CONSTITUCIÓN,11011,Tortura,alta,"El delito CNP se define como tortura cometida por funcionarios públicos, lo que coincide directamente con la definición de tortura en el ICCS 11011. La descripción del ICCS 11011 incluye la intención de obtener información o confesión mediante dolores o sufrimientos graves, lo cual se alinea con el móvil del delito CNP. No hay exclusiones que descarten este delito.",
226,Promoción odio o violencia con grupos por motivos discriminatorios,,CRÍMENES Y SIMPLES DELITOS QUE AFECTAN DERECHOS GARANTIDOS POR LA CONSTITUCIÓN,80322,Violaciones de las normas sobre intolerancia e incitación al odio,alta,"El delito CNP se centra en la promoción del odio o violencia con grupos por motivos discriminatorios, lo cual se alinea con la glosa de 80322: 'Violaciones de las normas sobre intolerancia e incitación al odio'. La sección ICCS correspondiente (Actos contra el orden público, la autoridad y las disposiciones del Estado) también es compatible con el marco del delito. Además, las inclusiones de 80322 mencionan 'promoción del odio étnico, racial o religioso' y 'incitación al odio', lo que refuerza la coincidencia con el delito CNP.",
227,Tortura para anular voluntad,"Sanciona al que aplique intencionalmente métodos tendientes a anular la personalidad de la víctima, o a disminuir su voluntad o su capacidad de discernimiento o decisión, con el fin de obtener de ella o de un tercero información, declaración o una confesión, de castigarla por un acto que haya cometido, o se le impute haber cometido, o de intimidar o coaccionar a esa persona, o en razón de una discriminación fundada en motivos tales como la ideología, la opinión política, la religión o creencias de la víctima; la nación, la raza, la etnia o el grupo social al que pertenezca; el sexo, la orientación sexual, la identidad de género, la edad, la filiación, la apariencia personal, el estado de salud o la situación de discapacidad.",CRÍMENES Y SIMPLES DELITOS QUE AFECTAN DERECHOS GARANTIDOS POR LA CONSTITUCIÓN,11011,Tortura,alta,"El delito CNP se describe como tortura con el fin de obtener información, castigar o intimidar, lo que coincide directamente con la definición de tortura en el ICCS 11011. La nota del ICCS 11011 menciona claramente que la tortura es todo acto que inflija dolores o sufrimientos graves con el fin de obtener información o una confesión, lo que se alinea exactamente con el móvil del delito CNP.",
228,Tortura con homicidio,"Si con ocasión de la tortura se cometiere, además, homicidio.",CRÍMENES Y SIMPLES DELITOS QUE AFECTAN DERECHOS GARANTIDOS POR LA CONSTITUCIÓN,11011,Tortura,alta,"El delito CNP (Tortura con homicidio) tiene como móvil la tortura, que se define en el ICCS 11011 como acto intencional de causar dolores o sufrimientos graves. Aunque el homicidio es consecuencia, el móvil principal es la tortura. El ICCS 11011 es compatible con la definición del CNP y no se descarta por exclusiones. El ICCS 101 (homicidio intencional) no abarca la tortura como móvil principal.",
229,"Tortura con violación, abuso sexual agravado u otros","Si con ocasión de la tortura se cometiere, además, alguno de los delitos previstos en los artículos 361, 362, 365 bis, 395, 396 o 397, número 1°.",CRÍMENES Y SIMPLES DELITOS QUE AFECTAN DERECHOS GARANTIDOS POR LA CONSTITUCIÓN,11011,Tortura,alta,"El delito CNP describe tortura con violación, abuso sexual agravado u otros, lo que se alinea con la definición de tortura en el ICCS 11011. La sección del ICCS 11011 corresponde a 'Otros actos delictivos no clasificados en otra parte', lo cual es compatible con el marco del delito CNP. Además, la nota del ICCS 11011 define la tortura como acto intencional que causa dolores o sufrimientos graves, lo que coincide con la intención del delito CNP.",
230,Tortura con cuasidelito,"Si con ocasión de la tortura se cometiere, además, alguno de los cuasidelitos a que se refiere el artículo 490, número 1°.",CRÍMENES Y SIMPLES DELITOS QUE AFECTAN DERECHOS GARANTIDOS POR LA CONSTITUCIÓN,11011,Tortura,alta,"El delito CNP 230 se refiere a la tortura con cuasidelito, lo cual se alinea directamente con la definición de tortura en el ICCS 11011. La nota del ICCS 11011 describe la tortura como acto intencional que causa sufrimientos graves, lo cual coincide con el móvil del delito CNP. No hay exclusiones que descarten este código en relación con el delito descrito.",
231,Apremios ilegítimos cometidos por empleados públicos,"Sanciona al empleado público que, en incumplimiento de los reglamentos respectivos actúe abusando de su cargo o que en el ejercicio de sus funciones, aplique, ordene o consienta en que se apliquen apremios ilegítimos u otros tratos crueles, inhumanos o degradantes, que no alcancen por su gravedad a constituir tortura. Asimismo, se sanciona al empleado público que, conociendo de la ocurrencia de estas conductas, no impida o no haga cesar la aplicación de los apremios o de los otros tratos, teniendo la facultad o autoridad necesaria para ello y estando en posición para hacerlo.",CRÍMENES Y SIMPLES DELITOS QUE AFECTAN DERECHOS GARANTIDOS POR LA CONSTITUCIÓN,808,Actos contrarios al derecho laboral,alta,"El delito CNP se relaciona con el abuso de funciones por parte de empleados públicos, lo que se alinea con el código ICCS 808 que abarca actos contrarios al derecho laboral. La sección ICCS es compatible, y las inclusiones mencionan delitos relacionados con el empleo, que coinciden con el contexto del delito descrito. No se aplican exclusiones que descarten este código.",
232,Apremios ilegítimos con homicidio,"Si con ocasión de los apremios ilegítimos u otros tratos crueles, inhumanos o degradantes se cometiere, además, homicidio.",CRÍMENES Y SIMPLES DELITOS QUE AFECTAN DERECHOS GARANTIDOS POR LA CONSTITUCIÓN,101,Homicidio intencional,alta,"El delito CNP 232 describe un homicidio que ocurre como consecuencia de apremios ilegítimos u otros tratos crueles, inhumanos o degradantes. El móvil del delito es el uso de métodos ilegítimos que culminan en la muerte. El código ICCS 101 (Homicidio intencional) se aplica cuando la muerte es causada con la intención de causarla o lesiones graves, lo cual se ajusta al móvil del delito CNP. Las exclusiones de 101 no aplican en este caso, ya que no se trata de un homicidio justificable o legal.",
233,"Apremios ilegítimos con violación, abuso sexual agravado y otros","Si con ocasión de los apremios ilegítimos u otros tratos crueles, inhumanos o degradantes se cometiere, además, alguno de los delitos previstos en los artículos 361, 362, 365 bis, 395, 396 o 397, número 1° del Código Penal.",CRÍMENES Y SIMPLES DELITOS QUE AFECTAN DERECHOS GARANTIDOS POR LA CONSTITUCIÓN,3011,Violación,alta,"El delito CNP describe una violación sexual con apremios ilegítimos, lo que se alinea con la definición de 'Violación' en el ICCS 3011, que requiere penetración sexual sin consentimiento válido. La exclusión de 'violación por presunción legal' en 30111 no aplica aquí, ya que el delito CNP no menciona presunción legal, sino violación directa.",violación por presunción legal (030113)
234,Apremios ilegítimos con cuasidelito,"Si con ocasión de los apremios ilegítimos u otros tratos crueles, inhumanos o degradantes se cometiere, además, alguno de los cuasidelitos a que se refiere el artículo 490.",CRÍMENES Y SIMPLES DELITOS QUE AFECTAN DERECHOS GARANTIDOS POR LA CONSTITUCIÓN,2119,Otras transgresiones contra las personas,alta,"El delito CNP describe apremios ilegítimos con cuasidelito, lo que se alinea con 'Otras transgresiones contra las personas' en el ICCS, que abarca intromisión ilícita e injustificada en la intimidad u otros derechos de una persona. Las exclusiones de 2119 no aplican al delito descrito, ya que no se trata de una intromisión en la intimidad sexual ni de actos específicos como la mutilación de cadáveres.",
235,Secuestro con homicidio,Castiga al que con motivo u ocasión de un secuestro además cometiere homicidio.,CRÍMENES Y SIMPLES DELITOS QUE AFECTAN DERECHOS GARANTIDOS POR LA CONSTITUCIÓN,20221,Secuestro,alta,"El delito CNP se describe como secuestro con homicidio, lo que se alinea con el código ICCS 20221 (Secuestro), ya que el móvil principal es la privación de libertad. Las exclusiones de 20221 no aplican al delito descrito, ya que no se trata de secuestro de menores ni de toma de rehenes. Además, el código 20221 se encuentra en la sección adecuada (Actos que causan danos o que tienen la intención de causar danos a las personas), lo que refleja el marco jurídico del delito.",
236,Secuestro con violación,Castiga al que con motivo u ocasión de un secuestro además cometiere violación o violación sodomítica en la persona del ofendido.,CRÍMENES Y SIMPLES DELITOS QUE AFECTAN DERECHOS GARANTIDOS POR LA CONSTITUCIÓN,20221,Secuestro,alta,"El delito CNP 236 se describe como secuestro con violación, lo que se alinea con el código ICCS 20221 (Secuestro), que incluye el secuestro como acto principal. La violación se considera una consecuencia o parte del secuestro, no el móvil principal. Además, el código 20221 no excluye el delito CNP, mientras que otros como 3011 (Violación) se enfocan en el acto sexual como móvil principal, lo cual no es el caso aquí.",Secuestro de menores (02021); trata de personas (0204); adopción ilegal (020291); toma de rehenes (020222); aplicar todas las exclusiones enumeradas en 02022
237,Secuestro con lesiones,"Castiga al que con motivo u ocasión de un secuestro además cause alguna de las lesiones de los artículos 395, 396 y 397 Nº 1 en la persona del ofendido.",CRÍMENES Y SIMPLES DELITOS QUE AFECTAN DERECHOS GARANTIDOS POR LA CONSTITUCIÓN,20221,Secuestro,alta,"El delito CNP 237 se refiere al secuestro con lesiones, lo cual se alinea directamente con el código ICCS 20221 (Secuestro), que describe la sustracción y detención ilícita de personas con la finalidad de exigir un provecho ilícito. Las exclusiones de 20221 no aplican al delito CNP, ya que no se trata de secuestro de menores, trata de personas, toma de rehenes ni adopción ilegal. Además, el móvil del delito es el secuestro, no las lesiones, lo que lo clasifica como secuestro.",Secuestro de menores (02021); trata de personas (0204); adopción ilegal (020291); toma de rehenes (020222); aplicar todas las exclusiones enumeradas en 02022
248,Secuestro con solicitud de rescate o exigencia o se prolongue por más de 24 hrs.,"Secuestro que se ejecuta para obtener un rescate o imponer exigencias o arrancar decisiones, o si el encierro o detención se prolongare por más de 24 horas.",CRÍMENES Y SIMPLES DELITOS QUE AFECTAN DERECHOS GARANTIDOS POR LA CONSTITUCIÓN,20221,Secuestro,alta,"El delito CNP se describe como secuestro con solicitud de rescate o exigencia o que se prolongue por más de 24 horas, lo que coincide con la definición de secuestro en el ICCS 20221, que incluye la intención de exigir un provecho ilícito. No se aplican exclusiones que descarten este código, ya que el delito no corresponde a secuestro de menores, toma de rehenes ni otros casos excluidos.",
249,Secuestro por más de 15 días o con grave daño en la persona o sus intereses,Secuestro que se extiende por más de quince días o si de ello resultare un daño grave en la persona o intereses del secuestrado,CRÍMENES Y SIMPLES DELITOS QUE AFECTAN DERECHOS GARANTIDOS POR LA CONSTITUCIÓN,20221,Secuestro,alta,"El delito CNP corresponde a secuestro con duración superior a 15 días o daño grave, lo cual se alinea con la definición de 'Secuestro' en el ICCS 20221. Este código incluye secuestro con finalidad económica o para obligar a alguien, lo que coincide con el móvil del delito. No se aplican exclusiones que descarten este código, ya que el delito no corresponde a secuestro de menores, trata de personas, ni toma de rehenes.",Secuestro de menores (02021); trata de personas (0204); adopción ilegal (020291); toma de rehenes (020222); aplicar todas las exclusiones enumeradas en 02022
299,Otros delitos que afectan los derechos garantidos por la Constitución,Sin descripción,CRÍMENES Y SIMPLES DELITOS QUE AFECTAN DERECHOS GARANTIDOS POR LA CONSTITUCIÓN,NINGUNO,,alta,"El delito CNP 299 no tiene descripción y se refiere a 'otros delitos que afectan los derechos garantidos por la Constitución', lo cual es muy general. Ninguno de los candidatos ICCS se ajusta directamente a esta glosa sin ser demasiado específico o inaplicable por exclusiones. Por ejemplo, el código 503 se refiere a propiedad intelectual, que no se menciona en el CNP 299. Los demás candidatos se refieren a delitos específicos como discriminación, violaciones laborales, etc., que no coinciden con la generalidad del delito CNP 299.",
301,Falsificación de moneda y otros,"Fabricación de monedas ya sean de curso legal o no, sin la debida autorización.","CONTRA LA FE PÚBLICA, DE LAS FALSIFICACIONES, DEL FALSO TESTIMONIO Y DEL PERJURIO",70211,Falsificación de medios de pago en efectivo,alta,"El delito CNP se refiere a la fabricación de monedas, ya sean de curso legal o no, sin autorización. El código ICCS 70211 se enfoca en la falsificación de medios de pago en efectivo, que incluye la creación o alteración fraudulenta de billetes y monedas, lo cual coincide directamente con la descripción del delito CNP. Además, las exclusiones de 70211 no descartan el delito CNP, ya que se refiere específicamente a monedas y billetes, no a otros medios de pago.",
302,Falsificación o uso malicioso de documentos públicos,Alteración de la autenticidad o veracidad de un documento público o hacer uso malicioso de él. No contempla falsificación de certificado artículos 203-205.,"CONTRA LA FE PÚBLICA, DE LAS FALSIFICACIONES, DEL FALSO TESTIMONIO Y DEL PERJURIO",7023,Actos de falsificación de documentos,alta,"El delito CNP se refiere a la falsificación o uso malicioso de documentos públicos, lo cual se alinea directamente con la glosa de 7023 que abarca la falsificación de documentos. Las inclusiones de 7023 también abarcan el uso malicioso de documentos falsificados, lo que coincide con la descripción del delito CNP. No se aplican exclusiones que descarten este código.",
303,Falsificación o uso malicioso de documentos privados,"Alteración de la autenticidad o veracidad de un documento privado, o hacer uso malicioso de él.","CONTRA LA FE PÚBLICA, DE LAS FALSIFICACIONES, DEL FALSO TESTIMONIO Y DEL PERJURIO",7023,Actos de falsificación de documentos,alta,"El delito CNP se refiere a la falsificación o uso malicioso de documentos privados, lo cual se alinea con la definición de 'Actos de falsificación de documentos' en el ICCS 7023. Las inclusiones de este código abarcan la alteración o falsificación de documentos privados, lo que coincide con el delito nacional. No se aplican exclusiones que descarten este código.",
304,Falsificación o uso de pasaportes o permisos para porte de armas,"Empleado público que expidiere un pasaporte o permiso para porte de armas falso, bajo nombre supuesto, en blanco o mudare el nombre de la persona a la cual se otorgó. El que hiciere un pasaporte o porte de armas falso o al que en uno verdadero mudare el nombre de la persona a cuyo favor de halle expedido, de la autoridad que lo expidió o que altere en él alguna circunstancia esencial. El que hiciere uso del pasaporte o porte de armas falso.","CONTRA LA FE PÚBLICA, DE LAS FALSIFICACIONES, DEL FALSO TESTIMONIO Y DEL PERJURIO",7023,Actos de falsificación de documentos,alta,"El delito CNP se refiere a la falsificación o uso de pasaportes o permisos para porte de armas, lo cual se alinea directamente con la glosa de 7023: 'Actos de falsificación de documentos', que incluye la falsificación de pasaportes. Las exclusiones de 7023 no aplican al delito CNP, ya que no se trata de documentos de identidad alterados o falsificados para entrar ilegalmente en un Estado, ni de violaciones del derecho de autor.",
305,Falsificación de portes de armas,,"CONTRA LA FE PÚBLICA, DE LAS FALSIFICACIONES, DEL FALSO TESTIMONIO Y DEL PERJURIO",702,Falsificación,alta,"El delito CNP se refiere a la falsificación de portes de armas, lo cual se alinea con la definición de falsificación en el ICCS 702, que abarca la creación, fabricación, venta, traslado o posesión de una imitación no autorizada de productos. No se aplican exclusiones que descarten este delito, ya que no se menciona la creación de identidad falsa, visados falsificados o propiedad intelectual, que son exclusiones del ICCS 702.",
306,"Falso testimonio, perjurio o denuncia calumniosa","ART. 206: El testigo, perito o intérprete que ante un tribunal faltare a la verdad en su declaración, informe o traducción en proceso civil, penal o por falta. ART. 209: El falso testimonio. El que declara algo distinto a lo que ha percibido, en un proceso criminal o civil. ART. 210: El que ante la autoridad o sus agentes perjurare o diere falso testimonio en materia que no sea contenciosa. ART. 211: El que maliciosamente presentare una denuncia por la cual se impute falsamente a otra persona un hecho determinado constitutivo de delito, infracción administrativa o infracción disciplinaria. Se entenderá también que denuncia el que presenta querella o formula acusación particular en un proceso penal.","CONTRA LA FE PÚBLICA, DE LAS FALSIFICACIONES, DEL FALSO TESTIMONIO Y DEL PERJURIO",8061,Obstrucción de la justicia,alta,"El delito CNP se relaciona con el rendimiento de testimonio falso o perjurio, lo cual se alinea con la definición de 'Obstrucción de la justicia' en el ICCS 8061, que incluye el rendir testimonio falso o perjurio. Esta categoría es la más precisa al abordar el móvil del delito, que es la falsedad intencional en el testimonio.",
307,"Presentación de peritos, testigos o intérpretes que faltaren a la verdad o documentos falsos",Presentar en un juicio civil o criminal testigos o documentos falsos.,"CONTRA LA FE PÚBLICA, DE LAS FALSIFICACIONES, DEL FALSO TESTIMONIO Y DEL PERJURIO",8061,Obstrucción de la justicia,alta,"El delito CNP se refiere a la presentación de testigos o documentos falsos en un juicio, lo cual se alinea con la descripción de 'Obstrucción de la justicia' en el ICCS 8061, que incluye la falsedad de testimonios. Las exclusiones de 7023 y 702 no aplican ya que no se refieren a la falsedad de testimonios, sino a documentos falsificados. La sección ICCS de 8061 (Actos contra el orden público, la autoridad y las disposiciones del Estado) es compatible con el marco del delito CNP.",
308,Ejercicio ilegal de la profesión,"Simular autoridad, ser funcionario público o tener una profesión que por Ley requiera de un título o cumplir con ciertos requisitos y ejercer actos propios de dichos cargos o profesiones.","CONTRA LA FE PÚBLICA, DE LAS FALSIFICACIONES, DEL FALSO TESTIMONIO Y DEL PERJURIO",7019,Otros actos de fraude,alta,"El delito CNP se refiere al ejercicio ilegal de una profesión, lo que se alinea con la inclusión de 'ejercicio de un oficio o profesión sin licencia o sin estar registrado' en el código ICCS 7019. Además, la sección ICCS (Actos que conllevan fraude, engano o corrupción) es compatible con el marco legal del delito. No se aplican exclusiones que descarten este código.",
309,Usurpación de nombre,Fingir o simular tener el nombre que pertenece a otra persona.,"CONTRA LA FE PÚBLICA, DE LAS FALSIFICACIONES, DEL FALSO TESTIMONIO Y DEL PERJURIO",7023,Actos de falsificación de documentos,alta,"El delito CNP (usurpación de nombre) se ajusta a la definición de 'actos de falsificación de documentos' en el ICCS 7023, ya que implica fingir tener un nombre que pertenece a otra persona, lo cual puede considerarse una alteración de documentos o identidad. No se aplican exclusiones que descarten este código.",
310,Fingimiento de cargos o profesiones,Fingir autoridad o funcionario público y ejerciere actos propios de este cargo,"CONTRA LA FE PÚBLICA, DE LAS FALSIFICACIONES, DEL FALSO TESTIMONIO Y DEL PERJURIO",7033,Abuso de funciones,alta,"El delito CNP implica fingir autoridad y ejercer actos propios de un cargo público, lo cual se alinea con el abuso de funciones descrito en el ICCS 7033. No se aplican exclusiones relevantes que descarten este código.",
311,Falsificación de licencias médicas o pensiones,"Castiga al que incurra en alguna de las falsedades del artículo 193 en otorgamiento, obtención o tramitación de licencias médicas o declaraciones de invalidez, agravado en caso de ser un facultativo.","CONTRA LA FE PÚBLICA, DE LAS FALSIFICACIONES, DEL FALSO TESTIMONIO Y DEL PERJURIO",7023,Actos de falsificación de documentos,alta,"El delito CNP se refiere a la falsificación de licencias médicas o pensiones, lo cual se alinea con la falsificación de documentos. El código ICCS 7023 abarca la falsificación de documentos, incluyendo licencias médicas, y sus inclusiones coinciden con la descripción del delito. No se aplican exclusiones que descarten este código.",
312,"Falsificación de certificados por funcionarios públicos, privados y uso malicioso","Sanciona al empleado público que librare certificación falsa de méritos o servicios, de buena conducta, de pobreza, o de otras circunstancias semejantes de recomendación. Sanciona al que falsificare un documento de la clase designada en los dos artículos anteriores. Esta disposición es aplicable al que maliciosamente usare, con el mismo fin, de los documentos falsos. Sanciona al que falsificare certificados de funcionarios públicos que puedan comprometer intereses públicos o privados. También se castiga si el certificado ha sido falsificado por un particular.","CONTRA LA FE PÚBLICA, DE LAS FALSIFICACIONES, DEL FALSO TESTIMONIO Y DEL PERJURIO",7023,Actos de falsificación de documentos,alta,"El delito CNP se refiere a la falsificación de documentos, lo cual se alinea directamente con la glosa de 7023: 'Actos de falsificación de documentos'. La descripción del delito incluye la falsificación de certificados, lo que se ajusta a la definición de 7023. Además, las inclusiones de 7023 mencionan la falsificación de documentos, lo cual es compatible con el delito nacional. No se aplican exclusiones que descarten este código.",
399,"Otros delitos contra la fe pública, de las falsificaciones, del falso testimonio y del perjurio",Sin descripción,"CONTRA LA FE PÚBLICA, DE LAS FALSIFICACIONES, DEL FALSO TESTIMONIO Y DEL PERJURIO",8061,Obstrucción de la justicia,alta,"El delito CNP 399 se refiere a otros delitos contra la fe pública, falsificaciones, falso testimonio y perjurio. El código ICCS 8061 corresponde a la obstrucción de la justicia, que incluye el rendir testimonio falso o perjurio, lo cual coincide directamente con la glosa del delito CNP. Las exclusiones no descartan este código, y la sección ICCS (Actos contra el orden público, la autoridad y las disposiciones del Estado) es compatible con el marco jurídico del delito CNP.",
401,Anticipación y prolongación indebida de funciones pública,,CRÍMENES Y SIMPLES DELITOS COMETIDOS POR EMPLEADOS PÚBLICOS EN EL DESEMPEÑO DE SUS CARGOS,7033,Abuso de funciones,alta,"El delito CNP se describe como anticipación y prolongación indebida de funciones públicas, lo cual se alinea con la definición de 'Abuso de funciones' en el ICCS 7033, que abarca la realización u omisión de un acto en violación de la ley por parte de un funcionario público en el ejercicio de sus funciones. No se aplican exclusiones que descarten este código.",
402,Nombramientos ilegales,Empleado público que nombrare o propusiere para cargo público a persona que se encuentre afecta a inhabilidad legal que le impida ejercerlo.,COMETIDOS POR EMPLEADOS PÚBLICOS EN EL DESEMPEÑO DE SUS CARGOS,7033,Abuso de funciones,alta,"El delito CNP 402 se refiere a la nombración ilegal de personas inhabilitadas para ejercer cargos públicos. Este acto se enmarca en el abuso de funciones por parte de un funcionario público, lo cual se describe en el ICCS 7033. La sección ICCS correspondiente (Actos que conllevan fraude, engano o corrupción) es compatible con el marco legal del delito. No se aplican exclusiones que descarten este código.",
403,Usurpación de atribuciones de empleados públicos y judiciales,,CRÍMENES Y SIMPLES DELITOS COMETIDOS POR EMPLEADOS PÚBLICOS EN EL DESEMPEÑO DE SUS CARGOS,7033,Abuso de funciones,alta,"El delito CNP se refiere a la usurpación de atribuciones de empleados públicos, lo que se alinea con el abuso de funciones descrito en el ICCS 7033. Este código abarca la realización u omisión de un acto en violación de la ley por parte de un funcionario público en el ejercicio de sus funciones, lo cual coincide con el móvil del delito. No se aplican exclusiones que descarten este código.",
404,Prevaricación judicial y administrativa,"Torcida administración de justicia, se refiere a funcionarios judiciales que cometieren infracción grave en la aplicación de la Ley.",COMETIDOS POR EMPLEADOS PÚBLICOS EN EL DESEMPEÑO DE SUS CARGOS,806,Actos contra el sistema de justicia,alta,"El delito CNP 404 se refiere a la prevaricación judicial y administrativa, que implica la torcida administración de justicia por funcionarios. El código ICCS 806 abarca actos contrarios al funcionamiento del sistema de justicia, lo cual incluye la prevaricación. Las exclusiones de 806 no aplican al delito descrito. La sección ICCS es compatible con el marco del delito.",
405,Prevaricación del abogado y procurador,"Abogado o procurador que perjudicare a su cliente o descubriere sus secretos, o que patrocinare en un juicio a ambas partes.",COMETIDOS POR EMPLEADOS PÚBLICOS EN EL DESEMPEÑO DE SUS CARGOS,7033,Abuso de funciones,alta,"El delito CNP 405 se refiere a la prevaricación de abogados y procuradores, que incluye actos como patrocinio en un juicio a ambas partes. Esto se alinea con el concepto de abuso de funciones en el ICCS 7033, que abarca la realización u omisión de un acto en violación de la ley por parte de un funcionario público en el ejercicio de sus funciones, con el fin de obtener un beneficio indebido. La sección ICCS correspondiente (Actos que conllevan fraude, engano o corrupción) es compatible con el marco jurídico del delito CNP. Además, las exclusiones de otros candidatos como 703 (corrupción) y 8061 (obstrucción de la justicia) no aplican directamente al delito descrito.",
406,Malversación de caudales públicos,"Apropiación de caudales públicos: empleado público que teniendo a su cargo caudales o efectos públicos o de particulares, los substraiga o consienta que otro lo haga, o que por su negligencia o abandono diere lugar a que otro lo sustraiga. Distracción o uso ilegítimo de caudales públicos: empleado público que ocupe en su beneficio o ajeno caudales públicos. Destinación de caudales públicos a fines públicos diferentes de los autorizados por la ley",COMETIDOS POR EMPLEADOS PÚBLICOS EN EL DESEMPEÑO DE SUS CARGOS,7032,Malversación o peculado,alta,"El delito CNP se describe como la apropiación de caudales públicos por parte de un empleado público, lo que coincide directamente con la definición de 'Malversación o peculado' en el ICCS 7032. La sección ICCS correspondiente (Actos que conllevan fraude, engano o corrupción) también se alinea con el marco jurídico del delito. No se aplican exclusiones que descarten este candidato.",
407,Fraudes al Fisco y organismos del Estado (Art. 239),,CRÍMENES Y SIMPLES DELITOS COMETIDOS POR EMPLEADOS PÚBLICOS EN EL DESEMPEÑO DE SUS CARGOS,7032,Malversación o peculado,alta,"El delito CNP se refiere a fraude al Fisco y organismos del Estado, lo cual se alinea con la definición de malversación o peculado en el ICCS 7032, que incluye la apropiación indebida de bienes confiados a un funcionario público. Las exclusiones del ICCS 7032 no aplican al delito descrito, ya que no se trata de fraude fiscal ni de transacciones financieras para obtener provecho personal.",
408,Infidelidad en la custodia de documentos,"Empleado público que no guardare fielmente los papeles y documentos que estén bajo su cargo, que sustraiga o destruya documentos o papeles, quebrante los sellos o consienta en su quebrantamiento, abriere o consintiere que se abran, sin la autorización competente.",COMETIDOS POR EMPLEADOS PÚBLICOS EN EL DESEMPEÑO DE SUS CARGOS,809,"Otros actos contra el orden público, la autoridad y las disposiciones del Estado",alta,"El delito CNP se relaciona con la falta de custodia de documentos por parte de un empleado público, lo cual se ajusta a la sección ICCS 809 que abarca actos contra el orden público, la autoridad y las disposiciones del Estado. No hay exclusión que descarte este delito, ya que no se trata de actos de falsificación, secuestro, ni violencia contra personas.",
409,Violación de secretos,"Sanciona al empleado público que revelare los secretos de que tenga conocimiento por razón de su oficio o entregare indebidamente papeles o copia de papeles que tenga a su cargo y no deban ser publicados; indebidamente anticipare en cualquier forma el conocimiento de documentos, actos o papeles que tenga a su cargo y que deban ser publicados; Asimismo, sanciona al funcionario público que revelare o consintiere que otro tomare conocimiento de uno o más hechos ventilados en un procedimiento judicial o administrativo sancionatorio o disciplinario en el cual le hubiere correspondido intervenir bajo un deber de reserva. Empleado público que descubriere los secretos de un particular con perjuicio de éste y que conociera por razón de su cargo. Profesionales o particulares que violen secretos confiados en razón de su profesión o cargo. El empleado público que, haciendo uso de un secreto o información concreta reservada, de que tenga conocimiento en razón de su cargo, obtuviere un beneficio económico para sí o para un tercero. Los que, ejerciendo alguna de las profesiones que requieren título, obtuvieren un beneficio económico para sí o para un tercero haciendo uso de los secretos que por razón de su profesión se les hubiere confiado.",COMETIDOS POR EMPLEADOS PÚBLICOS EN EL DESEMPEÑO DE SUS CARGOS,904,Actos contra la seguridad del Estado,alta,"El delito CNP 409 se relaciona con la revelación de secretos oficiales, lo cual se incluye en el ICCS 904 como 'Actos contra la seguridad del Estado'. La sección ICCS es compatible, y no hay exclusiones que descarten este delito.",
410,Cohecho cometido por empleado público,"Sanciona al empleado público que en razón de su cargo solicitare o aceptare un beneficio económico o de otra naturaleza al que no tiene derecho, para sí o un tercero. Así como, el empleado público que solicitare o aceptare recibir mayores derechos de los que le corresponden, o un beneficio económico o de otra naturaleza, para sí o terceros para ejecutar u omitir, o por haber ejecutado u omitido, un acto propio de su cargo, o para ejecutar o por haber ejecutado un acto con infracción a sus deberes, o para cometer crímenes y/o simples delitos en el desempeño de su cargo.",COMETIDOS POR EMPLEADOS PÚBLICOS EN EL DESEMPEÑO DE SUS CARGOS,7033,Abuso de funciones,alta,"El delito CNP se relaciona con el abuso de funciones por parte de un empleado público, lo cual se alinea directamente con la definición de 'Abuso de funciones' en el ICCS 7033. Este código abarca la realización u omisión de un acto en violación de la ley por parte de un funcionario público con el fin de obtener un beneficio indebido, lo cual coincide con la descripción del delito CNP. No se aplican exclusiones que descarten este código.",
411,Cohecho o soborno cometido por particular,"Sanciona a la persona que diere, ofreciere o consintiere en dar a un empleado público un beneficio económico o de otra naturaleza, en provecho de éste o de un tercero, en razón del cargo del empleado público, en los términos del inciso primero del artículo 248 (cohecho en razón del cargo), o para que realice las acciones o incurra en las omisiones señaladas en los artículos 248 inciso segundo (cohecho por actos propios del cargo), 248 bis y 249 (figuras agravadas de cohecho), o por haberlas realizado o haber incurrido en ellas.",COMETIDOS POR EMPLEADOS PÚBLICOS EN EL DESEMPEÑO DE SUS CARGOS,7031,Soborno,alta,"El delito CNP se describe como la entrega de un beneficio a un empleado público para que realice una acción o omisión en razón de su cargo, lo que coincide con la definición de 'soborno activo' en el ICCS 7031. El movil del delito es la entrega de un beneficio indebido para influir en el desempeño de funciones públicas.",
412,Denegación de auxilio,,CRÍMENES Y SIMPLES DELITOS COMETIDOS POR EMPLEADOS PÚBLICOS EN EL DESEMPEÑO DE SUS CARGOS,7033,Abuso de funciones,alta,"El delito CNP 412, 'Denegación de auxilio', se relaciona con la omisión de un acto en el ejercicio de funciones públicas, lo que coincide con la definición de 'Abuso de funciones' en el ICCS 7033. Esta sección corresponde a actos que conllevan fraude, engaño o corrupción, lo que se alinea con el marco jurídico del delito. No se aplican exclusiones que descarten este candidato.",
413,Abandono de destino,"Empleado que abandona su destino sin previa renuncia o, renunciando a él, no espera un plazo prudente para su reemplazo.",COMETIDOS POR EMPLEADOS PÚBLICOS EN EL DESEMPEÑO DE SUS CARGOS,8082,Violaciones del derecho laboral individual,alta,"El delito CNP corresponde a un abandono de destino por parte de un empleado público, lo que se ajusta a las violaciones del derecho laboral individual, descrito en el ICCS 8082. Este código incluye traslado arbitrario del empleo y despido arbitrario, que son relevantes para el abandono de destino sin reemplazo. No se aplican exclusiones que descarten este delito.",
414,"Abusos contra particulares Arts. 255, 256, 257, 258 y 259",,CRÍMENES Y SIMPLES DELITOS COMETIDOS POR EMPLEADOS PÚBLICOS EN EL DESEMPEÑO DE SUS CARGOS,7033,Abuso de funciones,alta,"El delito CNP 414 se refiere a abusos contra particulares cometidos por empleados públicos en el desempeño de sus cargos, lo cual se alinea con el ICCS 7033 (Abuso de funciones), que describe la realización u omisión de un acto en violación de la ley por parte de un funcionario público con el fin de obtener un beneficio indebido. Las inclusiones del ICCS 7033, como el abuso de autoridad, coinciden con la descripción del delito nacional.",Aplicar todas las exclusiones enumeradas en 0703
415,Negociación incompatible,"Sanciona al empleado público que directa o indirectamente se interesare en cualquier negociación, actuación, contrato, operación o gestión en la cual hubiere de intervenir en razón de su cargo.",COMETIDOS POR EMPLEADOS PÚBLICOS EN EL DESEMPEÑO DE SUS CARGOS,7032,Malversación o peculado,alta,"El delito CNP 415 se refiere a la negociación incompatible por parte de un empleado público, lo que se alinea con la definición de malversación o peculado en el ICCS 7032, que abarca la desviación de bienes o fondos confiados a un funcionario público. No hay exclusiones que descarten este delito en el contexto del ICCS 7032.",
416,Tráfico de influencias,"Empleado público quien con interés directo o indirecto en alguna operación o contrato en el que deba intervenir otro empleado público, ejerce influencia en él para obtener una decisión favorable a sus intereses.",COMETIDOS POR EMPLEADOS PÚBLICOS EN EL DESEMPEÑO DE SUS CARGOS,7034,Tráfico de influencias,alta,"El delito CNP se describe como el ejercicio de influencia por parte de un empleado público para obtener una decisión favorable a sus intereses. El código ICCS 7034 se refiere específicamente al tráfico de influencias, que incluye la promesa, ofrecimiento o concesión de un beneficio indebido para obtener una decisión favorable, lo cual coincide directamente con la definición del delito CNP. No se aplican exclusiones que descarten este código.",
417,Exacciones ilegales cometidas por funcionario público,Todo empleado público que sin derecho exigiere una contribución o de un servicio personal.,COMETIDOS POR EMPLEADOS PÚBLICOS EN EL DESEMPEÑO DE SUS CARGOS,7033,Abuso de funciones,alta,"El delito CNP se refiere a exacciones ilegales cometidas por funcionario público, lo que se alinea con el abuso de funciones como se describe en el código ICCS 7033. Este código abarca la realización u omisión de un acto en violación de la ley por parte de un funcionario público en el ejercicio de sus funciones, con el fin de obtener un beneficio indebido. La sección ICCS correspondiente (Actos que conllevan fraude, engano o corrupción) es compatible con el marco jurídico del delito CNP. No se aplican exclusiones que descarten este código.",
418,Enriquecimiento ilícito,"Todo empleado público que directa o indirectamente exigiere mayores derechos de los que le correspondieren, o un beneficio económico que no correspondiere para sí o un tercero para ejecutar o por haber ejecutado un acto propio de su cargo. El empleado público que durante el ejercicio de su cargo obtenga un incremento patrimonial relevante e injustificado",COMETIDOS POR EMPLEADOS PÚBLICOS EN EL DESEMPEÑO DE SUS CARGOS,7035,Enriquecimiento ilícito,alta,"El delito CNP se describe como enriquecimiento ilícito por parte de un empleado público, lo cual coincide directamente con la definición de 'Enriquecimiento ilícito' en el ICCS 7035. La sección ICCS (Actos que conllevan fraude, engano o corrupción) es compatible con el marco jurídico del delito. No se aplican exclusiones que descarten este código.",
419,Fraudes al Fisco y organismos del Estado,Fraude: empleado público que defraudare o consintiere defraudar al fisco u otras instituciones de carácter publico,COMETIDOS POR EMPLEADOS PÚBLICOS EN EL DESEMPEÑO DE SUS CARGOS,70111,Fraude financiero contra el Estado,alta,"El delito CNP 419 se refiere a fraude cometido por empleados públicos en el desempeño de sus cargos, lo cual se alinea con el ICCS 70111 (Fraude financiero contra el Estado), que excluye el fraude fiscal y fraude a la seguridad social, pero incluye fraude en las adquisiciones y fraude de contratistas, lo cual es compatible con el contexto del fraude cometido por empleados públicos.",fraude fiscal y fraude a la seguridad social (08041)
420,Abusos contra particulares,"Sanciona al empleado público que, desempeñando un acto del servicio, cometiere cualquier vejación injusta contra las personas o en contra de una persona menor de edad o en situación de vulnerabilidad por discapacidad, enfermedad o vejez; o en contra de una persona que se encuentre bajo el cuidado, custodia o control del empleado público.",COMETIDOS POR EMPLEADOS PÚBLICOS EN EL DESEMPEÑO DE SUS CARGOS,2061,Negligencia en situaciones de personas bajo cuidado,alta,"El delito CNP se centra en la negligencia de un empleado público en el cuidado de personas en situación de vulnerabilidad. El código ICCS 2061 aborda la negligencia en situaciones de personas bajo cuidado, lo cual se alinea directamente con la descripción del delito. Las exclusiones no descartan este delito, ya que no se menciona explícitamente en las exclusiones del código.",
421,Otros abusos contra particulares,"Sanciona al empleado público del orden administrativo que maliciosamente retardare o negare a los particulares la protección o servicio que deba dispensarles en conformidad a las Leyes y reglamentos, que arbitrariamente rehusare dar certificación o testimonio, o impidiere la presentación o el curso de una solicitud, o que solicitare a persona que tenga pretensiones pendientes de su resolución.",COMETIDOS POR EMPLEADOS PÚBLICOS EN EL DESEMPEÑO DE SUS CARGOS,7033,Abuso de funciones,alta,"El delito CNP describe un abuso de funciones por parte de un empleado público, lo que coincide directamente con la definición de 'Abuso de funciones' en el ICCS 7033. La sección ICCS correspondiente (Actos que conllevan fraude, engano o corrupción) también se alinea con el marco legal del delito nacional. No se aplican exclusiones que descarten este código.",
422,Soborno de funcionario público extranjero. Persona natural,"Sanciona a la persona que, con el propósito de obtener o mantener para sí o para un tercero cualquier negocio o ventaja en el ámbito de cualesquiera transacciones internacionales o de una actividad económica desempeñada en el extranjero, ofreciere, prometiere, diere o consintiere en dar a un funcionario público extranjero un beneficio económico o de otra naturaleza en provecho de éste o de un tercero, en razón del cargo del funcionario, o para que omita o ejecute, o por haber omitido o ejecutado, un acto propio de su cargo o con infracción a los deberes de su cargo.",COMETIDOS POR EMPLEADOS PÚBLICOS EN EL DESEMPEÑO DE SUS CARGOS,7031,Soborno,alta,"El delito CNP se ajusta a la definición de soborno según la ICCS 7031, que incluye el ofrecimiento o concesión de un beneficio indebido a un funcionario público con el fin de que actúe o se abstenga de actuar en el cumplimiento de sus funciones. La ICCS 7031 también incluye el soborno de funcionarios públicos extranjeros, lo cual coincide con el delito CNP. No se aplican exclusiones que descarten este código.",
423,"Soborno, artículo 250. Persona jurídica","Sanciona a la persona jurídica que ofreciere o consintiere en dar a un empleado público un beneficio económico, en provecho de éste o de un tercero para omitir o por haber omitido un acto debido propio de su cargo, o para ejecutar o por haber ejecutado un acto con infracción a los deberes del cargo o por haberlas realizado o haber incurrido en ellas (en relación al artículo 1° de la Ley 20.393).",COMETIDOS POR EMPLEADOS PÚBLICOS EN EL DESEMPEÑO DE SUS CARGOS,7031,Soborno,alta,"El delito CNP describe la acción de ofrecer o consentir en dar un beneficio económico a un empleado público para omitir o ejecutar un acto con infracción a los deberes del cargo, lo cual se alinea con la definición de 'soborno' en el ICCS 7031. Este código abarca el ofrecimiento o concesión de un beneficio indebido con el fin de que el funcionario actúe o se abstenga de actuar en el cumplimiento de sus funciones oficiales, lo que coincide con el móvil del delito descrito.",
424,Soborno de funcionario público extranjero. Persona jurídica,"Sanciona a la persona jurídica que ofreciere, prometiere o diere a un funcionario público extranjero, un beneficio económico o de otra naturaleza, en provecho de éste o de un tercero, para que realice una acción o incurra en una omisión con miras a la obtención o mantención, para sí u otro, de cualquier negocio o ventaja indebidos en el ámbito de cualesquiera transacciones internacionales, y el ofreciere dar el aludido beneficio a un funcionario público extranjero por haber realizado o haber incurrido en las acciones u omisiones señaladas. Asimismo, sanciona a la persona jurídica que, en iguales situaciones a las descritas en el inciso anterior, consintiere en dar el referido beneficio (en relación al artículo 1° de la Ley 20.393)",COMETIDOS POR EMPLEADOS PÚBLICOS EN EL DESEMPEÑO DE SUS CARGOS,7031,Soborno,alta,"El delito CNP se ajusta a la definición de soborno, ya que se trata de ofrecer un beneficio económico a un funcionario público extranjero para que realice una acción en provecho de un tercero. La glosa y la descripción del código ICCS 7031 coinciden con el delito nacional, y su sección ICCS (Actos que conllevan fraude, engano o corrupción) es compatible con el marco jurídico del delito. No se aplican exclusiones que descarten este código.",
425,Negociación incompatible por persona jurídica,"Se sanciona toda negociación, actuación, contrato, operación o gestión cometida por las personas indicadas en el artículo 240 del Código Penal, que involucre a la sociedad, incumpliendo las condiciones establecidas por la Ley, así como toda persona a quien le sean aplicables las normas que en materia de deberes se establecen para los directores o gerentes de estas sociedades. Las personas jurídicas serán responsables de los delitos que fueren cometidos directa e inmediatamente en su interés o para su provecho, por sus dueños, controladores, responsables, ejecutivos principales, representantes o quienes realicen actividades de administración y supervisión, siempre que la comisión del delito fuere consecuencia del incumplimiento, por parte de ésta, de los deberes de dirección y supervisión. Asimismo, serán responsables por los delitos cometidos por personas naturales que estén bajo la dirección o supervisión directa de alguno de los sujetos mencionados precedentemente.",COMETIDOS POR EMPLEADOS PÚBLICOS EN EL DESEMPEÑO DE SUS CARGOS,7033,Abuso de funciones,alta,"El delito CNP se refiere a la negocación incompatible por persona jurídica, que implica incumplimiento de deberes de dirección y supervisión. El código ICCS 7033 aborda el abuso de funciones por parte de un funcionario público o persona que dirija una entidad, lo cual se alinea con el incumplimiento de deberes de supervisión mencionado en el CNP. Además, la sección ICCS correspondiente (Actos que conllevan fraude, engaño o corrupción) es compatible con el marco jurídico del delito.",
426,Negociación incompatible de particulares,"Sanciona: - Al árbitro o el liquidador comercial que directa o indirectamente se interesare en cualquier negociación, actuación, contrato, operación o gestión en la cual hubiere de intervenir en relación con los bienes, cosas o intereses patrimoniales cuya adjudicación, partición o administración estuviere a su cargo. - Al veedor o liquidador en un procedimiento concursal que directa o indirectamente se interesare en cualquier negociación, actuación, contrato, operación o gestión en la cual hubiere de intervenir en relación con los bienes o intereses patrimoniales cuya salvaguardia o promoción le corresponda. - Al perito que directa o indirectamente se interesare en cualquier negociación, actuación, contrato, operación o gestión en la cual hubiere de intervenir en relación con los bienes o cosas cuya tasación le corresponda. - Al guardador o albacea que directa o indirectamente s - Al que tenga a su cargo la salvaguardia o la gestión de todo o parte del patrimonio de otra persona que estuviere impedida de administrarlo, que directa o indirectamente se interesare en cualquier negociación, actuación, contrato, operación o gestión en la cual hubiere de intervenir en relación con ese patrimonio, incumpliendo las condiciones establecidas en la ley.e interesare en cualquier negociación, actuación, contrato, operación o gestión en la cual hubiere de intervenir en relación con el patrimonio de los pupilos y las testamentarías a su cargo, incumpliendo las condiciones establecidas en la ley. - A las personas mencionadas precedentemente si, en las mismas circunstancias, dieren o dejaren tomar interés, debiendo impedirlo, a su cónyuge o conviviente civil, a un pariente en cualquier grado de la línea recta o hasta en el tercer grado inclusive de la línea colateral, sea por consanguinidad o afinidad. - A las personas mencionadas precedentemente si, en las mismas circunstancias, diere o dejare tomar interés, debiendo impedirlo, a terceros asociados con ella o con las personas indicadas en el inciso precedente, o a sociedades, asociaciones o empresas en las que ella misma, dichos terceros o esas personas ejerzan su administración en cualquier forma o tengan interés social, el cual deberá ser superior al diez por ciento si la sociedad fuere anónima. - Al director o gerente de una sociedad anónima abierta o especial que directa o indirectamente se interesare en cualquier negociación, actuación, contrato, operación o gestión que involucre a la sociedad, incumpliendo las condiciones establecidas por la ley, así como toda persona a quien le sean aplicables las normas que en materia de deberes se establecen para los directores o gerentes de estas sociedades. Asimismo, como también al director o gerente de una sociedad anónima abierta o especial que diere o dejare tomar interés a personas consideradas por la ley como partes relacionadas.",COMETIDOS POR EMPLEADOS PÚBLICOS EN EL DESEMPEÑO DE SUS CARGOS,7039,Otros actos de corrupción,alta,"El delito CNP se centra en el conflicto de intereses y la violación de deberes de personas en posiciones de confianza, lo que se alinea con la glosa de 7039 (Otros actos de corrupción). La sección ICCS (Actos que conllevan fraude, engano o corrupción) es compatible con el marco del delito. Además, las inclusiones de 7039 como 'conflicto de intereses' y 'apropiación deshonesta' coinciden con la descripción del delito CNP.",
429,Uso de información privilegiada,"El empleado público que, haciendo uso de un secreto o información concreta reservada, de que tenga conocimiento en razón de su cargo, obtuviere un beneficio económico para sí o para un tercero; sanciona también a los que, ejerciendo alguna de las profesiones que requieren título, obtuvieren un beneficio económico para sí o para un tercero haciendo uso de los secretos que por razón de su profesión se les hubiere confiado.",COMETIDOS POR EMPLEADOS PÚBLICOS EN EL DESEMPEÑO DE SUS CARGOS,8045,Manipulación del mercado o utilización indebida de información privilegiada,alta,"El delito CNP se refiere al uso de información privilegiada por parte de un empleado público, lo cual coincide directamente con la definición de 'Manipulación del mercado o utilización indebida de información privilegiada' en el ICCS 8045. Las exclusiones no descartan este delito, y la sección ICCS es compatible con el marco legal del delito.",
499,Otros delitos cometidos por empleados públicos en el desempeño de sus cargos,Sin descripción,COMETIDOS POR EMPLEADOS PÚBLICOS EN EL DESEMPEÑO DE SUS CARGOS,7033,Abuso de funciones,alta,"El delito CNP se refiere a actos cometidos por empleados públicos en el desempeño de sus cargos, lo cual se alinea con la definición de 'Abuso de funciones' en el ICCS 7033, que incluye la realización u omisión de un acto en violación de la ley por parte de un funcionario público en el ejercicio de sus funciones. No hay exclusiones que descarten este candidato.",
501,Desórdenes públicos,Turbar gravemente la tranquilidad pública con algún fin reprobado.,CONTRA EL ORDEN Y LA SEGURIDAD PÚBLICA COMETIDO POR PARTICULARES,8012,Actos relacionados con las normas y preceptos sociales y religiosos orientados al mantenimiento del orden público,alta,"El delito CNP 501 (Desórdenes públicos) se alinea directamente con la glosa de 8012, que abarca la perturbación de la tranquilidad pública. Las inclusiones de 8012, como 'perturbación de la tranquilidad pública', coinciden con la descripción del delito. No hay exclusiones que descarten el CNP 501 en este código.",
502,Obstrucción a la investigación,"Obstaculizar el esclarecimiento de un hecho punible o la determinación de sus responsables, mediante la aportación de antecedentes falsos que condujeren al Ministerio Público a realizar u omitir actuaciones de la investigación. Asimismo, sanciona al funcionario policial, el fiscal del Ministerio Público, o el abogado asistente del fiscal, en su caso, que a sabiendas ocultare, alterare o destruyere cualquier antecedente, objeto o documento que permita establecer la existencia o inexistencia de un delito, la participación punible en él de alguna persona o su inocencia, o que pueda servir para la determinación de la pena.",CONTRA EL ORDEN Y LA SEGURIDAD PÚBLICA COMETIDO POR PARTICULARES,8061,Obstrucción de la justicia,alta,"El delito CNP 502 se enfoca en obstaculizar el esclarecimiento de un hecho punible mediante la aportación de antecedentes falsos, lo cual se alinea directamente con la definición de 'Obstrucción de la justicia' en el ICCS 8061. Esta categoría incluye la alteración o destrucción de pruebas, lo que coincide con la descripción del delito nacional. No se aplican exclusiones que descarten este código.",
503,Rotura de sellos,Romper sellos puestos por orden de la autoridad.,CONTRA EL ORDEN Y LA SEGURIDAD PÚBLICA COMETIDO POR PARTICULARES,809,"Otros actos contra el orden público, la autoridad y las disposiciones del Estado",alta,"El delito CNP 503 (Rotura de sellos) se ajusta a la descripción de 809, que abarca actos contra el orden público, la autoridad y las disposiciones del Estado no descritos en otras categorías. No hay exclusiones que descarten este delito en el contexto de 809.",
504,Crímenes y simples delitos de los proveedores,,CRÍMENES Y SIMPLES DELITOS COMETIDOS POR EMPLEADOS PÚBLICOS EN EL DESEMPEÑO DE SUS CARGOS,7032,Malversación o peculado,alta,"El delito CNP 504 se refiere a la comisión de crímenes y simples delitos por parte de proveedores, lo cual se alinea con la definición de malversación o peculado en el ICCS 7032, que abarca la apropiación indebida de bienes confiados a una persona en su cargo. La sección ICCS correspondiente (Actos que conllevan fraude, engaño o corrupción) también coincide con el marco jurídico del delito CNP.",
505,"Lotería ilegal, casas de juego y préstamo sobre prenda","Loterías, casas de juegos y préstamos sobre prendas no autorizados por Ley.",CONTRA EL ORDEN Y LA SEGURIDAD PÚBLICA COMETIDO POR PARTICULARES,8043,Actos contrarios a las disposiciones sobre apuestas,alta,"El delito CNP (lotería ilegal, casas de juego y préstamo sobre prenda) se relaciona directamente con actividades ilegales de juego y apuestas, lo cual coincide con la glosa de 8043: 'Actos contrarios a las disposiciones sobre apuestas'. Además, la sección ICCS (Actos contra el orden público, la autoridad y las disposiciones del Estado) es compatible con el marco jurídico del delito. No se aplican exclusiones que descarten este código.",
506,"Violación, revelación y/o aprovechamiento de secretos comerciales",Sanciona al que sin el consentimiento de su legítimo poseedor accediere a un secreto comercial mediante intromisión indebida con el propósito de revelarlo o aprovecharse económicamente de él.,CONTRA EL ORDEN Y LA SEGURIDAD PÚBLICA COMETIDO POR PARTICULARES,8042,Actos contrarios a disposiciones comerciales o financieras,alta,"El delito CNP se centra en la violación de secretos comerciales mediante intromisión indebida, lo cual se alinea con el código ICCS 8042 que abarca actos contrarios a disposiciones comerciales o financieras. Aunque el código 8045 también menciona información privilegiada, su sección ICCS es más específica en el ámbito financiero, mientras que el delito CNP se enmarca en el ámbito comercial. Además, el código 2111 (invasión de la intimidad) no es aplicable por no tener relación con secretos comerciales. El código 503 (delitos contra la propiedad intelectual) tampoco es adecuado ya que no abarca la intromisión indebida en secretos comerciales.",exclusiones de 8042 que descartan actos contra la propiedad intelectual y otros delitos relacionados con fraude
507,Alteración fraudulenta de precios,"Sanciona al que por medios fraudulentos alterare el precio natural del trabajo, géneros, mercaderías o cualquier otra cosa objeto de contratación.",CONTRA EL ORDEN Y LA SEGURIDAD PÚBLICA COMETIDO POR PARTICULARES,702,Falsificación,alta,"El delito CNP 507 se refiere a la alteración fraudulenta de precios, lo cual se alinea con la definición de falsificación en el ICCS 702, que abarca la creación o alteración fraudulenta de bienes. No hay exclusiones que descarten este código para el delito descrito.",
508,"Propagación de enfermedades que afecten a la salud animal o vegetal; elementos químicos, bacteriológicos, radioactivos","Propagar alguna enfermedad animal o plaga vegetal, organismos, productos, elementos o agentes químicos, virales, bacteriológicos, radiactivos, o de cualquier otro orden que por su naturaleza sean susceptibles de poner en peligro la salud animal o vegetal.",CONTRA EL ORDEN Y LA SEGURIDAD PÚBLICA COMETIDO POR PARTICULARES,902,Actos contra la salud y la seguridad,alta,"El delito CNP 508 se enfoca en la propagación de enfermedades que afectan a la salud animal o vegetal, incluyendo agentes químicos, bacteriológicos o radiactivos. El código ICCS 902 'Actos contra la salud y la seguridad' es el más preciso, ya que abarca actos que pueden causar daño a la salud y la seguridad humanas, lo cual incluye la propagación de enfermedades. Las exclusiones de 902 no aplican al delito CNP, ya que no se trata de daño directo a personas, sino a la salud animal o vegetal.",
509,Abandono o maltrato animal,Cometer actos de maltrato o crueldad en animales. El abandono de animales será considerado maltrato y crueldad animal.,CONTRA EL ORDEN Y LA SEGURIDAD PÚBLICA COMETIDO POR PARTICULARES,10091,Actos contra los animales,alta,"El delito CNP 509 se refiere a actos de maltrato o crueldad en animales, lo cual coincide directamente con la glosa de 10091 (Actos contra los animales) y sus inclusiones que mencionan crueldad con mascotas y maltrato de animales. No hay exclusiones que descarten este delito.",
510,Asociaciones ilícitas,,CRÍMENES Y SIMPLES DELITOS CONTRA EL ORDEN Y LA SEGURIDAD PÚBLICA COMETIDO POR PARTICULARES,9051,Participación en un grupo delictivo organizado,alta,"El delito CNP 510 (Asociaciones ilícitas) se refiere a la participación en un grupo delictivo. El código ICCS 9051 corresponde a la participación en un grupo delictivo organizado, lo cual es más preciso que otros candidatos como 8063 o 8064, que se refieren a intención delictiva o conspiración. Además, la sección ICCS de 9051 (Actos contra la seguridad pública y la seguridad del Estado) es compatible con el marco jurídico del delito CNP. La exclusión de 9051 menciona que los delitos cometidos mediante la participación de un grupo delictivo organizado se clasifican según el delito particular, lo cual no descarta la aplicación de 9051 para el móvil del delito.",
511,Amenazas de atentados contra personas y propiedades,,CRÍMENES Y SIMPLES DELITOS CONTRA EL ORDEN Y LA SEGURIDAD PÚBLICA COMETIDO POR PARTICULARES,2012,Amenaza,alta,"El delito CNP se refiere a amenazas de atentados contra personas y propiedades, lo cual se alinea con la definición de 'Amenaza' en el ICCS 2012, que abarca cualquier comportamiento amenazador si se cree que la amenaza podría convertirse en realidad. Las exclusiones del ICCS 2012 no descartan el delito CNP, ya que no se menciona que la amenaza esté relacionada con la obtención de bienes o con la violencia física directa.",
512,Connivencia en la fuga y evasión culpable de detenidos,"Extraer, facilitar o confabularse para la fuga de establecimientos penales de una persona presa o detenida y los que fuera de ellos ayuden a su huida.",CONTRA EL ORDEN Y LA SEGURIDAD PÚBLICA COMETIDO POR PARTICULARES,8062,Incumplimiento de órdenes judiciales,alta,"El delito CNP se enfoca en la fuga de detenidos, lo cual se alinea con la descripción de 'incumplimiento de órdenes judiciales' en el ICCS 8062. La fuga es una inclusión explícita en este código, lo que lo hace preciso. No se aplica ninguna exclusión relevante para el delito descrito.",
513,Contra la salud pública. Arts. 313 al 318,,CRÍMENES Y SIMPLES DELITOS CONTRA EL ORDEN Y LA SEGURIDAD PÚBLICA COMETIDO POR PARTICULARES,902,Actos contra la salud y la seguridad,alta,"El delito CNP 513 se relaciona con actos contra la salud pública, lo cual se alinea con la glosa de 902 que abarca actos que tienen posibilidades de causar daño a la salud y la seguridad humanas. Las inclusiones de 902 también abarcan delitos contra la salud pública, lo que confirma la pertinencia. No hay exclusiones que descarten este delito.",
514,Infracción normas inhumaciones y exhumaciones,Exhumar o trasladar restos humanos con infracción de los reglamentos.,CONTRA EL ORDEN Y LA SEGURIDAD PÚBLICA COMETIDO POR PARTICULARES,2119,Otras transgresiones contra las personas,alta,"El delito CNP (exhumar o trasladar restos humanos con infracción de los reglamentos) se relaciona con la profanación de tumbas, lo cual está incluido en la glosa de 2119. La sección ICCS corresponde a actos que causan daños a las personas, lo que es compatible con el marco del delito. No hay exclusiones que descarten este código para el caso descrito.",
515,Atentados y amenazas contra la autoridad,"ARTS. 261 Nº1 y 264: Atentados: usar la fuerza sin alzarse públicamente para promover una guerra civil, cambiar la constitución política, privar de funciones o impedir que las asuma al Presidente de La República, miembros del Congreso, Corte Suprema o de Apelaciones. Injuriar de hecho o palabra al Presidente de la República o alguno de los cuerpos colegisladores o a las comisiones de éstos o a los Tribunales de Justicia. Desacatos :1) Perturbar gravemente sesiones del congreso e injuriar o amenazar en dichos actos a un diputado o senador. 2) Perturbar gravemente audiencias de los tribunales o injuriar o amenazar a jueces. 3) Injuriar o amenazar:- a un senador o diputado por opiniones manifestadas en el congreso.- a un miembro de los Tribunales por algún fallo,- a los ministros de Estado u otra autoridad en el ejercicio de su cargo- a un superior con ocasión de sus funciones.",CONTRA EL ORDEN Y LA SEGURIDAD PÚBLICA COMETIDO POR PARTICULARES,8069,Otros actos contra el sistema de justicia,alta,"El delito CNP 515 se refiere a atentados y amenazas contra autoridades, incluyendo injurias y amenazas a jueces, diputados y otros funcionarios. El código ICCS 8069 abarca actos contrarios al funcionamiento del sistema de justicia, como insulto a funcionarios encargados de hacer cumplir la ley, lo cual se alinea con la descripción del delito CNP. Las exclusiones aplicadas incluyen la aplicación de todas las exclusiones enumeradas en 0806, que no descartan el delito CNP.",aplicar todas las exclusiones enumeradas en 0806
516,Oponerse a la acción de la autoridad pública o sus agentes,"Acometer o resistir con violencia, usando fuerza o intimidación contra autoridad pública o sus agentes.",CONTRA EL ORDEN Y LA SEGURIDAD PÚBLICA COMETIDO POR PARTICULARES,8062,Incumplimiento de órdenes judiciales,alta,"El delito CNP se describe como oponerse a la acción de la autoridad pública o sus agentes mediante violencia o intimidación. El código ICCS 8062 se refiere al incumplimiento de órdenes judiciales, que incluye la resistencia a la detención, que es una forma de oponerse a la autoridad. Además, las exclusiones de 8062 aplican a la resistencia a la detención, lo cual se alinea con el delito CNP. No hay exclusiones que descarten este delito.",
518,Porte de arma cortante o punzante,"Castiga a quien porta armas cortantes o punzantes en recintos de expendio de bebidas alcohólicas que deben consumirse en el mismo local, así como en espectáculos públicos, establecimientos de enseñanza, vías o espacios públicos en áreas urbanas.",CONTRA EL ORDEN Y LA SEGURIDAD PÚBLICA COMETIDO POR PARTICULARES,9011,Posesión o uso de armas y explosivos,alta,"El delito CNP se refiere al porte de armas cortantes o punzantes en lugares específicos, lo cual se alinea con la glosa de 9011 que abarca la posesión o uso ilícitos de armas y explosivos. La inclusión de 'posesión de armas prohibidas o no registradas' y 'uso ilícito de armas' se ajusta al movil del delito descrito. Las exclusiones aplicadas descartan la clasificación en otros códigos más específicos como 90111 o 90112, ya que el delito no implica armas de fuego ni explosivos.",Aplicar todas las exclusiones enumeradas en 0901
519,"Falsa alarma de incendio, emergencia o calamidad pública","Castiga a quien diere falsa alarma de incendio, emergencia o calamidad pública a los Cuerpos de Bomberos u otros servicios de utilidad pública.",CONTRA EL ORDEN Y LA SEGURIDAD PÚBLICA COMETIDO POR PARTICULARES,8019,Otros actos contrarios a las normas de conducta orientadas al mantenimiento del orden público,alta,"El delito CNP corresponde a una falsa alarma que afecta el orden público, lo cual se alinea con la glosa de 8019 que abarca actos contrarios a normas de conducta orientadas al mantenimiento del orden público. No hay exclusiones que descarten este delito en este contexto.",
520,"Obstrucción a la investigación por fiscal o asistente del fiscal, del Ministerio Público","El fiscal del Ministerio Público o el abogado asistente de fiscal, que a sabiendas ocultare, alterare o destruyere cualquier antecedente, objeto o documento que permita establecer la existencia o inexistencia de un delito, la participación punible en él de alguna persona o su inocencia, o que pueda servir para la determinación de la pena.",CONTRA EL ORDEN Y LA SEGURIDAD PÚBLICA COMETIDO POR PARTICULARES,8061,Obstrucción de la justicia,alta,"El delito CNP se describe como la ocultación, alteración o destrucción de antecedentes, objetos o documentos que permiten establecer la existencia o inexistencia de un delito, lo cual se alinea directamente con la definición de 'Obstrucción de la justicia' en el ICCS 8061. Esta categoría incluye la destrucción o alteración de pruebas, lo que coincide con el móvil del delito descrito.",
521,Homicidio de fiscales o defensores en el desempeño de sus funciones,Homicidio de fiscales o defensores en el desempeño de sus funciones.,CONTRA EL ORDEN Y LA SEGURIDAD PÚBLICA COMETIDO POR PARTICULARES,101,Homicidio intencional,alta,"El delito CNP se refiere a homicidio de fiscales o defensores en el desempeño de sus funciones, lo cual se ajusta a la definición de homicidio intencional en el ICCS 101. La glosa y la descripción coinciden con el móvil del delito, que es la intención de causar la muerte. No hay exclusiones que descarten este delito en el contexto del ICCS 101.",
522,"Maltrato de obra a fiscales o defensores en el desempeño de sus funciones, incluye castración y mutilación","Maltrato de obra a fiscales o defensores en el desempeño de sus funciones, incluye castración y mutilación.",CONTRA EL ORDEN Y LA SEGURIDAD PÚBLICA COMETIDO POR PARTICULARES,8069,Otros actos contra el sistema de justicia,alta,"El delito CNP se describe como maltrato de obra a fiscales o defensores en el desempeño de sus funciones, incluye castración y mutilación. El código ICCS 8069 corresponde a 'Otros actos contra el sistema de justicia', que incluye insulto a funcionarios encargados de hacer cumplir la ley, lo cual se alinea con el móvil del delito. Además, la sección ICCS (Actos contra el orden público, la autoridad y las disposiciones del Estado) es compatible con el marco jurídico del delito. Las exclusiones de 8069 no descartan el delito CNP.",
523,Amenaza a fiscales o defensores en el desempeño de sus funciones,Amenaza a fiscales o defensores en el desempeño de sus funciones.,CONTRA EL ORDEN Y LA SEGURIDAD PÚBLICA COMETIDO POR PARTICULARES,8061,Obstrucción de la justicia,alta,"La amenaza a fiscales o defensores en el desempeño de sus funciones se alinea con la definición de 'obstrucción de la justicia' en el ICCS 8061, que incluye amenazar o intimidar a funcionarios encargados de hacer cumplir la ley. No se aplican exclusiones relevantes que descarten este delito.",
524,Amenazas simples contra personas y propiedades,"Aquellas amenazas en las cuales el autor sólo le anuncia un mal, pero no le exige a una cantidad o algún comportamiento en particular.",CONTRA EL ORDEN Y LA SEGURIDAD PÚBLICA COMETIDO POR PARTICULARES,2012,Amenaza,alta,"El delito CNP corresponde a amenazas simples que no exigen un comportamiento específico, lo que se alinea con la definición de 'Amenaza' en el ICCS 2012. Las exclusiones de 2012 no aplican al delito descrito, ya que no implica exigir un curso de acción determinado ni amenaza de uso de la fuerza para apropiarse de bienes.",
525,Amenazas condicionales contra personas y propiedades,Aquellas amenazas en las cuales el autor le exige a la víctima una cantidad o que realice o tolere cualquier comportamiento.,CONTRA EL ORDEN Y LA SEGURIDAD PÚBLICA COMETIDO POR PARTICULARES,2051,Extorsión o chantaje,alta,"El delito CNP se describe como amenazas condicionales donde el autor exige una cantidad o un comportamiento de la víctima, lo que se alinea con la definición de extorsión o chantaje en el ICCS 2051, que incluye exigir un curso de acción determinado mediante amenaza. No se ajusta al robo (401) ni a amenazas generales (2012) debido a la condición de exigencia de acción.",aplicar todas las exclusiones enumeradas en 0205
526,Contra la salud pública. Arts. 313 A y 313 B,"Sanciona al que, careciendo de título profesional competente o de la autorización legalmente exigible para el ejercicio profesional, se atribuya la calidad o ejerciere actos propios de la respectiva profesión, ofrezca públicamente servicios de médico-cirujano, dentista, químico-farmacéutico, bioquímico u otra de características análogas, relativas a la ciencia y arte de precaver y curar las enfermedades del cuerpo humano, aunque sea a título gratuito o realizare diagnósticos, prescribiere tratamientos o llevare a cabo operaciones o intervenciones curativas de aquellas cuya ejecución exige los conocimientos o las técnicas propios de tales profesiones; o el que, estando legalmente habilitado para el ejercicio de esas profesiones ofreciere la prevención o curación de enfermedades o defectos por fórmulas ocultas o sistemas infalibles, abusando de la credulidad del público.",CONTRA EL ORDEN Y LA SEGURIDAD PÚBLICA COMETIDO POR PARTICULARES,902,Actos contra la salud y la seguridad,alta,"El delito CNP se relaciona con la práctica ilegal de profesiones sanitarias, lo que se alinea con la definición de 'Actos contra la salud y la seguridad' en el ICCS 902. Este código incluye delitos contra la salud pública, lo cual es relevante para el delito descrito. No se aplican exclusiones que descarten este código.",
527,Contra la salud pública. Arts. 313 D al 315 y Art. 317,"Sanciona al que fabricare o a sabiendas expendiere a cualquier título sustancias medicinales deterioradas o adulteradas en su especie, cantidad, calidad o proporciones, de modo que sean peligrosas para la salud por su nocividad o por el menoscabo de sus propiedades curativas y al que, a cualquier título, expendiere otras sustancias peligrosas para la salud. Sanciona al que envenenare o infectare comestibles, aguas u otras bebidas destinados al consumo público, en términos de poder provocar la muerte o grave daño para la salud, y el que a sabiendas los vendiere o distribuyere. Sanciona al que efectuare otras adulteraciones en sustancias destinadas al consumo público, de modo que sean peligrosas para la salud por su nocividad o por el menoscabo apreciable de sus propiedades alimenticias, y el que a sabiendas las vendiere o distribuyere.",CONTRA EL ORDEN Y LA SEGURIDAD PÚBLICA COMETIDO POR PARTICULARES,2071,Actos que ponen en peligro la salud,alta,"El delito CNP se relaciona con la adulteración de sustancias destinadas al consumo público, lo que se incluye en la glosa de 2071. Además, la sección ICCS corresponde a actos que ponen en peligro la salud, lo cual se alinea con el móvil del delito. No se aplican exclusiones que descarten este código.",
528,Corrupción entre particulares,"Sanciona al director, administrador, mandatario o empleado de una empresa que solicitare o aceptare recibir un beneficio económico o de otra naturaleza, para sí o un tercero, para favorecer o por haber favorecido en el ejercicio de sus labores la contratación con un oferente sobre otro. Así como la persona que diere, ofreciere o consintiere en dar a un director, administrador, mandatario o empleado de una empresa un beneficio económico o de otra naturaleza, para sí o un tercero, para que favorezca o por haber favorecido la contratación con un oferente por sobre otro.",CONTRA EL ORDEN Y LA SEGURIDAD PÚBLICA COMETIDO POR PARTICULARES,703,Corrupción,alta,"El delito CNP 528 se relaciona con la corrupción en el ámbito privado, lo que se alinea con la definición general de corrupción en el ICCS 703, que abarca soborno activo y pasivo en el sector privado. La sección ICCS es compatible y la inclusión menciona soborno en el sector privado, lo cual se ajusta al delito descrito.",
529,Corrupción entre particulares cometido por personas jurídicas,"Sanciona a la persona jurídica que solicitare o aceptare recibir un beneficio económico o de otra naturaleza, para sí o un tercero, para favorecer o por haber favorecido en el ejercicio de sus labores la contratación con un oferente sobre otro. Así como la persona que diere, ofreciere o consintiere en dar a un empleado o mandatario un beneficio económico o de otra naturaleza, para sí o un tercero, para que favorezca o por haber favorecido la contratación con un oferente por sobre otro (en relación al art. 1° de la Ley 20.393).",CONTRA EL ORDEN Y LA SEGURIDAD PÚBLICA COMETIDO POR PARTICULARES,703,Corrupción,alta,"El delito CNP 529 se relaciona con corrupción entre particulares, lo que se alinea con la definición general de corrupción en el ICCS 703. El ICCS 703 abarca actos ilícitos de corrupción, incluyendo soborno activo y pasivo en el sector privado, lo cual se ajusta al delito descrito. No se aplican exclusiones que descarten este código.",
530,Amenazas contra profesionales y funcionarios de salud y manipuladores de alimentos,"Sanciona las amenazas que se hicieren contra los profesionales y funcionarios de los establecimientos de salud, públicos o privados, o contra los profesionales, funcionarios y manipuladores de alimentos de establecimientos educacionales, públicos o privados, al interior de sus dependencias o mientras éstos se encontraren en el ejercicio de sus funciones o en razón, con motivo u ocasión de ellas.",CONTRA EL ORDEN Y LA SEGURIDAD PÚBLICA COMETIDO POR PARTICULARES,2012,Amenaza,alta,"El delito CNP se describe como amenazas contra profesionales y funcionarios de salud y manipuladores de alimentos, lo cual se alinea con la definición de 'Amenaza' en el ICCS 2012. No se aplican exclusiones que descarten este delito, ya que no se menciona amenaza de uso de la fuerza para exigir un curso de acción, ni amenaza a testigos o funcionarios encargados de hacer cumplir la ley.",
531,Lesiones contra profesional y funcionario de salud y manipuladores de alimentos,"Sanciona a quien cause lesiones a los profesionales y funcionarios de los establecimientos de salud, públicos o privados, o a los profesionales, funcionarios y manipuladores de alimentos de establecimientos educacionales, públicos o privados, al interior de sus dependencias o mientras éstos se encontraren en el ejercicio de sus funciones o en razón, con motivo u ocasión de ellas.",CONTRA EL ORDEN Y LA SEGURIDAD PÚBLICA COMETIDO POR PARTICULARES,9021,Actos contra la salud y la seguridad en el trabajo,alta,"El delito CNP 531 se centra en lesiones causadas a profesionales de salud y manipuladores de alimentos en el ejercicio de sus funciones. El código ICCS 9021 se refiere a actos contra la salud y la seguridad en el trabajo, lo cual se alinea con el contexto del delito, ya que los profesionales mencionados están en el ámbito laboral. Además, las exclusiones de 9021 no descartan el delito CNP, mientras que otras opciones como 902 o 9029 son más amplias y no reflejan específicamente el contexto laboral del delito.",
532,Interrumpir libre circulación Ley 21.208 Inc. 1,"Sanciona al que, sin autorización, interrumpe completamente la libre circulación de personas o vehículos en la vía pública, mediante violencia o intimidación en las personas o la instalación de obstáculos o con vehículos en la vía destinados a este fin.",CONTRA EL ORDEN Y LA SEGURIDAD PÚBLICA COMETIDO POR PARTICULARES,202,Actos contra la libertad,alta,"El delito CNP se enfoca en la interrupción de la libre circulación mediante violencia o intimidación, lo que se alinea con la definición de 'Actos contra la libertad' en el ICCS 202, que implica impedir o limitar el movimiento o la libertad de una persona. No se aplican exclusiones relevantes que descarten este código.",
533,Lanzar objetos a la vía pública con muerte o lesiones Ley 21.208 Inc. 2,"Sanciona al que lanza a las personas o vehículos que se encontraren en la vía pública, instrumentos, utensilios u objetos cortantes, punzantes o contundentes potencialmente aptos para causar la muerte o producir lesiones corporales.",CONTRA EL ORDEN Y LA SEGURIDAD PÚBLICA COMETIDO POR PARTICULARES,2079,Otros actos peligrosos,alta,"El delito CNP se caracteriza por lanzar objetos potencialmente mortales a la vía pública, lo cual se ajusta a la definición de 'otros actos peligrosos' en el ICCS 2079, que abarca comportamientos peligrosos que pueden causar lesiones. La sección del ICCS (actos que causan danos o que tienen la intención de causar danos a las personas) es compatible con el marco del delito. Además, el modelo de embedding e5 lo prioriza como el más relevante.",
534,Diseminar gérmenes para causar enfermedad,Diseminación de gérmenes patógenos con el propósito de producir enfermedad.,CONTRA EL ORDEN Y LA SEGURIDAD PÚBLICA COMETIDO POR PARTICULARES,902,Actos contra la salud y la seguridad,alta,"El delito CNP (diseminación de gérmenes patógenos con intención de causar enfermedad) se alinea con el ICCS 902 (Actos contra la salud y la seguridad), ya que ambos comparten el móvil de causar daño a la salud y la seguridad humanas. La inclusión del ICCS 902 menciona la transmisión de enfermedades infecciosas, lo cual es directamente relevante. No se aplican exclusiones que descarten este código.",
535,Infringir normas higiénicas y de salubridad,"Sanciona quien pusiere en peligro la salud pública por infracción de las reglas higiénicas o de salubridad, debidamente publicadas por la autoridad, en tiempo de catástrofe, epidemia o contagio.",CONTRA EL ORDEN Y LA SEGURIDAD PÚBLICA COMETIDO POR PARTICULARES,2071,Actos que ponen en peligro la salud,alta,"El delito CNP 535 se enfoca en infracciones higiénicas que ponen en peligro la salud pública, lo cual se alinea directamente con el ICCS 2071, que aborda actos que ponen en peligro la salud. No se aplican exclusiones que descarten este código, y la sección ICCS es compatible con el marco del delito.",
536,Propagar contagio a sabiendas,"Sanciona al que, en tiempo de pandemia, epidemia o contagio, genere, a sabiendas, riesgo de propagación de agentes patológicos con infracción de una orden de la autoridad sanitaria",CONTRA EL ORDEN Y LA SEGURIDAD PÚBLICA COMETIDO POR PARTICULARES,902,Actos contra la salud y la seguridad,alta,"El delito CNP 536 se relaciona con la propagación de agentes patológicos en contexto de pandemia, lo que se alinea con la descripción de 'actos contra la salud y la seguridad' en el ICCS 902. Además, la sección ICCS 902 corresponde a actos contra la seguridad pública y la seguridad del Estado, lo cual es compatible con el marco del delito. No se aplican exclusiones que descarten este código.",
537,Empleador que ordena infringir cuarentena,"Sanciona al que, a sabiendas y teniendo autoridad para disponer el trabajo de un subordinado, le ordene concurrir al lugar de desempeño de sus labores cuando éste sea distinto de su domicilio o residencia, y el trabajador se encuentre en cuarentena o aislamiento sanitario obligatorio decretado por la autoridad sanitaria.",CONTRA EL ORDEN Y LA SEGURIDAD PÚBLICA COMETIDO POR PARTICULARES,902,Actos contra la salud y la seguridad,alta,"El delito CNP implica la violación de cuarentena, lo que se alinea con la descripción de 'actos contra la salud y la seguridad' en el ICCS 902. Además, la sección ICCS corresponde al marco jurídico adecuado, y no se aplican exclusiones que descarten este código.",
538,Ultraje de cadáver,"El que en menosprecio de la memoria de quien hubiere muerto:   1° Exhumare total o parcialmente sus restos humanos;2° Sustrajere sus restos humanos de quien los tuviere legítimamente, o 3° Manipulare sus restos humanos o sus cenizas, o realizare sobre cualquiera de ellos actos que los afectaren considerablemente.",CONTRA EL ORDEN Y LA SEGURIDAD PÚBLICA COMETIDO POR PARTICULARES,2119,Otras transgresiones contra las personas,alta,"El delito CNP (Ultraje de cadáver) se ajusta a la descripción de 'otras transgresiones contra las personas' en el ICCS 2119, que incluye la manipulación de cadáveres y la utilización ilícita de cadáveres. No se aplica ninguna exclusión relevante para descartar este código.",
539,Ultraje de sepultura,"El que en menosprecio de la memoria de quien hubiere muerto, profanare su sepultura.",CONTRA EL ORDEN Y LA SEGURIDAD PÚBLICA COMETIDO POR PARTICULARES,2119,Otras transgresiones contra las personas,alta,"El delito de ultraje de sepultura se clasifica como una transgresión contra las personas, ya que implica una intromisión ilícita en la intimidad de la persona fallecida y su sepultura. El código 2119 incluye la destrucción de sepulturas como inclusión, lo que lo hace compatible con el delito descrito. No se aplican exclusiones que descarten este código.",
540,Uso indebido de facultades asociadas a las técnicas especiales de investigación,"Castiga el uso manifiestamente indebido de las facultades asociadas a la historia ficticia del agente encubierto. Además, sanciona a los funcionarios policiales, agentes encubiertos y reveladores que ejecuten las medidas o actuaciones a que se refieren los artículos 226 B, 226 D y 226 F sin observar el objeto o límites impuestos por la autorización. También se castiga al fiscal que al ejecutar técnicas especiales imparta órdenes que impliquen un abuso en su ejercicio, en atención a lo autorizado por el Fiscal Regional o en la resolución judicial.",CONTRA EL ORDEN Y LA SEGURIDAD PÚBLICA COMETIDO POR PARTICULARES,7033,Abuso de funciones,alta,"El delito CNP se refiere al uso indebido de facultades asociadas a técnicas especiales de investigación, lo cual se alinea con el abuso de funciones por parte de funcionarios públicos, como se describe en el código ICCS 7033. El delito se centra en la violación de la ley en el ejercicio de funciones, lo que corresponde a la sección ICCS de actos que conllevan fraude, engano o corrupción. No se aplican exclusiones relevantes que descarten este código.",
541,"Infracción al secreto y prohibición de información relativa a testigos, agentes encubiertos, reveladores e informantes","Sanciona al que de cualquier modo informe, difunda o divulgue información relativa a una investigación amparada por el secreto; al que infringiere la prohibición de revelación de información decretada por el tribunal para la protección de testigos y la violación del secreto de la investigación",CONTRA EL ORDEN Y LA SEGURIDAD PÚBLICA COMETIDO POR PARTICULARES,8061,Obstrucción de la justicia,alta,"El delito CNP se enfoca en la divulgación de información sensible en un contexto judicial, lo que se alinea con la obstrucción de la justicia descrita en el código ICCS 8061. La divulgación de información protegida por el tribunal se considera un acto que obstaculiza los procedimientos de justicia, lo cual se incluye en las inclusiones de 8061.",
542,Asociación delictiva o criminal mediante una persona jurídica,Sanciona a la asociación criminal cuando esta se ha formado a través de una persona jurídica.,CONTRA EL ORDEN Y LA SEGURIDAD PÚBLICA COMETIDO POR PARTICULARES,9051,Participación en un grupo delictivo organizado,alta,"El delito CNP describe la formación de una asociación criminal mediante una persona jurídica, lo que se alinea con la participación en un grupo delictivo organizado. El código 9051 se refiere específicamente a la participación en un grupo delictivo organizado, lo cual es compatible con la definición del delito CNP. Las exclusiones de 905 no aplican en este caso, ya que el delito CNP no implica la participación directa en un grupo delictivo organizado, sino la formación de una asociación criminal a través de una persona jurídica.",
543,Incumplimiento de reserva registro de llamadas,Sanciona el incumplimiento de las obligaciones de mantener con carácter reservado y adoptar las medidas de seguridad correspondientes de los antecedentes a que se refiere el inciso cuarto,CONTRA EL ORDEN Y LA SEGURIDAD PÚBLICA COMETIDO POR PARTICULARES,8062,Incumplimiento de órdenes judiciales,alta,"El delito CNP se refiere al incumplimiento de la reserva de registros de llamadas, lo cual puede considerarse como una violación de órdenes judiciales o de medidas de seguridad establecidas por autoridades. El código ICCS 8062 abarca la violación de órdenes judiciales, lo cual es compatible con el móvil del delito descrito. Además, las exclusiones de 8062 no descartan el delito CNP.",
544,Atentados contra el medio ambiente,,CONTRA EL ORDEN Y LA SEGURIDAD PÚBLICA COMETIDO POR PARTICULARES,10019,Otros actos que causan contaminación o degradación del medio ambiente,alta,"El delito CNP 544 se refiere a atentados contra el medio ambiente, lo cual se alinea con la glosa de 10019 que menciona 'otros actos que causan contaminación o degradación del medio ambiente'. La sección ICCS 'actos contra el entorno natural' es compatible con el marco del delito. Además, las inclusiones de 10019 abarcan contaminación con ruido, vibraciones, calor, luz o radiaciones, lo cual puede incluir actos contra el medio ambiente. No hay exclusiones que descarten el delito CNP en este código.",
545,Portar aparatos de comunicación en recintos penitenciarios,"Sanciona al que encontrándose privado de libertad en un establecimiento penitenciario, tuviere en su poder intercomunicadores, teléfonos, partes de ellos, chips telefónicos u otros elementos tecnológicos que permitan comunicarse con el exterior, sin estar legal o reglamentariamente autorizado al efecto.",CONTRA EL ORDEN Y LA SEGURIDAD PÚBLICA COMETIDO POR PARTICULARES,806,Actos contra el sistema de justicia,alta,"El delito CNP se relaciona con la violación de normas penitenciarias, lo que se alinea con el código ICCS 806 que abarca actos contrarios al funcionamiento del sistema de justicia. La descripción del delito incluye la violación de condiciones de libertad bajo fianza y fuga, que son inclusiones del código 806. No hay exclusiones que descarten este código en relación al delito descrito.",
546,Omisión denuncia por funcionario público de tenencia elementos tecnológicos,"Sanciona al funcionario público que, teniendo conocimiento de la existencia no autorizada al interior de un establecimiento penitenciario de cualquiera de los elementos señalados en el artículo 304 bis (intercomunicadores, teléfonos, partes de ellos, chips telefónicos u otros elementos tecnológicos que permitan comunicarse con el exterior), omitiere denunciar el hecho a la autoridad competente.",CONTRA EL ORDEN Y LA SEGURIDAD PÚBLICA COMETIDO POR PARTICULARES,8061,Obstrucción de la justicia,alta,"El delito CNP se relaciona con la omisión de denunciar un hecho, lo que se alinea con la inclusión de 'omisión de denunciar un delito' en el ICCS 8061. La sección ICCS es compatible con el marco del delito, que se enmarca en actos contra el orden público y la autoridad. No se aplican exclusiones que descarten este código.",
547,Portar injustificadamente combustible en lugares de uso público,"Sanciona al que, en el contexto de reuniones en lugares de uso público, porte injustificadamente combustible apto para cometer atentados contra las personas o para ocasionar daño en las cosas",CONTRA EL ORDEN Y LA SEGURIDAD PÚBLICA COMETIDO POR PARTICULARES,8019,Otros actos contrarios a las normas de conducta orientadas al mantenimiento del orden público,alta,"El delito CNP se relaciona con la portación injustificada de combustible en lugares públicos, lo que se ajusta a la glosa de 8019, que abarca actos contrarios a normas de conducta orientadas al mantenimiento del orden público. La sección ICCS es compatible, y las inclusiones mencionan reuniones no autorizadas, que están relacionadas con el contexto del delito. No se aplican exclusiones que descarten este código.",
548,Registro de las actuaciones policiales,"Serán castigados los funcionarios policiales que modifiquen, oculten, eliminen sin la orden previa del Ministerio Público según lo dispuesto en el inciso cuarto del artículo 228 del CPP, o alteren de cualquier forma los sistemas de registro y almacenamiento audiovisual. Además, serán sancionados, además de las penas que correspondan por los delitos cometidos, con la pena de suspensión del empleo en su grado máximo y multa de quince a veinte unidades tributarias mensuales.",CONTRA EL ORDEN Y LA SEGURIDAD PÚBLICA COMETIDO POR PARTICULARES,806,Actos contra el sistema de justicia,alta,"El delito CNP se refiere a la alteración de sistemas de registro y almacenamiento audiovisual por parte de funcionarios policiales, lo cual se alinea con el concepto de 'actos contra el sistema de justicia' en el ICCS 806. La descripción del delito incluye la alteración de sistemas de registro, lo que se encauza dentro de los actos que entorpecen el funcionamiento del sistema de justicia. Las exclusiones aplicadas incluyen actos que causan la muerte (01) y actos que equivalen a agresión o amenazas (0201), que no aplican en este caso.",actos que causan la muerte (01); actos que equivalen a agresión o amenazas (0201)
549,Contaminación grave imprudente,Sanciona al que por imprudencia temeraria o por mera imprudencia o negligencia con infracción de los reglamentos incurriere en los hechos señalados en los artículos 305 y siguientes.,CONTRA EL ORDEN Y LA SEGURIDAD PÚBLICA COMETIDO POR PARTICULARES,1001,Actos que causan contaminación o degradación del medio ambiente,alta,"El delito CNP se refiere a la contaminación grave imprudente, lo que se alinea con la definición de 'Actos que causan contaminación o degradación del medio ambiente' en el ICCS 1001. La sección ICCS correspondiente (Actos contra el entorno natural) es compatible con el marco jurídico del delito. Además, la nota 135 del ICCS 1001 define el entorno natural, lo cual se ajusta a la naturaleza del delito.","Contaminación o degradación mediante el traslado o vertimiento ilícitos de desechos (1002); delitos relacionados con la basura (0801); destrucción, daños o degradación intencional de propiedad pública o privada (0504)"
550,"Comercializar, distribuir o instalar máquinas de juegos ilegales Art. 276 bis Código Penal",,CONTRA EL ORDEN Y LA SEGURIDAD PÚBLICA COMETIDO POR PARTICULARES,8043,Actos contrarios a las disposiciones sobre apuestas,alta,"El delito CNP se refiere a la comercialización, distribución o instalación de máquinas de juegos ilegales, lo cual se alinea con el código ICCS 8043 que abarca actos contrarios a las disposiciones sobre apuestas. No se aplican exclusiones que descarten este código, y la sección ICCS es compatible con el marco jurídico del delito.",
551,Delitos medioambientales dolosos,"Sanciona al que sin haber sometido su actividad a una evaluación de impacto ambiental a sabiendas de estar obligado a ello:1. Vierta sustancias contaminantes en aguas marítimas o continentales.2. Extraiga aguas continentales, sean superficiales o subterráneas, o aguas marítimas. 3. Vierta o deposite sustancias contaminantes en el suelo o subsuelo, continental o marítimo. 4. Vierta tierras u otros sólidos en humedales.5. Extraiga componentes del suelo o subsuelo.6. Libere sustancias contaminantes al aire. Sanciona al que, contando con autorización para verter, liberar o extraer cualquiera de las sustancias o elementos mencionados en los números 1 a 6 anteriores, contravenga una norma de emisión o de calidad ambiental, incumpliendo las medidas establecidas en un plan de prevención, de descontaminación o de manejo ambiental, incumpliendo una resolución de calificación ambiental, o cualquier condición asociada al otorgamiento de la autorización, y siempre que el infractor hubiere sido sancionado administrativamente en, al menos, dos procedimientos sancionatorios distintos, por infracciones graves o gravísimas, dentro de los diez años anteriores al hecho punible y cometidas en relación con una misma unidad sometida a control de la autoridad. Sanciona al que, contando con autorización para extraer aguas continentales, superficiales o subterráneas, las extraiga infringiendo las reglas de su distribución y aprovechamiento. El que, vertiendo, depositando o liberando sustancias contaminantes, o extrayendo aguas o componentes del suelo o subsuelo, afectare gravemente las aguas marítimas o continentales, superficiales o subterráneas, el suelo o el subsuelo, fuere continental o marítimo, o el aire, o bien la salud animal o vegetal, la existencia de recursos hídricos o el abastecimiento de agua potable, o que afectare gravemente humedales vertiendo en ellos tierras u otros sólidos. El que afectare gravemente uno o más de los componentes ambientales de una reserva de región virgen, un parque nacional, un monumento natural, una reserva nacional o un humedal de importancia internacional; al que, infringiendo una resolución de calificación ambiental o sin haber sometido su actividad a una evaluación de impacto ambiental estando obligado a ello, afectare gravemente un glaciar.",CONTRA EL ORDEN Y LA SEGURIDAD PÚBLICA COMETIDO POR PARTICULARES,1001,Actos que causan contaminación o degradación del medio ambiente,alta,"El delito CNP 551 aborda la contaminación del entorno natural, incluyendo el agua, el suelo, el aire y otros componentes ambientales. El código ICCS 1001 es el más general y preciso para este tipo de delito, ya que abarca todos los actos que causan contaminación o degradación del medio ambiente, incluyendo las actividades descritas en el CNP. Las exclusiones de 1001 no aplican al delito descrito, ya que no se trata de traslado o vertimiento ilícitos de desechos, ni de delitos relacionados con la basura.",
552,Asociación ilícita para la comisión de simples delitos,"Sanciona a a quien sea parte de una asociación delictiva. Se entenderá por asociación delictiva toda organización formada por tres o más personas, con acción sostenida en el tiempo, que tenga entre sus fines la perpetración de simples delitos.",CONTRA EL ORDEN Y LA SEGURIDAD PÚBLICA COMETIDO POR PARTICULARES,9051,Participación en un grupo delictivo organizado,alta,"El delito CNP describe una asociación delictiva con fines de cometer simples delitos, lo que se alinea con la definición de 'Participación en un grupo delictivo organizado' en el ICCS 9051. La nota 132 del ICCS define un grupo delictivo organizado como una estructura de tres o más personas que actúan concertadamente con el propósito de cometer delitos, lo cual coincide con la descripción del CNP. Además, el ICCS 9051 no excluye directamente el delito descrito en el CNP, a diferencia de otros candidatos como 905 y 8063, que tienen exclusiones aplicables.",aplicar todas las exclusiones enumeradas en 0905
553,Asociación ilícita para la comisión de simples crímenes,"Sanciona a quien sea parte de una asociación criminal. Se entenderá por asociación criminal toda organización formada por tres o más personas, con acción sostenida en el tiempo, que tenga entre sus fines la perpetración de hechos constitutivos de crímenes.",CONTRA EL ORDEN Y LA SEGURIDAD PÚBLICA COMETIDO POR PARTICULARES,9051,Participación en un grupo delictivo organizado,alta,"El delito CNP describe la participación en una asociación criminal con fines delictivos, lo que se alinea directamente con la definición de 'Participación en un grupo delictivo organizado' en el ICCS 9051. La nota 132 del ICCS 9051 define claramente un grupo delictivo organizado como una estructura de tres o más personas que actúan concertadamente con el propósito de cometer delitos graves, lo cual coincide con la descripción del CNP. Además, las exclusiones del ICCS 9051 no aplican al delito CNP, ya que no se trata de un delito cometido mediante la participación en un grupo delictivo organizado, sino de la formación de dicho grupo.",
554,Amenaza u ofrecimiento de beneficio económico para prestar falso testimonio u omitir declarar en proceso por asociación ilícita,"Sanciona al que, en un proceso por asociación delictiva o criminal, amenace o constriña a otro con el propósito de prestar falso testimonio, omita declarar u ofrezca un beneficio económico para los mismos fines.",CONTRA EL ORDEN Y LA SEGURIDAD PÚBLICA COMETIDO POR PARTICULARES,8061,Obstrucción de la justicia,alta,"El delito CNP se relaciona con la obstrucción de la justicia, ya que implica amenazar o intimidar a un testigo o omitir declarar en un proceso judicial. El código ICCS 8061 abarca el rendir testimonio falso, amenazar a un testigo, y otros actos que obstaculizan la justicia, lo cual coincide con la descripción del delito CNP. No se aplican exclusiones que descarten este código.",
597,Declaración falsa denunciante anónimo,Quien solicite que se le otorgue la calidad de denunciante anónimo aportando antecedentes falsos o fraudulentos.,CONTRA EL ORDEN Y LA SEGURIDAD PÚBLICA COMETIDO POR PARTICULARES,7019,Otros actos de fraude,alta,"El delito CNP implica la presentación de antecedentes falsos para obtener la calidad de denunciante anónimo, lo cual se ajusta a la definición de 'Otros actos de fraude' en el ICCS 7019. Este código incluye la representación engañosa de la identidad o situación profesional, lo cual se alinea con la falsificación de antecedentes. No se aplican exclusiones que descarten este código.",
599,Otros delitos contra el orden y la seguridad pública cometidos por particulares,Sin descripción,CONTRA EL ORDEN Y LA SEGURIDAD PÚBLICA COMETIDO POR PARTICULARES,8012,Actos relacionados con las normas y preceptos sociales y religiosos orientados al mantenimiento del orden público,alta,"El delito CNP 599 se describe como otros delitos contra el orden y la seguridad pública cometidos por particulares, lo cual se alinea con la glosa de 8012 que menciona actos contrarios a normas y preceptos sociales y religiosos orientados al mantenimiento del orden público. Las inclusiones de 8012, como alteración del orden público, vagabundeo, mendicidad, etc., son compatibles con la falta de descripción específica del delito CNP. No se aplican exclusiones que descarten este código.",
601,Aborto,,"CRÍMENES Y SIMPLES DELITOS CONTRA EL ORDEN DE LAS FAMILIAS, MORALIDAD PÚBLICA Y LA INTEGRIDAD SEXUAL",106,Feticidio ilegal,alta,"El delito CNP 601 (Aborto) se clasifica como feticidio ilegal según la inclusión explícita en el código ICCS 106, que menciona el aborto ilegal como inclusión. No hay exclusiones que descarten este delito en este contexto.",
602,Abandono de niños,Dejar a un menor sin la asistencia ni el socorro correspondiente.,"CONTRA ORDEN DE LAS FAMILIAS, MORALIDAD PÚBLICA Y LA INTEGRIDAD SEXUAL",20611,Negligencia en situaciones de menores bajo cuidado,alta,"El delito CNP 602 (Abandono de niños) se describe como dejar a un menor sin la asistencia ni el socorro correspondiente. El código ICCS 20611 incluye la desatención de niños y abandono de niños, lo cual coincide directamente con la definición del delito nacional. Las exclusiones no descartan este delito, ya que se refieren a negligencia en situaciones de menores bajo cuidado, que es precisamente el caso.",
603,Abandono de cónyuge o de parientes enfermos,Dejar sin asistencia al cónyuge o parientes con problemas para valerse por sí mismos (enfermo o imposibilitado).,"CONTRA ORDEN DE LAS FAMILIAS, MORALIDAD PÚBLICA Y LA INTEGRIDAD SEXUAL",20612,Negligencia en situaciones de otras personas dependientes bajo cuidado,alta,"El delito CNP se relaciona con el abandono de personas enfermas o imposibilitadas, lo cual se ajusta a la negligencia en situaciones de otras personas dependientes bajo cuidado, descrito en el código ICCS 20612. La descripción del ICCS 20612 menciona el abandono de personas de edad avanzada que requieren atención, lo cual coincide con el abandono de cónyuge o parientes enfermos. Además, las exclusiones del ICCS 20612 no descartan este delito.",
604,Usurpación de estado civil,"Apoderarse del estado civil ajeno. Implica no sólo el uso de nombre de otra persona, sino que la realización de todos sus actos sociales y jurídicos.","CONTRA ORDEN DE LAS FAMILIAS, MORALIDAD PÚBLICA Y LA INTEGRIDAD SEXUAL",809,"Otros actos contra el orden público, la autoridad y las disposiciones del Estado",alta,"El delito de usurpación de estado civil se relaciona con actos que afectan el orden público y la autoridad estatal, lo cual se alinea con la glosa de 809. No se descarta por exclusiones, ya que no se menciona en las exclusiones de este código.",
605,Inducir a un menor a abandonar el hogar,"Persuadir a un menor de edad, pero mayor de 10 años a que abandone la casa de sus padres, guardadores o encargados de su persona.","CONTRA ORDEN DE LAS FAMILIAS, MORALIDAD PÚBLICA Y LA INTEGRIDAD SEXUAL",11021,Delitos en razón de la condición de menor de edad,alta,"El delito CNP se enmarca en actos que afectan a menores, específicamente induciéndolos a abandonar el hogar. El código ICCS 11021 abarca delitos en razón de la condición de menor de edad, incluyendo la inducción a abandonar el hogar. No hay exclusiones que descarten este delito en este código.",
606,Rapto,,"CRÍMENES Y SIMPLES DELITOS CONTRA EL ORDEN DE LAS FAMILIAS, MORALIDAD PÚBLICA Y LA INTEGRIDAD SEXUAL",8021,Delitos de prostitución,alta,"El delito de rapto (CNP 606) se relaciona con la privación de libertad de una persona, lo cual se alinea con el delito de prostitución en el ICCS 8021, que incluye actos orientados al mantenimiento del orden público en lo que se refiere a la prostitución. No hay exclusiones que descarten este código para el delito de rapto.",
607,Violación,,"CRÍMENES Y SIMPLES DELITOS CONTRA EL ORDEN DE LAS FAMILIAS, MORALIDAD PÚBLICA Y LA INTEGRIDAD SEXUAL",8029,Otros actos contrarios a las normas de conducta sexual orientadas al mantenimiento del orden público,alta,"El delito CNP 607 (Violación) se ajusta a la glosa de 8029, que abarca formas ilícitas de contacto sexual, incluyendo violación. La sección ICCS corresponde a actos contra el orden público, lo que es compatible con el marco legal del delito. Las exclusiones de 8029 no descartan el delito CNP, ya que no incluyen violación como exclusión.",
608,Estupro,"Acceder carnalmente, por vía vaginal, anal o bucal a una persona menor de edad, pero mayor de catorce años si se abusa de su anomalía o perturbación mental, aun transitoria, abusando de una relación de dependencia de la víctima (como cuando se está encargado de su educación, custodia o se tiene una relación laboral), abusando del grave desamparo de la víctima o cuando se le engaña abusando de su inexperiencia o ignorancia sexual.","CONTRA ORDEN DE LAS FAMILIAS, MORALIDAD PÚBLICA Y LA INTEGRIDAD SEXUAL",30113,Violación por presunción legal,alta,"El delito CNP describe la penetración carnal de una persona menor de edad, lo que se alinea con la definición de 'Violación por presunción legal' en el ICCS 30113. Este código incluye la penetración sexual de una persona menor de la edad mínima de consentimiento, lo cual coincide con la descripción del delito. Además, el código 30113 excluye actos que no son de naturaleza sexual, lo cual es compatible con el delito descrito.",Aplicar todas las exclusiones enumeradas en 03011
609,Incesto,El que conociendo las relaciones que lo ligan comete incesto con un ascendiente o descendente por consanguinidad o con un hermano consanguíneo.,"CONTRA ORDEN DE LAS FAMILIAS, MORALIDAD PÚBLICA Y LA INTEGRIDAD SEXUAL",8029,Otros actos contrarios a las normas de conducta sexual orientadas al mantenimiento del orden público,alta,"El incesto se incluye explícitamente en la glosa de 8029 como uno de los actos contrarios a las normas de conducta sexual orientadas al mantenimiento del orden público. Además, la sección ICCS corresponde a actos contra el orden público, lo que se alinea con la naturaleza del delito CNP. No hay exclusiones que descarten el incesto en este contexto.",
610,Promover o facilitar prostitución de menores,"El que promueve o facilita la prostitución de menores de edad para satisfacer los deseos de otro. Aumenta la pena si hay habitualidad, abuso de confianza, autoridad o engaño.","CONTRA ORDEN DE LAS FAMILIAS, MORALIDAD PÚBLICA Y LA INTEGRIDAD SEXUAL",30222,Prostitución infantil,alta,"El delito CNP se refiere a la prostitución de menores, lo cual se alinea directamente con la definición de 'Prostitución infantil' en el ICCS 30222. La exclusión de 'explotación de prostitutas' y 'prostitución infantil' en el ICCS 8021 lo descarta como opción válida. El ICCS 30222 incluye la captación, persuasión o adquisición de un menor con fines de prostitución, lo cual coincide con la descripción del delito CNP.",explotación de prostitutas (0302); prostitución infantil (030222); aplicar todas las exclusiones enumeradas en 0802
611,Sodomía,,"CRÍMENES Y SIMPLES DELITOS CONTRA EL ORDEN DE LAS FAMILIAS, MORALIDAD PÚBLICA Y LA INTEGRIDAD SEXUAL",8029,Otros actos contrarios a las normas de conducta sexual orientadas al mantenimiento del orden público,alta,"El delito de sodomía en el CNP se clasifica como acto sexual consensual ilícito entre personas del mismo sexo, lo cual está incluido en el código ICCS 8029. No se aplica ninguna exclusión relevante para este delito.",
612,Violación sodomítica,,"CRÍMENES Y SIMPLES DELITOS CONTRA EL ORDEN DE LAS FAMILIAS, MORALIDAD PÚBLICA Y LA INTEGRIDAD SEXUAL",8029,Otros actos contrarios a las normas de conducta sexual orientadas al mantenimiento del orden público,alta,"El delito CNP 612 (Violación sodomítica) se clasifica como acto contra las normas de conducta sexual orientadas al mantenimiento del orden público, lo cual coincide con la glosa de 8029. La inclusión de 'sodomía que no constituye un acto lesivo de naturaleza sexual' en 8029 lo hace compatible con el delito CNP, ya que no se considera un acto lesivo sexual. Además, la sección ICCS (Actos contra el orden público) es compatible con el marco jurídico del delito.",Aplicar todas las exclusiones enumeradas en 0802
613,Abusos deshonestos,,"CRÍMENES Y SIMPLES DELITOS CONTRA EL ORDEN DE LAS FAMILIAS, MORALIDAD PÚBLICA Y LA INTEGRIDAD SEXUAL",8029,Otros actos contrarios a las normas de conducta sexual orientadas al mantenimiento del orden público,alta,"El delito CNP 613 (Abusos deshonestos) se relaciona con actos contrarios a las normas de conducta sexual orientadas al mantenimiento del orden público, lo cual coincide con la glosa de 8029. La sección ICCS es compatible (Actos contra el orden público), y las inclusiones de 8029 abarcan formas ilícitas de contacto sexual, que pueden incluir los abusos deshonestos. No hay exclusiones que descarten la aplicación de 8029 para este delito.",
614,Trata de blancas,,"CRÍMENES Y SIMPLES DELITOS CONTRA EL ORDEN DE LAS FAMILIAS, MORALIDAD PÚBLICA Y LA INTEGRIDAD SEXUAL",8029,Otros actos contrarios a las normas de conducta sexual orientadas al mantenimiento del orden público,alta,"El delito CNP 614 (Trata de blancas) se relaciona con actos que buscan explotar a personas, lo que se alinea con la glosa de 8029, que abarca actos contrarios a normas de conducta sexual orientadas al mantenimiento del orden público. La sección ICCS es compatible, y las inclusiones de 8029 incluyen la trata de personas con fines de explotación sexual, lo cual se ajusta al delito nacional. No se aplican exclusiones que descarten este código.",
615,Ultraje público a las buenas costumbres,Ofender el pudor o las buenas costumbres con hechos de grave escándalo o trascendencia no comprendidos en otros artículos del C.P.,"CONTRA ORDEN DE LAS FAMILIAS, MORALIDAD PÚBLICA Y LA INTEGRIDAD SEXUAL",8029,Otros actos contrarios a las normas de conducta sexual orientadas al mantenimiento del orden público,alta,"El delito CNP 615 se relaciona con ofender el pudor o las buenas costumbres con hechos de grave escándalo, lo cual se alinea con la glosa de 8029 que menciona actos contrarios a normas de conducta sexual orientadas al mantenimiento del orden público. Además, la nota 108 de 8029 incluye comportamientos que pueden ser ofensivos para el público, lo cual se ajusta al delito descrito. No hay exclusiones que descarten este código para el delito CNP.",
616,Difusión de material pornográfico (pornografía).,,"CRÍMENES Y SIMPLES DELITOS CONTRA EL ORDEN DE LAS FAMILIAS, MORALIDAD PÚBLICA Y LA INTEGRIDAD SEXUAL",8022,Delitos de pornografía,alta,"El delito CNP 616 se refiere a la difusión de material pornográfico, lo cual se alinea directamente con el código ICCS 8022 que abarca la producción, distribución y posesión de pornografía ilícita. No hay exclusiones que descarten este código para el delito descrito.",
617,Bigamia,Contraer matrimonio estando válidamente casado.,"CONTRA ORDEN DE LAS FAMILIAS, MORALIDAD PÚBLICA Y LA INTEGRIDAD SEXUAL",8029,Otros actos contrarios a las normas de conducta sexual orientadas al mantenimiento del orden público,alta,"El delito de bigamia se encuentra explícitamente incluido en el código ICCS 8029, que abarca actos contrarios a las normas de conducta sexual orientadas al mantenimiento del orden público. No se aplican exclusiones que descarten el delito, y la sección ICCS es compatible con el marco jurídico del delito.",
618,Delitos de significación sexual,,"CRÍMENES Y SIMPLES DELITOS CONTRA EL ORDEN DE LAS FAMILIAS, MORALIDAD PÚBLICA Y LA INTEGRIDAD SEXUAL",8029,Otros actos contrarios a las normas de conducta sexual orientadas al mantenimiento del orden público,alta,"El delito CNP 618 se describe como 'Delitos de significación sexual', lo cual se alinea con la glosa de 8029 que abarca 'otros actos contrarios a las normas de conducta sexual orientadas al mantenimiento del orden público'. La sección ICCS es compatible (Actos contra el orden público), y las inclusiones de 8029 incluyen formas ilícitas de contacto sexual, incesto, actos sexuales consensuales ilícitos entre personas del mismo sexo, bestialismo, necrofilia, etc., que son relevantes para el delito descrito. No hay exclusión que descarte el delito CNP en este código.",
619,Abuso sexual sin contacto corporal de mayor de 14 años y menor de 18 años,"El que sin realizar una acción sexual, para procurar su excitación sexual o la excitación sexual de otro, realice acciones de significación sexual ante una persona menor de edad pero mayor de 14 años,  la hiciere ver o escuchar material pornográfico, presenciar espectáculos del mismo carácter o determine a una persona mayor de 14 años y menor de 18 años a realizar acciones de significación sexual delante suyo o de otro, concurriendo cualquiera de las circunstancias del numeral 1°del artículo 361 o de las enumeradas en el artículo 363; o mediante amenazas en los términos del artículo 296 y 297; o  ""cometido a distancia, mediante cualquier medio electrónico""; o falseando su identidad o edad.","CONTRA ORDEN DE LAS FAMILIAS, MORALIDAD PÚBLICA Y LA INTEGRIDAD SEXUAL",30122,Agresión sexual no física,alta,"El delito CNP describe una agresión sexual sin contacto físico, lo que coincide con la definición de 'Agresión sexual no física' en el ICCS 30122. No se aplican exclusiones relevantes que descarten este código, y la sección 'Actos lesivos de naturaleza sexual' es compatible con el marco jurídico del delito.",
620,Abuso sexual sin contacto corporal de menor 14 años,"El que sin realizar una acción sexual para procurar su excitación sexual o la excitación sexual de otro realice acciones de significación sexual ante una persona menor de 14 años, la hiciere ver o escuchar material pornográfico, presenciar espectáculos del mismo carácter o determina a una persona menor de 14 años a realizar acciones de significación sexual delante suyo o de otro; o cometido a distancia mediante cualquier medio electrónico; o falseando su identidad o edad.","CONTRA ORDEN DE LAS FAMILIAS, MORALIDAD PÚBLICA Y LA INTEGRIDAD SEXUAL",30122,Agresión sexual no física,alta,"El delito CNP describe una agresión sexual sin contacto físico, lo que coincide con la glosa de 30122. No hay exclusiones que descarten este delito, y la sección ICCS es compatible con el marco jurídico del delito.",
621,Violación de menor de 14 años,"Acceder carnalmente vía vaginal, anal o bucal a una persona menor de 14 años, aunque no concurra ninguna de las circunstancias de la violación.","CONTRA ORDEN DE LAS FAMILIAS, MORALIDAD PÚBLICA Y LA INTEGRIDAD SEXUAL",30113,Violación por presunción legal,alta,"El delito CNP describe la penetración sexual de una menor de 14 años, lo cual coincide con la definición de 'Violación por presunción legal' en el ICCS 30113, que abarca la penetración sexual de una persona menor de la edad mínima de consentimiento. No hay exclusiones que descarten este código en relación con el delito descrito.",
622,Abuso sexual adulto,,"CRÍMENES Y SIMPLES DELITOS CONTRA EL ORDEN DE LAS FAMILIAS, MORALIDAD PÚBLICA Y LA INTEGRIDAD SEXUAL",8029,Otros actos contrarios a las normas de conducta sexual orientadas al mantenimiento del orden público,alta,"El delito CNP 622 (Abuso sexual adulto) se ajusta a la glosa de 8029, que abarca actos contrarios a normas de conducta sexual orientadas al mantenimiento del orden público, incluyendo formas ilícitas de contacto sexual. No hay exclusión que descarte este delito, y la sección ICCS es compatible con el marco legal del delito.",
623,Abuso sexual con contacto corporal de menor de 14 años,"El que realiza una acción sexual distinta del acceso carnal con una persona menor de 14 años. Se entiende por acción sexual cualquier acto de significación sexual y de relevancia realizado mediante contacto corporal con la víctima o que haya afectado los genitales, el ano o la boca de la víctima aun cuando no hubiere contacto corporal con ella.","CONTRA ORDEN DE LAS FAMILIAS, MORALIDAD PÚBLICA Y LA INTEGRIDAD SEXUAL",30113,Violación por presunción legal,alta,"El delito CNP describe una acción sexual con contacto corporal contra un menor de 14 años, lo que se alinea con la definición de 'violación por presunción legal' en el ICCS 30113, que incluye penetración sexual con una persona menor de la edad mínima de consentimiento. No se aplica la exclusión de violación (03011) ya que el delito CNP no menciona penetración, pero el ICCS 30113 abarca actos sexuales no deseados con menores.",Aplicar todas las exclusiones enumeradas en 03011
624,Aborto consentido por causales no reguladas,"Castiga al que, fuera de los casos permitidos por la Ley, maliciosamente causare un aborto con consentimiento de la mujer (342 N° 3° del Código Penal) y a la mujer que, fuera de los casos permitidos por la Ley, causare su aborto o consiente que otra persona se lo cause (344 del Código Penal).","CONTRA ORDEN DE LAS FAMILIAS, MORALIDAD PÚBLICA Y LA INTEGRIDAD SEXUAL",106,Feticidio ilegal,alta,"El delito CNP 624 se refiere a un aborto ilegal con consentimiento de la mujer, lo que se alinea con la definición de feticidio ilegal en el ICCS 106, que incluye el aborto ilegal. No hay exclusiones que descarten este delito en el contexto del ICCS 106.",
625,Aborto sin consentimiento,"Penaliza a quien causa maliciosamente un aborto sin consentimiento de la mujer (342 N° 2 del Código Penal) y al que maliciosamente cause un aborto ejerciendo violencia en la persona de la mujer embarazada (342 N° 1 del Código Penal).Sanciona al que con violencias causare un aborto, aún sin propósito, con tal que el estado de embarazo sea notorio.","CONTRA ORDEN DE LAS FAMILIAS, MORALIDAD PÚBLICA Y LA INTEGRIDAD SEXUAL",106,Feticidio ilegal,alta,"El delito CNP 625 se refiere a la causa de un aborto sin consentimiento, lo cual se alinea con el concepto de feticidio ilegal en el ICCS 106, que incluye el aborto ilegal como parte de su definición. La exclusión de aborto legal/feticidio legal no aplica en este caso, ya que el delito CNP implica un aborto sin consentimiento, que se considera ilegal.",Aborto legal/feticidio legal
626,Trata de personas,,"CRÍMENES Y SIMPLES DELITOS CONTRA EL ORDEN DE LAS FAMILIAS, MORALIDAD PÚBLICA Y LA INTEGRIDAD SEXUAL",8029,Otros actos contrarios a las normas de conducta sexual orientadas al mantenimiento del orden público,alta,"El delito de trata de personas (CNP 626) se relaciona con actos contrarios a las normas de conducta sexual orientadas al mantenimiento del orden público, lo cual se describe en el ICCS 8029. Este código incluye la trata de personas con fines de explotación sexual, que no está excluida en este caso. Además, el modelo multilingual-e5 lo prioriza como el más relevante.",trata de personas con fines de explotación sexual (02041) no es una exclusión aplicable en este caso
627,Trata de personas calificada,,"CRÍMENES Y SIMPLES DELITOS CONTRA EL ORDEN DE LAS FAMILIAS, MORALIDAD PÚBLICA Y LA INTEGRIDAD SEXUAL",8029,Otros actos contrarios a las normas de conducta sexual orientadas al mantenimiento del orden público,alta,"El delito CNP 627 (Trata de personas calificada) se relaciona con la explotación de personas, lo cual se excluye explícitamente en el código ICCS 802 (sección Actos contra el orden público, la autoridad y las disposiciones del Estado). Sin embargo, el código 8029, que abarca otros actos contrarios a las normas de conducta sexual orientadas al mantenimiento del orden público, incluye la trata de personas como parte de sus inclusiones, lo que lo hace compatible con el delito CNP. Además, el código 302 (explotación sexual) también menciona la trata de personas, pero se excluye explícitamente la trata de personas con fines de explotación sexual (02041) en el código 302, lo que lo descarta. Por lo tanto, el código 8029 es el más preciso y compatible con el delito CNP.",explotación de una persona para que se dedique a la prostitución o explotación de prostitutas (0302); trata de personas con fines de explotación sexual (02041)
628,Violación con homicidio o femicidio,"Castiga a quien, con ocasión de violación, cometiere además homicidio en la persona de la víctima. Si el autor del delito de Violación es un hombre y la víctima una mujer, el delito tendrá el nombre de violación con femicidio.","CONTRA ORDEN DE LAS FAMILIAS, MORALIDAD PÚBLICA Y LA INTEGRIDAD SEXUAL",30119,Otras formas de violación,alta,"El delito CNP se describe como violación con homicidio o femicidio, lo que se alinea con la glosa de 30119 (Otras formas de violación), que incluye violación con consecuencias adicionales. La sección ICCS (Actos lesivos de naturaleza sexual) es compatible con el marco del delito. Además, la nota 80 de 30119 define la penetración sexual, lo cual es relevante para la violación. No hay exclusiones que descarten este delito.",
629,Producción material pornográfico utilizando menores de 18 años,,"CRÍMENES Y SIMPLES DELITOS CONTRA EL ORDEN DE LAS FAMILIAS, MORALIDAD PÚBLICA Y LA INTEGRIDAD SEXUAL",30221,Pornografía infantil,alta,"El delito CNP se refiere a la producción de material pornográfico utilizando menores, lo cual se incluye en la glosa de 30221 (pornografía infantil). La inclusión menciona la producción de pornografía infantil, lo que coincide directamente con el delito descrito. Además, el código 8022 (delitos de pornografía) excluye explícitamente la pornografía infantil, lo que descarta su aplicación.","Pornografía infantil (030221); captación o persuasión de una persona para que se dedique a la prostitución, o explotación de prostitutas (0302); aplicar todas las exclusiones enumeradas en 0802"
630,Comercialización material pornográfico elaborado usando menores de 18 años,,"CRÍMENES Y SIMPLES DELITOS CONTRA EL ORDEN DE LAS FAMILIAS, MORALIDAD PÚBLICA Y LA INTEGRIDAD SEXUAL",30221,Pornografía infantil,alta,"El delito CNP implica la comercialización de material pornográfico elaborado usando menores de 18 años, lo cual se ajusta directamente a la definición de pornografía infantil en el código ICCS 30221. Este código incluye la producción, distribución y posesión de pornografía infantil, lo cual coincide con el móvil del delito descrito. Además, el código 30221 excluye a los delitos de pornografía general (08022), lo cual no aplica en este caso.",exclusiones de 08022 (delitos de pornografía)
631,Adquisición o almacenamiento material pornográfico infantil,,"CRÍMENES Y SIMPLES DELITOS CONTRA EL ORDEN DE LAS FAMILIAS, MORALIDAD PÚBLICA Y LA INTEGRIDAD SEXUAL",30221,Pornografía infantil,alta,"El delito CNP se refiere a la adquisición o almacenamiento de material pornográfico infantil, lo cual se alinea directamente con la definición de 'Pornografía infantil' en el ICCS 30221. La inclusión del ICCS 30221 menciona la posesión de pornografía infantil, lo que coincide con el delito nacional. Además, el ICCS 30221 excluye explícitamente los delitos de pornografía (08022), lo que confirma que el delito CNP no se clasifica bajo esa categoría.",Delitos de pornografía (08022)
632,Obtención de servicios sexuales de menores,"Se refiere al que a cambio de dinero u otras prestaciones de cualquier naturaleza, obtuviere servicios sexuales por parte de personas mayores de catorce pero menores de dieciocho años de edad sin que medien las circunstancias de los delitos de violación o estupro.","CONTRA ORDEN DE LAS FAMILIAS, MORALIDAD PÚBLICA Y LA INTEGRIDAD SEXUAL",30222,Prostitución infantil,alta,"El delito CNP se refiere a la obtención de servicios sexuales de menores, lo cual coincide directamente con la definición de 'Prostitución infantil' en el ICCS 30222. La inclusión de 'pago por los servicios sexuales de un menor' y la exclusión de delitos de violación o estupro confirman la compatibilidad. La sección ICCS 'Actos lesivos de naturaleza sexual' también se alinea con el marco del delito.",Explotación de una persona para que se dedique a la prostitución o explotación de prostitutas (0302); prostitución infantil (030222)
633,Abuso sexual calificado (con introducción de objetos o uso de animales),"Se refiere a una acción sexual consistente en la introducción de objetos de cualquier índole por vía vaginal, anal o bucal o la utilización de animales en ello.","CONTRA ORDEN DE LAS FAMILIAS, MORALIDAD PÚBLICA Y LA INTEGRIDAD SEXUAL",302,Explotación sexual,alta,"El delito CNP describe una acción sexual con introducción de objetos o uso de animales, lo que se alinea con la definición de 'explotación sexual' en el ICCS 302, que abarca actos de abuso de una situación de vulnerabilidad o uso de la fuerza para sacar provecho mediante actos sexuales. Además, el ICCS 302 excluye delitos como la violación (03011) y otros actos no relacionados con explotación sexual, lo que confirma su relevancia.","Violación (03011); violencia sexual (0301); delitos de prostitución, delitos de pornografía y otros actos contrarios a las normas de conducta sexual orientadas al mantenimiento del orden público, como el incesto y el exhibicionismo (0802); abuso de funciones (07033); agresiones y amenazas (0201); esclavitud y explotación que no equivalen a actos lesivos de naturaleza sexual (0203); trata de personas con fines de explotación sexual (02041); hostigamiento y acoso (0207); delitos en razón de la condición de menor de edad (11021)"
634,Abuso sexual de mayor de 14 años y menor de 18 años con circunstancia de estupro,"El que abusivamente realiza una acción sexual distinta del acceso carnal con una persona mayor de 14 años y menor de 18 años, cuando el abuso consiste en la concurrencia de alguna de las circunstancias del estupro. Se entiende por acción sexual cualquier acto de significación sexual y de relevancia realizado mediante contacto corporal con la víctima o que haya afectado los genitales, el ano o la boca de la víctima aun cuando no hubiere contacto corporal con ella.","CONTRA ORDEN DE LAS FAMILIAS, MORALIDAD PÚBLICA Y LA INTEGRIDAD SEXUAL",30229,Otras formas de explotación sexual de menores,alta,"El delito CNP describe un abuso sexual con circunstancia de estupro, lo que se alinea con la explotación sexual de menores descrita en el código 30229. La glosa del código incluye 'actos impúdicos con un menor', que coincide con la definición del delito CNP. Además, el código 30229 está diseñado para cubrir casos de explotación sexual de menores no descritos en otras categorías.",aplicar todas las exclusiones enumeradas en 03022
635,Abuso sexual de mayor de 14 (con circunstancias de violación),"El que abusivamente realiza una acción sexual distinta del acceso carnal con una persona mayor de 14 años, cuando el abuso consiste en la concurrencia de alguna de las circunstancias de la violación. Se entiende por acción sexual cualquier acto de significación sexual y de relevancia realizado mediante contacto corporal con la víctima o que haya afectado los genitales, el ano o la boca de la víctima aun cuando no hubiere contacto corporal con ella.","CONTRA ORDEN DE LAS FAMILIAS, MORALIDAD PÚBLICA Y LA INTEGRIDAD SEXUAL",30119,Otras formas de violación,alta,"El delito CNP describe un abuso sexual con circunstancias de violación, lo que se alinea con la definición de 'Otras formas de violación' en el ICCS 30119. Este código abarca violaciones no descritas en otras categorías y se ajusta al marco legal del delito CNP, que incluye la penetración sexual sin consentimiento válido. No se aplican exclusiones que descarten este código.",
636,Aborto cometido por facultativo por causales no reguladas,Sanciona al facultativo que abusando de su oficio causa un aborto o coopera a él.,"CONTRA ORDEN DE LAS FAMILIAS, MORALIDAD PÚBLICA Y LA INTEGRIDAD SEXUAL",106,Feticidio ilegal,alta,"El delito CNP se refiere a un aborto cometido por un facultativo por causales no reguladas, lo cual se ajusta a la definición de feticidio ilegal en el ICCS 106, que incluye el aborto ilegal. La exclusión de aborto legal no aplica en este caso, ya que el delito se basa en causales no reguladas.",Aborto legal/feticidio legal
637,Violación de mayor de 14 años,"Acceder carnalmente, por vía vaginal, anal o bucal a una persona mayor de catorce años si se usa fuerza o intimidación; que la víctima se halle privada de sentido, o cuando se aprovecha su incapacidad para oponerse abusa de la enajenación o trastorno mental de la víctima.","CONTRA ORDEN DE LAS FAMILIAS, MORALIDAD PÚBLICA Y LA INTEGRIDAD SEXUAL",30113,Violación por presunción legal,alta,"El delito CNP describe la violación de una persona mayor de 14 años mediante fuerza, intimidación, privación de sentido o aprovechamiento de su incapacidad. El código ICCS 30113 corresponde a la violación por presunción legal, que incluye la penetración sexual sin consentimiento válido, con o sin uso de la fuerza, y aplica a personas que no pueden dar su consentimiento por razones jurídicas. Esto se alinea con la descripción del delito CNP, que menciona la falta de consentimiento y el uso de fuerza o intimidación. Además, el código 30113 no excluye el delito CNP, mientras que otros candidatos como 3011 o 30111 excluyen situaciones que podrían aplicarse al delito CNP.",Violación por presunción legal (030113); aplicar todas las exclusiones enumeradas en 03011
638,"Captación, grabación y difusión de registros audiovisuales de partes íntimas","Castiga al que en lugares públicos o de libre acceso público y que por cualquier medio capte, grabe, filme o fotografíe imágenes, videos o cualquier registro audiovisual, de los genitales u otra parte íntima del cuerpo de otra persona con fines de significación sexual y sin su consentimiento.","CONTRA ORDEN DE LAS FAMILIAS, MORALIDAD PÚBLICA Y LA INTEGRIDAD SEXUAL",30223,Captación de menores con fines sexuales,alta,"El delito CNP se enfoca en la captación, grabación y difusión de imágenes íntimas sin consentimiento, lo cual se alinea con la definición de 'Captación de menores con fines sexuales' en el ICCS 30223. Aunque el delito no menciona explícitamente menores, la intención del delincuente es sexual, lo que lo clasifica dentro de esta categoría. No se aplican exclusiones que descarten este código.",
639,Abuso sexual de mayor de 14 años por sorpresa y/o sin consentimiento,"Sanciona al que realizare una acción sexual, distinta del acceso carnal con una persona mayor de 14 años, por vía vaginal, anal o bucal, actuando por sorpresa o realizando otra maniobra que no suponga consentimiento de la víctima.","CONTRA ORDEN DE LAS FAMILIAS, MORALIDAD PÚBLICA Y LA INTEGRIDAD SEXUAL",301,Violencia sexual,alta,"El delito CNP describe una acción sexual no deseada con una persona mayor de 14 años, sin consentimiento, lo que se alinea con la definición de 'Violencia sexual' en el ICCS 301. El movil del delito es la conducta sexual no deseada, no la consecuencia más grave. No se aplica la exclusión de 'explotación sexual' ni 'violación' porque el delito no implica uso de fuerza o explotación económica.",
640,Acoso sexual en lugares públicos o de libre acceso público,"Sanciona al que realizare, en lugares públicos o de libre acceso público, y sin mediar el consentimiento de la víctima, un acto de significación sexual capaz de provocar una situación objetivamente intimidatoria, hostil o humillante, de manera verbal o por medio de gestos. Asimismo, sanciona los acercamientos o persecuciones, o actos de exhibicionismo obsceno o de contenido sexual explícito.","CONTRA ORDEN DE LAS FAMILIAS, MORALIDAD PÚBLICA Y LA INTEGRIDAD SEXUAL",8029,Otros actos contrarios a las normas de conducta sexual orientadas al mantenimiento del orden público,alta,"El delito CNP se ajusta a la glosa de 8029, que abarca actos contrarios a normas de conducta sexual orientadas al mantenimiento del orden público, incluyendo exhibicionismo, acercamientos o persecuciones y actos de contenido sexual explícito. No se aplican exclusiones que descarten el delito, ya que el CNP no se encauza en categorías como violación, explotación sexual o agresión sexual física.",
647,Transmisión de imágenes de connotación sexual de menor 18 años,"Sanciona al que usando dispositivos técnicos transmitiere la imagen o sonido de una situación o interacción que permitiere presenciar, observar o escuchar la realización de una acción sexual o de una acción de significación sexual, por parte de una persona menor de dieciocho años","CONTRA ORDEN DE LAS FAMILIAS, MORALIDAD PÚBLICA Y LA INTEGRIDAD SEXUAL",30221,Pornografía infantil,alta,"El delito CNP se enfoca en la transmisión de imágenes de connotación sexual de menores, lo que se alinea directamente con la definición de pornografía infantil en el ICCS 30221. La descripción del delito incluye la transmisión de imágenes, lo cual se menciona explícitamente en la inclusión del ICCS 30221. No hay exclusiones que descarten este código en relación con el delito descrito.",
648,Comercialización de material pornográfico de menores de 18 años,"Sanciona al que comercializare, importare, exportare, distribuyere, difundiere o exhibiere material pornográfico o de explotación sexual, cualquiera sea su soporte, en cuya elaboración hayan sido utilizadas personas menores de dieciocho años","CONTRA ORDEN DE LAS FAMILIAS, MORALIDAD PÚBLICA Y LA INTEGRIDAD SEXUAL",30221,Pornografía infantil,alta,"El delito CNP se enfoca en la comercialización de material pornográfico que involucra menores, lo cual se alinea directamente con la definición de 'pornografía infantil' en el ICCS 30221. Este código incluye la producción, distribución y posesión de pornografía infantil, lo cual coincide con la descripción del delito nacional. El código 3022, aunque relacionado, se enfoca en la explotación sexual de menores, lo cual no es el móvil principal del delito descrito.",Delitos de pornografía (08022)
649,Producción material pornográfico utilizando menores de 18 años,Sanciona al que produzca o participe en la producción de material pornográfico o de explotación sexual en que hayan sido utilizadas personas menores de dieciocho años.,"CONTRA ORDEN DE LAS FAMILIAS, MORALIDAD PÚBLICA Y LA INTEGRIDAD SEXUAL",30221,Pornografía infantil,alta,"El delito CNP se refiere a la producción de material pornográfico utilizando menores, lo cual se alinea directamente con la definición de 'Pornografía infantil' en el ICCS 30221. Este código incluye la creación de pornografía infantil, que coincide con la descripción del delito nacional. Además, el código 30221 no excluye la producción de material pornográfico con menores, lo que lo hace compatible con el delito descrito.",
650,Adquisición o almacenamiento material pornográfico infantil,"Sanciona al que maliciosamente almacenare o adquiriere material pornográfico o de explotación sexual, cualquiera sea su soporte, en cuya elaboración hayan sido utilizadas personas menores de dieciocho años.","CONTRA ORDEN DE LAS FAMILIAS, MORALIDAD PÚBLICA Y LA INTEGRIDAD SEXUAL",30221,Pornografía infantil,alta,"El delito CNP se refiere a la adquisición o almacenamiento de material pornográfico infantil, lo cual se describe directamente en la glosa de 30221. Además, las inclusiones de 30221 mencionan la posesión de pornografía infantil, que coincide con la descripción del delito CNP. No hay exclusiones que descarten este código en relación al delito.",
651,Exhibición de registros de contenido sexual sin consentimiento,"Sanciona al que obtenga maliciosamente, para sí o para un tercero, la cancelación indebida de los cargos o la restitución indebida de fondos a que se refiere el artículo 5 de la Ley 20.099, sea proporcionando datos o antecedentes falsos en la declaración jurada, desconociendo falsamente una o más operaciones con medios de pago de su titularidad, simulando la existencia de operaciones no autorizadas, provocándolas intencionalmente, o presentándolas ante el emisor como ocurridas por causas o en circunstancias distintas a las verdaderas.","CONTRA ORDEN DE LAS FAMILIAS, MORALIDAD PÚBLICA Y LA INTEGRIDAD SEXUAL",8029,Otros actos contrarios a las normas de conducta sexual orientadas al mantenimiento del orden público,alta,"El delito CNP se relaciona con la exhibición de contenido sexual sin consentimiento, lo cual se alinea con el código ICCS 8029 que abarca otros actos contrarios a las normas de conducta sexual orientadas al mantenimiento del orden público. No hay exclusiones que descarten este código en relación con el delito descrito.",
652,Difusión de registros de contenido sexual sin consentimiento,"Sanciona al que envíe, difunda o publique, sin autorización expresa, un registro de imágenes o sonidos en que se representa una acción sexual que involucra a otro o imágenes íntimas de connotación sexual, independiente de como haya sido obtenido.","CONTRA ORDEN DE LAS FAMILIAS, MORALIDAD PÚBLICA Y LA INTEGRIDAD SEXUAL",8022,Delitos de pornografía,alta,"El delito CNP se relaciona con la difusión de contenido sexual sin consentimiento, lo que se alinea con el delito de pornografía en el ICCS. La descripción del delito CNP incluye la publicación de imágenes o sonidos de contenido sexual, lo que se ajusta a la definición de pornografía ilícita en el ICCS 8022. Además, las exclusiones de 8022 no descartan el delito CNP, ya que no se menciona explícitamente que el contenido involucra menores o explotación sexual.",
699,"Otros delitos contra el orden de las familias, contra la moralidad pública y contra la integridad sexual",Sin descripción,"CONTRA ORDEN DE LAS FAMILIAS, MORALIDAD PÚBLICA Y LA INTEGRIDAD SEXUAL",8029,Otros actos contrarios a las normas de conducta sexual orientadas al mantenimiento del orden público,alta,"El delito CNP 699 se relaciona con actos contra la moralidad pública y la integridad sexual, lo cual se alinea con la glosa de 8029 que menciona actos contrarios a normas de conducta sexual orientadas al mantenimiento del orden público. Las inclusiones de 8029 abarcan incesto, actos sexuales consensuales ilícitos entre personas del mismo sexo, bestialismo, necrofilia, etc., que son compatibles con la familia del delito CNP. No se aplican exclusiones que descarten el delito.",
701,Parricidio,"El que conociendo las relaciones que los ligan, mate a su padre, madre, hijo, a los ex cónyuges o convivientes o cualquier otro de sus ascendientes o descendientes o a su cónyuge o conviviente.",CONTRA LAS PERSONAS,101,Homicidio intencional,alta,"El delito de parricidio se clasifica como homicidio intencional, ya que se trata de la muerte de un familiar cercano con la intención de causar la muerte. Las exclusiones aplicadas incluyen el homicidio justificable en defensa propia y el homicidio sin intención, que no se aplican en este caso.",homicidio justificable en defensa propia; homicidio sin el elemento de la intención
702,Homicidio,Castiga al que mate a otro sin concurrir las circunstancias del homicidio calificado ni del parricidio,CONTRA LAS PERSONAS,101,Homicidio intencional,alta,"El delito CNP describe un homicidio sin circunstancias calificadas, lo que corresponde a un homicidio intencional. El código ICCS 101 abarca el homicidio intencional, incluyendo casos como el homicidio voluntario y el asesinato, lo cual se ajusta al delito descrito. No se aplican exclusiones que descarten este código para el caso presentado.",
703,Homicidio calificado,"Matar a otra persona con alevosía, por premio o promesa remuneratoria,  por beneficio económico o de otra naturaleza en provecho propio o de un tercero, por medio de veneno, con ensañamiento (aumentar deliberadamente e inhumanamente el dolor al ofendido) o con premeditación conocida",CONTRA LAS PERSONAS,101,Homicidio intencional,alta,"El delito CNP describe un homicidio calificado con intención, premeditación, alevosía y ensañamiento, lo que se alinea con la definición de 'Homicidio intencional' en el ICCS 101. Las exclusiones del ICCS 101 no aplican al delito descrito, ya que no se trata de un homicidio justificable, legal o sin intención.",
704,Homicidio simple,,CONTRA LAS PERSONAS,1031,Homicidio no culposo,alta,"El delito CNP (Homicidio simple) se clasifica como un homicidio no culposo, ya que no hay intención de causar la muerte ni lesiones graves, pero existe intención general de causar daño. El código ICCS 1031 corresponde a este perfil, mientras que otros como 101 (homicidio intencional) o 103 (homicidio no intencional) no se ajustan al móvil del delito descrito.",Homicidio intencional que no equivale a crimen de guerra (0101); tentativa de homicidio intencional que no equivale a crimen de guerra (0102); homicidio no intencional que no equivale a crimen de guerra (0103)
705,Homicidio en riña o pelea,Se sanciona cuando se comete un homicidio en riña o pelea y no constando el autor de la muerte.,CONTRA LAS PERSONAS,101,Homicidio intencional,alta,"El delito CNP (Homicidio en riña o pelea) se caracteriza por la intención de causar daño grave, incluso la muerte, en un contexto de conflicto entre personas. El código ICCS 101 (Homicidio intencional) corresponde a la intención de causar la muerte o lesiones graves, lo cual coincide con el móvil del delito. No se aplica la exclusión de homicidio no intencional (0103) ni de homicidio justificable, ya que el delito no implica defensa propia ni intervención legal.",homicidio no intencional (0103); homicidio justificable en defensa propia (0102)
706,Auxilio al suicidio,El que con conocimiento de causa presta auxilio a otro para que se suicide.,CONTRA LAS PERSONAS,104,Suicidio asistido o incitación al suicidio,alta,"El delito CNP (Auxilio al suicidio) se alinea directamente con la glosa de 104 (Suicidio asistido o incitación al suicidio), ya que ambos comparten el móvil de facilitar el suicidio. Además, la sección ICCS (Actos que causan la muerte o que tienen la intención de causar la muerte) es compatible con el marco jurídico del delito. Las exclusiones de 104 no aplican al delito CNP, ya que no se trata de muerte causada por otra persona con la intención de provocar la muerte sin dolor o poner fin a un sufrimiento imposible de aliviar.",
707,Infanticidio,"Padre, madre o demás ascendientes legítimos o ilegítimos que maten al hijo o descendiente dentro de 48 horas después del parto.",CONTRA LAS PERSONAS,101,Homicidio intencional,alta,"El infanticidio está incluido en la glosa de homicidio intencional según las notas del ICCS 101, lo cual se alinea con el móvil del delito (matar al hijo recién nacido). No hay exclusiones que descarten el delito en este contexto.",
708,Lesiones corporales,,CONTRA LAS PERSONAS,20111,Agresión grave,alta,"El delito CNP 708 (Lesiones corporales) se ajusta a la definición de 'Agresión grave' en el ICCS 20111, que incluye la aplicación intencional o imprudente de fuerza física intensa que provoca lesiones corporales graves. La glosa y la descripción coinciden en el móvil del delito, que es causar daño físico. No se aplican exclusiones que descarten este código para el delito descrito.",
709,Lesiones graves,Si las lesiones produjeran al ofendido una enfermedad o incapacidad para el trabajo por más de treinta días.,CONTRA LAS PERSONAS,20111,Agresión grave,alta,"El delito CNP 709 (Lesiones graves) se describe como una aplicación intencional o imprudente de fuerza física intensa que provoca lesiones corporales graves, lo cual coincide con la definición de 'Agresión grave' en el ICCS 20111. Además, el código ICCS 20111 incluye 'lesiones corporales graves' como inclusión, lo que refuerza la coincidencia. No hay exclusiones que descarten este código para el delito descrito.",
710,Lesiones menos graves,Cualquier otra lesión que no se comprenda dentro de las lesiones graves gravísimas o graves o lesiones leves.,CONTRA LAS PERSONAS,20112,Agresión leve,alta,"El delito CNP 710 corresponde a lesiones menos graves, que no son graves ni leves. El código ICCS 20112 describe agresión leve, que no provoca heridas ni lesiones leves, lo cual coincide con la definición del CNP. No hay exclusiones que descarten este código para el delito descrito.",
715,Calumnia,"Imputación de un delito determinado pero falso, y que pueda actualmente perseguirse de oficio.",CONTRA LAS PERSONAS,209,Difamación o insulto,alta,"La calumnia se incluye explícitamente en la glosa de 209 como una forma de difamación o insulto, y la descripción del delito CNP coincide con la intención de dañar la reputación de otra persona mediante una imputación falsa. No hay exclusiones que descarten la calumnia como parte de este código.",
716,Injuria,"Toda expresión o acción realizada con el fin de deshonrar, desacreditar o menospreciar a otro.",CONTRA LAS PERSONAS,209,Difamación o insulto,alta,"El delito CNP 716 (Injuria) se describe como una expresión o acción con el fin de deshonrar, desacreditar o menospreciar a otro, lo cual se alinea directamente con la definición de 'Difamación o insulto' en el ICCS 209. El ICCS 209 incluye la injuria como una de sus inclusiones, lo que confirma su pertinencia. No hay exclusiones que descarten el delito CNP en este código.",
717,Lesiones graves gravísimas,"Si como resultado de las lesiones queda el ofendido demente, inútil para el trabajo, impotente, impedido de algún miembro importante o notablemente deforme.",CONTRA LAS PERSONAS,20111,Agresión grave,alta,"El delito CNP describe lesiones graves que incluyen consecuencias como dementía, impotencia o deformidad notable, lo cual se alinea con la definición de 'agresión grave' en el ICCS 20111, que abarca lesiones corporales graves. No hay exclusiones que descarten este código para el delito descrito.",
718,Castración y mutilación,"Lo comete el que maliciosamente castrare a otro. Consiste en amputar o cercenar cualquier órgano distinto de los comprendidos en la castración. Puede ser de miembro importante, que es aquélla que deja a la víctima en la imposibilidad de valerse por sí mismo o de ejecutar las funciones naturales que antes ejecutaba; o de miembro menos importante, que es aquélla que no produce dichos efectos.",CONTRA LAS PERSONAS,2119,Otras transgresiones contra las personas,alta,"El delito CNP 718 se refiere a la castración y mutilación con intención maliciosa, lo cual se alinea con la glosa de 2119 que abarca otras transgresiones contra las personas. La sección ICCS correspondiente (Actos que causan danos o que tienen la intención de causar danos a las personas) es compatible con el móvil del delito, que es la intención de causar daño físico. Además, las inclusiones de 2119 mencionan mutilación de cadáveres, lo cual refuerza la pertinencia del código para el delito descrito.",
719,Mutilación,,CONTRA LAS PERSONAS,2119,Otras transgresiones contra las personas,alta,"El delito CNP 719 (Mutilación) se ajusta a la inclusión de 'Mutilación de cadáveres' en el código ICCS 2119, que describe 'Otras transgresiones contra las personas'. La sección ICCS y la definición coinciden con el móvil del delito, que es la intromisión ilícita en la integridad física. No hay exclusiones que descarten el delito CNP en este código.",
720,Femicidio íntimo,"Castiga al hombre que mate a una mujer que es o ha sido su cónyuge o conviviente, o con quien tiene o ha tenido un hijo en común o que mate a una mujer en razón de tener o haber tenido con ella una relación de pareja de carácter sentimental o sexual sin convivencia.",CONTRA LAS PERSONAS,101,Homicidio intencional,alta,"El delito CNP 720 se describe como un homicidio con motivos de violencia de género, lo cual se incluye en la glosa de 'homicidio intencional' del ICCS 101. La nota 41 del ICCS 101 menciona explícitamente el feminicidio como un tipo de homicidio intencional, lo que coincide con el delito nacional. No hay exclusiones que descarten este código para el caso descrito.",
721,Tráfico de migrantes,El que con ánimo de lucro facilite o promueva la entrada ilegal al país de una persona que no sea nacional o residente.,CONTRA LAS PERSONAS,8051,Delitos de tráfico ilícito de migrantes,alta,"El delito CNP 721 se describe como facilitar la entrada ilegal de una persona no nacional o residente con ánimo de lucro, lo cual coincide directamente con la descripción de 8051: 'Delitos de tráfico ilícito de migrantes', que incluye la facilitación de la entrada ilegal con beneficio financiero. No hay exclusiones que descarten este código para el delito CNP.",
722,Tráfico de migrantes cometidos por funcionario público,"El funcionario público que en el desempeño de su cargo o abusando de él, con o sin ánimo de lucro facilite o promueva la entrada ilegal al país de una persona que no sea nacional o residente.",CONTRA LAS PERSONAS,8051,Delitos de tráfico ilícito de migrantes,alta,"El delito CNP se ajusta a la definición de 'Delitos de tráfico ilícito de migrantes' en el ICCS 8051, ya que se trata de facilitar la entrada ilegal de una persona no nacional o residente. La exclusión de 'tráfico ilícito de migrantes' en el ICCS 204 no aplica aquí, ya que el delito no implica explotación sexual ni otros elementos de la trata de personas. La sección ICCS 8051 es compatible con el marco legal del delito CNP.",aplicar todas las exclusiones enumeradas en 0805
723,Trata de personas para la explotación sexual,"Quien, con violencia, intimidación, coacción, engaño, abuso de poder, aprovechamiento de una situación de vulnerabilidad y otros descritos, capte, traslade, acoja o reciba personas para explotación sexual.",CONTRA LAS PERSONAS,204,Trata de personas,alta,"El delito CNP se ajusta al concepto de 'Trata de personas' en el ICCS 204, ya que incluye la captación, traslado y acojo de personas mediante medios coercitivos con fines de explotación sexual. Las exclusiones del ICCS 204 no descartan el delito CNP, ya que no se menciona explícitamente como exclusión la explotación sexual, que es precisamente el fin del delito descrito.",
724,Trata de personas menores de 18 años,"Victima fuere menor de edad, aun cuando no concurriere violencia, intimidación coacción, engaño abuso de poder. aprovechamiento de una situación de vulnerabilidad o de dependencia de la víctima.",CONTRA LAS PERSONAS,204,Trata de personas,alta,"El delito CNP 724 se refiere a la trata de personas menores de 18 años, incluso sin violencia, intimidación o coacción, pero aprovechando una situación de vulnerabilidad. El código ICCS 204 abarca la trata de personas, incluyendo a menores, y menciona explícitamente la explotación sexual, trabajo forzoso, esclavitud y prácticas análogas, lo cual se alinea con la descripción del delito CNP. Las exclusiones de ICCS 204 no descartan el delito CNP, ya que el delito CNP no se encauza en esclavitud, trabajo forzoso o violación sexual, que son exclusiones de este código.",
725,Asociación ilícita para tráfico de migrantes y/o trata de personas,Los que se asociaren u organizaren con el objeto de cometer tráfico de migrantes y /o trata de personas.,CONTRA LAS PERSONAS,8051,Delitos de tráfico ilícito de migrantes,alta,"El delito CNP se refiere específicamente al tráfico de migrantes y trata de personas, lo cual se alinea directamente con la definición de 'Delitos de tráfico ilícito de migrantes' en el ICCS 8051. Además, el código incluye la 'acogida de migrantes objeto de tráfico ilícito', lo cual se ajusta a la descripción del delito nacional. No se aplican exclusiones que descarten este código.",
726,Promover o facilitar entrada o salida de personas del país para prostitución,"Promover o facilitar la entrada o salida del país de personas, para ejercer prostitución en territorio nacional o extranjero",CONTRA LAS PERSONAS,204,Trata de personas,alta,"El delito CNP se enfoca en promover o facilitar la entrada o salida de personas para prostitución, lo cual se alinea con la definición de 'trata de personas' en el ICCS 204. La descripción del ICCS 204 incluye la explotación de la prostitución ajena, lo cual es compatible con el móvil del delito. El ICCS 8021, aunque relacionado con prostitución, se enfoca en actos contra el orden público, lo cual no es el móvil principal del delito CNP. Además, el ICCS 204 no excluye directamente el delito CNP, mientras que otros candidatos como 8051 o 3021 no abordan el móvil de facilitar la entrada o salida de personas para prostitución.",
727,Trata de personas para trabajos forzados y otros,"El que mediante violencia, intimidación, coacción, engaño, abuso de poder, aprovechamiento de situación de vulnerabilidad y otros descritos, capte, traslade, acoja o reciba personas para trabajos forzados, servidumbre, esclavitud y otras prácticas análogas o extracción de órganos.",CONTRA LAS PERSONAS,204,Trata de personas,alta,"El delito CNP 727 se alinea directamente con la definición de 'Trata de personas' en el ICCS 204, que incluye la captación, traslado, acojo o recepción de personas mediante violencia, intimidación, coacción, engaño, abuso de poder, aprovechamiento de situación de vulnerabilidad y otros medios, con fines de trabajos forzados, servidumbre, esclavitud y otras prácticas análogas o extracción de órganos. Las exclusiones mencionadas en el ICCS 204 no descartan el delito CNP, ya que el delito nacional no corresponde a esclavitud, trabajo forzoso o actos lesivos de naturaleza sexual, que son excluidos en ese código.",
763,Maltrato corporal a menores o personas vulnerables,"El que, de manera relevante, maltratare corporalmente a un niño, niña o adolescente menor de dieciocho años, a una persona adulta mayor o a una persona en situación de discapacidad en los términos de la Ley N° 20.422 será sancionado con prisión en cualquiera de sus grados o multa de una a cuatro unidades tributarias mensuales, salvo que el hecho sea constitutivo de un delito de mayor gravedad.",CONTRA LAS PERSONAS,20611,Negligencia en situaciones de menores bajo cuidado,alta,"El delito CNP se refiere al maltrato corporal a menores o personas vulnerables, lo cual se alinea con la descripción de 20611, que aborda lesiones corporales o posibilidad de infligirles debido a la negligencia de una persona que tiene la obligación legal de cuidar a un menor. No se aplican exclusiones que descarten este código.",
764,Maltrato cometido por persona con deber de cuidado,"El que teniendo un deber especial de cuidado o protección respecto de alguna de las personas referidas en el inciso primero, la maltratare corporalmente de manera relevante o no impidiere su maltrato debiendo hacerlo, será castigado con la pena de presidio menor en su grado mínimo, salvo que el hecho fuere constitutivo de un delito de mayor gravedad, caso en el cual se aplicará sólo la pena asignada por la Ley a éste.",CONTRA LAS PERSONAS,20619,Otras formas de negligencia en situaciones de personas bajo cuidado,alta,"El delito CNP se refiere a maltrato corporal por parte de una persona con deber de cuidado, lo cual se alinea con la glosa de 20619 que aborda negligencia en situaciones de personas bajo cuidado. La sección ICCS y las notas coinciden con el marco legal del delito, y no se aplican exclusiones que descarten este código.",
765,Tratos degradantes a personas vulnerables,"El que sometiere a una de las personas referidas en los incisos primero y segundo del artículo 403 bis a un trato degradante, menoscabando gravemente su dignidad, será sancionado con la pena de presidio menor en su grado mínimo.",CONTRA LAS PERSONAS,204,Trata de personas,alta,"El delito CNP se enfoca en tratos degradantes a personas vulnerables, lo que se alinea con la definición de 'Trata de personas' en el ICCS 204. Aunque el delito CNP no menciona explícitamente la explotación sexual o el trabajo forzoso, estas exclusiones no descartan el delito, ya que el enfoque principal es el trato degradante. Además, el modelo de embedding y la descripción del ICCS 204 coinciden con el móvil del delito.",
766,Femicidio no íntimo,"Castiga al hombre que mate a una mujer en razón de su género, esto es:1.- Como consecuencia de la negativa a establecer con el autor una relación de carácter sentimental o sexual.2.- Ser consecuencia de que la víctima ejerza o haya ejercido la prostitución, u otra ocupación u oficio de carácter sexual.3.- Haberse cometido el delito tras haber ejercido contra la víctima cualquier forma de violencia sexual, salvo que exista Violación con Homicidio.4.- Haberse realizado con motivo de la orientación sexual, identidad de género o expresión de género de la víctima.5.- Haberse cometido en cualquier tipo de situación en la que se den circunstancias de manifiesta subordinación por las relaciones desiguales de poder entre el agresor y la víctima, o motivada por una evidente intención de discriminación.",CONTRA LAS PERSONAS,301,Violencia sexual,alta,"El delito CNP se centra en la violencia ejercida por el género, con motivos relacionados con la orientación sexual, identidad de género, discriminación y violencia sexual. El código ICCS 301 (Violencia sexual) abarca actos sexuales no deseados, incluyendo violencia motivada por discriminación o subordinación de poder, lo cual se alinea con el móvil del delito descrito. Las exclusiones de 301 no aplican al caso, ya que el delito no cae en las categorías excluidas como trata de personas, prostitución o violación con homicidio.",
767,Lesiones graves y menos graves a miembros de bomberos en el ejercicio de sus funciones,Castiga las lesiones graves y menos graves cometidas a miembros del cuerpo de bomberos en el ejercicio de sus funciones.,CONTRA LAS PERSONAS,20111,Agresión grave,alta,"El delito CNP describe lesiones graves y menos graves cometidas contra bomberos en el ejercicio de sus funciones, lo que se alinea con la definición de 'Agresión grave' en el ICCS 20111, que incluye lesiones corporales graves. No hay exclusión que descarte este candidato, y la sección ICCS es compatible con el marco del delito.",
768,"Suicidio femicida, inducción al suicidio y/o al suicidio femicida","Sanciona al que con ocasión de hechos previos constitutivos de violencia de género, cometidos por éste en contra de la víctima, causare el suicidio de una mujer.",CONTRA LAS PERSONAS,104,Suicidio asistido o incitación al suicidio,alta,"El delito CNP se centra en la inducción al suicidio de una mujer en el contexto de violencia de género, lo cual se alinea con la definición de 'Suicidio asistido o incitación al suicidio' en el ICCS 104. La inclusión de este código abarca la incitación al suicidio, lo cual es el móvil principal del delito descrito. Además, el código 104 no excluye el caso descrito, mientras que otros como 101 (homicidio intencional) no son aplicables debido a que el móvil no es causar la muerte, sino inducir el suicidio.",
769,Conspiración para cometer homicidio calificado por premio o promesa remuneratoria,Sanciona a quien induzca a otra persona a cometer suicidio; Sanciona la inducción al suicidio y la consecuente muerte de la víctima cuando se produce con ocasión de concurrir cualesquiera de las circunstancias establecidas en el artículo 390 ter del CP. Conspiración para cometer el delito de homicidio calificado por premio o promesa remuneratoria o por beneficio económico o de otra naturaleza en provecho propio o de un tercero.,CONTRA LAS PERSONAS,1042,Otros actos de suicidio asistido o incitación al suicidio,alta,"El delito CNP se centra en la incitación al suicidio, lo cual se alinea directamente con la glosa de 1042. La sección ICCS es compatible, y las exclusiones no descartan este delito. Además, el modelo de embedding lo prioriza como relevante.",
770,Conspiración para cometer homicidio calificado por premio o promesa remuneratoria contra autoridades,"Conspiración para cometer el delito de homicidio calificado por premio o promesa remuneratoria o por beneficio económico o de otra naturaleza en provecho propio o de un tercero en contra de un juez con competencia penal, fiscal, defensor penal público, funcionario de Carabineros, PDI o Gendarmería",CONTRA LAS PERSONAS,8064,Conspiración,alta,"El delito CNP se describe como una conspiración para cometer homicidio calificado por premio o promesa remuneratoria contra autoridades. El código ICCS 8064 corresponde a 'Conspiración', que se define como confabularse, asociarse o planificar con otras personas para cometer un delito. Este código incluye la conspiración para cometer un delito, lo cual coincide con el delito CNP. Las exclusiones mencionan que la conspiración para cometer asesinato (0101) está excluida, pero el delito CNP no se refiere directamente a asesinato, sino a conspiración para cometer homicidio calificado, lo cual no se excluye en este código.",Conspiración para cometer asesinato (0101)
799,Otros delitos contra las personas,Sin descripción,CONTRA LAS PERSONAS,2119,Otras transgresiones contra las personas,alta,"El delito CNP 799 se clasifica como 'Otros delitos contra las personas' sin descripción específica. El código ICCS 2119 corresponde a 'Otras transgresiones contra las personas' y se aplica a intromisión ilícita e injustificada en la intimidad u otros derechos de una persona no descrita en otras categorías. La sección ICCS es compatible con el marco del delito CNP, y no hay exclusiones que descarten este código para el caso descrito.",
801,Hurto simple,,CONTRA LA PROPIEDAD,502,Hurto,alta,"El delito CNP 801 (Hurto simple) se describe como sustracción u obtención ilícitas de bienes con la intención de privar permanentemente de ellos, sin uso de fuerza, amenazas o engaño. Esta definición coincide directamente con la de ICCS 502 (Hurto), que también se define como sustracción u obtención ilícitas de bienes con la intención de privar permanentemente de ellos a una persona u organización, sin consentimiento y sin el uso de la fuerza, amenazas de uso de la fuerza o violencia, coacción o engaño. No hay exclusiones que descarten el delito CNP en este código.",
802,Robo con intimidación,"Apropiarse de cosa mueble ajena mediando amenazas, antes durante o después del hecho.",CONTRA LA PROPIEDAD,401,Robo,alta,"El delito CNP 802 (Robo con intimidación) se describe como apropiarse de cosa mueble ajena mediando amenazas, lo que coincide con la definición de 'Robo' en el ICCS 401, que incluye el uso de fuerza o amenaza de uso de la fuerza. No se aplica ninguna exclusión que descarte este delito.",
803,Robo con violencia,"Sanciona a quien roba a otro, ejerciendo violencia sobre el afectado. Sanciona al que se apropia de cosa mueble ajena con agresión física antes, durante o después del hecho. También se considera violencia el caso en que para obtener la entrega o manifestación alegare orden falsa de alguna autoridad, o la diere por si, fingiéndose ministro de justicia o funcionario público. Fracture vidrios, encontrándose personas en su interior; o amenace la integridad de niños que se encuentren al interior del vehículo.",CONTRA LA PROPIEDAD,4011,Robo a personas,alta,"El delito CNP 803 (Robo con violencia) se ajusta a la definición de 'Robo a personas' en el ICCS 4011, ya que implica la violencia o amenaza de violencia durante el robo. Las inclusiones de 4011 abarcan el uso de la fuerza o amenazas, lo cual coincide con la descripción del delito. No se aplican exclusiones que descarten este código.",
804,Robo por sorpresa,Apropiación de dinero u otras especies respecto de una persona desprevenida o aparentando riñas en lugares de concurrencia o realizando maniobras destinadas a causar agolpamiento o confusión.,CONTRA LA PROPIEDAD,40111,Robo a personas en lugares públicos,alta,"El delito CNP 804 (Robo por sorpresa) se describe como apropiación de dinero u otras especies respecto de una persona desprevenida o aparentando riñas en lugares de concurrencia, lo que se alinea con la definición de 'Robo a personas en lugares públicos' en el ICCS 40111. Este código incluye el robo callejero, asalto y arrebato de bolsos con uso de la fuerza, lo cual coincide con la descripción del delito CNP. Además, la sección ICCS (Actos contra la propiedad que implican violencia o amenaza de violencia contra las personas) es compatible con el marco del delito.",
805,Robo calificado,,CONTRA LA PROPIEDAD,401,Robo,alta,"El delito CNP 805 (Robo calificado) se describe como un robo que implica el uso de la fuerza o amenaza de violencia, lo que coincide con la definición de 'Robo' en el ICCS 401. Las exclusiones del ICCS 501 (Robo con entrada ilícita) descartan este delito, ya que no implica entrada ilícita, y las exclusiones del ICCS 40111 (Robo a personas en lugares públicos) no aplican ya que no se especifica lugar público. Por lo tanto, el ICCS 401 es el más preciso.",Robo con entrada ilícita (501) descartado por no implicar entrada ilícita; Robo a personas en lugares públicos (40111) descartado por no especificar lugar público
806,Extorsión,"Sanciona al que para obtener un provecho patrimonial para sí o para un tercero constriña a otro con violencia o intimidación a suscribir, otorgar o entregar un instrumento público o privado que importe una obligación estimable en dinero, o a ejecutar, omitir o tolerar cualquier otra acción que importe una disposición patrimonial en perjuicio suyo o de un tercero",CONTRA LA PROPIEDAD,2051,Extorsión o chantaje,alta,"El delito de extorsión en el CNP se alinea directamente con la definición de 'Extorsión o chantaje' en el ICCS 2051, que incluye exigir un curso de acción mediante amenaza. La sección ICCS corresponde al marco de actos que causan daños, lo cual es compatible con el móvil del delito. No se aplican exclusiones que descarten este código.",
807,Robo con fuerza en las cosas,,CONTRA LA PROPIEDAD,501,Robo con entrada ilícita,alta,"El delito CNP 807 corresponde a 'Robo con fuerza en las cosas', lo cual se incluye en la glosa de 501 como 'Robo con entrada ilícita'. La sección ICCS es compatible (Actos contra la propiedad solamente), y la inclusión menciona explícitamente 'Robo con fuerza en las cosas', lo que coincide con el delito nacional. No hay exclusiones que descarten este código.",
808,Robo en bienes nacionales de uso público o sitios no destinados a habitación,"Apropiación de cosas muebles que se encuentren en bienes nacionales de uso público (aquellos que pertenecen a la nación toda y su uso a todos los habitantes de la misma, art. 589 del Código Civil, tales como calles, plazas u otros lugares similares) o en sitios no destinados a la habitación.",CONTRA LA PROPIEDAD,5024,Hurto de bienes públicos,alta,"El delito CNP se refiere al robo de bienes muebles que se encuentran en bienes nacionales de uso público o en sitios no destinados a habitación. El código ICCS 5024 corresponde al hurto de bienes públicos, lo cual se alinea con la descripción del delito CNP. Además, las exclusiones del código 5024 no descartan el delito CNP, ya que no incluye hurto de vehículos, energía eléctrica, agua u otros servicios públicos, ni robo a establecimientos o instituciones, lo cual es compatible con el delito descrito.",
809,Robo en lugar habitado,"Apropiarse de cosa mueble mediando escalamiento (vencer obstáculos), venciendo cerraduras (ya sea con llaves falsas, verdaderas, ganzúas u otros instrumentos), por seducción de domésticos, uso de nombre supuesto o simulación de autoridad, desde un lugar habitado o destinado a la habitación.",CONTRA LA PROPIEDAD,501,Robo con entrada ilícita,alta,"El delito CNP 809 implica robo en lugar habitado, con escalamiento, vencimiento de cerraduras, seducción de domésticos, uso de nombre supuesto o simulación de autoridad. El código ICCS 501 (Robo con entrada ilícita) abarca robos con entrada no autorizada, incluyendo el uso de engaño o simulación de autoridad, lo cual coincide con la descripción del delito. Además, la sección ICCS 501 corresponde a actos contra la propiedad solamente, lo que es compatible con el marco del delito. Las exclusiones aplicadas descartan otros códigos como 40112 y 40111, que implican violencia o amenaza de violencia, lo cual no está presente en el delito CNP.",Aplicar todas las exclusiones enumeradas en 0501; Sustracción u obtención ilícitas de bienes directamente a una persona con la intención de privar de ellos a una persona u organización de forma permanente o temporal mediante el uso de la fuerza o la amenaza de uso de la fuerza (0401)
810,Robo en lugar no habitado,"Apropiarse de cosa mueble ajena desde un lugar no habitado (que no sirve de morada a nadie al momento del robo), mediando escalamiento, fractura de muebles u objetos cerrados o sellados, o venciendo cerraduras (ya sea con llaves verdaderas, falsas, ganzúas u otros instrumentos afines).",CONTRA LA PROPIEDAD,501,Robo con entrada ilícita,alta,"El delito CNP 810 corresponde a un robo en lugar no habitado, sin violencia ni amenaza. El código ICCS 501 describe el robo con entrada ilícita, que incluye el escalamiento, fractura de objetos cerrados o vencimiento de cerraduras, lo cual coincide con la descripción del delito CNP. Las exclusiones aplicadas descartan categorías que implican violencia o robo a personas.",Sustracción u obtención ilícitas de bienes directamente a una persona con la intención de privar de ellos a una persona u organización de forma permanente o temporal mediante el uso de la fuerza o la amenaza de uso de la fuerza (0401)
811,Abigeato,"1) robo o hurto de caballos o bestias de silla o carga, de ganado o porcinos.2) apropiarse de crines, plumas o cerdas de animales ajenos.",CONTRA LA PROPIEDAD,5025,Hurto de ganado,alta,"El delito CNP (abigeato) se refiere al hurto de ganado, lo cual coincide directamente con la glosa de 5025 (Hurto de ganado). La inclusión de 'Hurto de vacas, gallinas, ovejas, peces, etc.' abarca el ganado descrito en el CNP. Además, la exclusión de 'Robo de ganado (04014)' descarta la opción 4014, que corresponde a un delito distinto (robo con violencia).",Robo de ganado (04014)
812,Receptación,"El que conociendo o debiendo saber su origen tenga en su poder especies robadas o hurtadas o las compre, venda o comercialice.",CONTRA LA PROPIEDAD,7049,Otros actos relacionados con el producto del delito,alta,"El delito CNP (Receptación) se refiere a la adquisición, posesión o comercio de bienes robados. El código ICCS 7049 abarca la recepción, manipulación o procesamiento de bienes derivados de delitos, lo cual se alinea con la definición de receptación. Además, las exclusiones de 7049 no descartan el delito CNP, mientras que otros candidatos como 1003 o 10031 se centran en especies protegidas o prohibidas, que no son relevantes para el delito descrito.",
813,Usurpación,,CONTRA LA PROPIEDAD,509,Otros actos contra la propiedad solamente,alta,"El delito CNP 813 (Usurpación) se describe como una acción de apropiación ilícita de bienes, lo que se alinea con la glosa de 509 (Otros actos contra la propiedad solamente). Además, la inclusión de 'apropiación ilícita de bienes' en 509 confirma que este es el código más preciso. No se aplica ninguna exclusión relevante para descartar otros candidatos.",
814,Destrucción o alteración de deslindes,"Sanciona destrozar o modificar los límites de propiedades públicas o privadas y al que, sin estar legalmente autorizado, destruya o altere los términos o límites de un inmueble con el objetivo de posibilitar una posesión o quien, sin tener la posesión material de un bien inmueble, instale banderas, estacas u otras demarcaciones destinadas a manifestar intención de posesión de sitios no destinados a la habitación, sin el consentimiento de quien lo posee en virtud de título legítimo.",CONTRA LA PROPIEDAD,504,Daños a la propiedad,alta,"El delito CNP se refiere a la destrucción o alteración de deslindes, lo cual se alinea con la descripción de daños a la propiedad en el ICCS 504. La sección ICCS es compatible (Actos contra la propiedad solamente). Las exclusiones aplicadas incluyen el daño a sistemas informáticos y al medio ambiente, que no son relevantes para este caso.",Daño a sistemas o datos informáticos (0903); daño al medio ambiente (10)
815,Insolvencia punible (alzamiento de bienes),,CONTRA LA PROPIEDAD,509,Otros actos contra la propiedad solamente,alta,"El delito CNP (insolvencia punible) se relaciona con la manipulación de bienes con intención de ocultar o desviar activos, lo cual se ajusta a la descripción de 'Otros actos contra la propiedad solamente' en el ICCS 509. Además, el ICCS 509 incluye la 'apropiación ilícita de bienes', que es compatible con el concepto de insolvencia punible. El ICCS 504 (daños a la propiedad) es excluido por la definición del CNP, ya que este no implica destrucción o daño intencional de bienes, sino más bien ocultación o desvío.",Daños a la propiedad (0504)
816,Estafas y otras defraudaciones contra particulares,"Sanciona al que defraudare a otro usando de nombre fingido, atribuyéndose poder, influencia o crédito supuestos, aparentando bienes, crédito, comisión, empresa o negociación imaginarios, o valiéndose de cualquier otro engaño semejante. Se castiga al que, para obtener provecho patrimonial para sí o para un tercero mediante engaño, provocare un error en otro, haciéndolo incurrir en una disposición patrimonial consistente en ejecutar, omitir o tolerar alguna acción en perjuicio suyo o de un tercero. Se castiga obtener un provecho para sí o para un tercero que irrogue perjuicio patrimonial a otra persona:1. Manipulando los datos contenidos en un sistema informático o el resultado del procesamiento informático de datos a través de una intromisión indebida en la operación de éste.2. Utilizando sin la autorización del titular una o más claves confidenciales que habiliten el acceso u operación de un sistema informático, o 3. Haciendo uso no autorizado de una tarjeta de pago ajena o de los datos codificados en una tarjeta de pago que la identifiquen y habiliten como medio de pago. Se sanciona también al que obtenga indebidamente los datos codificados en una tarjeta de pago que la identifiquen y habiliten como medio de pago. Engaños cometidos por plateros, joyeros, traficantes, comisionistas, capitanes de buque, dueños de cosa embargada, y los engaños cometidos con ocasión de supuestas remuneraciones a empleado público. Engaños relacionados con: inducción a la suscripción de un documento; de algún proceso, expediente u otro documento cualquiera; celebración dolosa de contratos aleatorios; los fraudes al fisco, municipalidades, de las Cajas de Previsión, instituciones centralizadas o descentralizadas del Estado y otros. Engaño de cualquier naturaleza que produzca un perjuicio a otro y que no esté contemplado anteriormente.",CONTRA LA PROPIEDAD,701,Fraude,alta,"El delito CNP 816 se describe como engaño para obtener provecho patrimonial mediante fraude, lo que se alinea con la definición de 'Fraude' en el ICCS 701. El ICCS 701 incluye fraude financiero, suplantación, robo de identidad, entre otros, que coinciden con la glosa del delito CNP. Además, el ICCS 701 no excluye directamente el delito descrito, a diferencia de otros candidatos como 709 o 70112 que tienen exclusiones aplicables.",fraude electoral (08079); enriquecimiento ilícito (07035)
817,Usura,Suministrar valores a un interés que exceda al máximo que la Ley permite estipular.,CONTRA LA PROPIEDAD,8042,Actos contrarios a disposiciones comerciales o financieras,alta,"El delito de usura se clasifica como acto contrario a disposiciones comerciales o financieras, lo cual coincide con la glosa y la descripción del código ICCS 8042. No se descarta por exclusiones, ya que la usura está incluida en las exclusiones de 0804.",
818,Apropiación indebida (incluye depositario alzado),,CONTRA LA PROPIEDAD,509,Otros actos contra la propiedad solamente,alta,"El delito CNP 818 corresponde a apropiación indebida, que se incluye en la glosa de 509. La sección ICCS es compatible (Actos contra la propiedad solamente). Además, la inclusión de 'apropiación ilícita de bienes' en 509 confirma su relevancia. No hay exclusiones que descarten el delito CNP en este código.",
819,Incendio y otros estragos,,CONTRA LA PROPIEDAD,504,Daños a la propiedad,alta,"El delito CNP 819 se refiere a incendio y otros estragos, que se ajusta a la definición de daños a la propiedad en el ICCS 504, que incluye incendio premeditado. No hay exclusiones que descarten este delito para el ICCS 504.",
820,Daños,,CONTRA LA PROPIEDAD,504,Daños a la propiedad,alta,"El delito CNP 820 'Daños' se refiere a la destrucción, daños o degradación intencional de bienes, lo cual coincide con la definición de 'Daños a la propiedad' en el ICCS 504. Además, el código 504 incluye casos como vandalismo, pintadas y sabotaje, que son compatibles con el concepto general de daños. No hay exclusiones que descarten este código para el delito descrito.",
821,Hurto de hallazgo,"Hallar una especie mueble al parecer perdida o especies al parecer pérdidas o abandonadas a consecuencia de un naufragio, inundación incendio, terremoto, accidente en ferrocarril u otra causa análoga, cuyo valor exceda de una UTM y no la entregar a la autoridad o dueño",CONTRA LA PROPIEDAD,502,Hurto,alta,"El delito CNP describe un hurto de hallazgo, es decir, la sustracción de bienes encontrados que no se entregan a la autoridad o dueño. El código ICCS 502 corresponde al hurto general, que se define como sustracción u obtención ilícita de bienes con la intención de privar permanentemente de ellos, sin uso de fuerza o engaño. Este se ajusta al movil del delito descrito, ya que el hurto de hallazgo se enmarca en la intención de apropiarse de bienes. Las exclusiones del código 502 no descartan el delito CNP, ya que no se menciona explícitamente como exclusión el hurto de hallazgo.",
824,Abuso de firma en blanco,Engañar abusando de firma de otro en blanco y extendiendo con ella algún documento en perjuicio del mismo o de un tercero.,CONTRA LA PROPIEDAD,7023,Actos de falsificación de documentos,alta,"El delito CNP (abuso de firma en blanco) se caracteriza por el engaño mediante la utilización de una firma falsa, lo cual se alinea con la definición de 'Actos de falsificación de documentos' en el ICCS 7023. Esta categoría incluye la falsificación de firmas, lo que coincide directamente con el móvil del delito. No se aplican exclusiones que descarten este candidato.",
825,Infracción artículo 454,"Se presumirá autor del robo o hurto de una cosa, aquél en cuyo poder se encuentre, salvo que justifique su legítima adquisición o que la prueba de su irreprochable conducta anterior establezca una presunción en contrario. Se presumirá también autor de robo o hurto de animales, aquél en cuyo poder se encuentren partes identificables de la especie robada o hurtada. La marca registrada puesta sobre el animal robado o hurtado, constituye presunción de dominio a favor del dueño de la marca.",CONTRA LA PROPIEDAD,50229,Otras formas de hurto de bienes personales,alta,"El delito CNP se refiere al hurto de animales o partes identificables de la especie robada, lo cual coincide con la inclusión de 'hurto de mascotas' en el código 50229. Además, el código 50229 pertenece a la sección de actos contra la propiedad solamente, que es compatible con el marco del delito CNP. El código 4014 (robo de ganado) se excluye por estar en la sección de actos que implican violencia, lo cual no aplica al delito CNP.",Hurto de ganado (05025) en el código 4014; Aplicar todas las exclusiones enumeradas en 05022 en el código 50229
826,Hurto agravado,"Se produce cuando el hurto es realizado por:- Dependiente, criado o sirviente asalariado, bien sea en la casa en que sirve o en aquella a que lo hubiere llevado su amo o patrón.- Obrero, oficial o aprendiz en el lugar en que trabaja o individuo que trabaja habitualmente en la casa donde hubiere hurtado.- Persona que hospede a otros en las cosas que éstos lleven al lugar de hospedaje.- Patrón o comandante de buque, lanchero, conductor o bodeguero de tren, guarda almacenes, carruajero, carretero o arriero en cosas puestas en su medio de transporte.",CONTRA LA PROPIEDAD,50229,Otras formas de hurto de bienes personales,alta,"El hurto agravado en el CNP se caracteriza por el hurto cometido por personas en relación con su labor o situación específica, lo que se alinea con la inclusión de 'hurto de bienes encontrados fuera de la vivienda' y 'robo de bicicleta' en el ICCS 50229. Además, el ICCS 50229 excluye el hurto sin entrar ilícitamente en una vivienda, lo cual no aplica en este caso. El ICCS 50229 también se ajusta a la definición de hurto de bienes personales no descrito en otras categorías.",Aplicar todas las exclusiones enumeradas en 05022
827,Robo con homicidio,"Se produce cuando con motivo u ocasión del robo, se cometiere además homicidio.",CONTRA LA PROPIEDAD,401,Robo,alta,"El delito 'Robo con homicidio' se clasifica bajo el móvil de robo, ya que el móvil principal es la apropiación de bienes. El código ICCS 401 abarca el robo mediante el uso de la fuerza o amenaza, lo cual se ajusta al delito descrito. Las exclusiones aplicadas descartan categorías como el robo con entrada ilícita (501) o el robo a personas en lugares específicos (40111, 40112), ya que el homicidio no es el móvil principal, sino una consecuencia.",Robo con entrada ilícita; Hurto y otros actos solamente relacionados con la propiedad; Secuestro; Exigir un curso de acción determinado mediante amenaza escrita o verbal
828,Robo con violación,"Se produce cuando con motivo u ocasión del robo, se cometiere además violación.",CONTRA LA PROPIEDAD,40112,Robo a personas en lugares privados,alta,"El delito CNP 828 (Robo con violación) se caracteriza por la comisión de robo con violación. El código ICCS 40112 (Robo a personas en lugares privados) incluye la violación como parte del robo, lo cual coincide con la definición del delito nacional. Además, las inclusiones de este código mencionan el uso de la fuerza o amenazas de uso de la fuerza como parte de un robo con violación de domicilio, lo cual se alinea con el delito CNP.",Aplicar todas las exclusiones enumeradas en 04011
829,"Robo con castración, mutilación o lesiones graves gravísimas","Se produce cuando con motivo u ocasión del robo, se cometiere además alguna de las lesiones de los artículos 395 (castración), 396 (mutilación) o 397 N° 1 (lesiones graves gravísimas).",CONTRA LA PROPIEDAD,401,Robo,alta,"El delito CNP 829 se clasifica como robo con lesiones graves, lo cual se alinea con el código ICCS 401 (Robo), ya que el móvil principal es la apropiación de bienes. Las exclusiones aplicadas descartan otros códigos como 4011 y 4014, que se refieren a robos específicos de personas o ganado, y 20111 (Agresión grave) que se enfoca en lesiones intencionales, no en el robo como móvil principal.","aplicar todas las exclusiones enumeradas en 0401; robos con entrada ilícita, hurto y otros actos solamente relacionados con la propiedad (05)"
830,Robo con retención de víctimas o con lesiones graves,,CONTRA LA PROPIEDAD,401,Robo,alta,"El delito CNP 830 se describe como robo con retención de víctimas o con lesiones graves, lo cual implica violencia o amenaza de violencia contra la víctima. El código ICCS 401 (Robo) incluye la violencia o amenaza de violencia como parte de su definición, lo que lo hace compatible. Además, las exclusiones de 401 no descartan el delito CNP, ya que no se menciona explícitamente que el delito CNP esté excluido. Los modelos de embedding también lo priorizan como el más cercano al delito descrito.",
831,Robo de vehículo motorizado,Consiste en el robo que tiene por objeto un vehículo motorizado de acuerdo a lo dispuesto en el artículo 443 inc. 2°.,CONTRA LA PROPIEDAD,40121,Robo de automóviles o vehículos,alta,"El delito CNP se describe como robo de vehículo motorizado, lo cual coincide con la glosa de 40121 (Robo de automóviles o vehículos). La sección ICCS corresponde a actos contra la propiedad que implican violencia o amenaza de violencia, lo cual es compatible con el delito descrito. Además, la nota 49 define vehículo como incluyendo automóviles, motocicletas, camiones, etc., lo que se alinea con el delito CNP.",Hurto de vehículos de motor o de sus piezas (05021)
832,Portar elementos conocidamente destinados a cometer delito de robo,"Castiga al que fabricare, expendiere o tuviere en su poder llaves falsas, ganzúas u otros instrumentos destinados conocidamente para efectuar el delito de robo.",CONTRA LA PROPIEDAD,8063,Intención delictiva,alta,"El delito CNP se refiere a la posesión de instrumentos destinados a cometer robo, lo cual se alinea con la definición de 'intención delictiva' en el ICCS 8063, que abarca la posesión de medios utilizados en actos delictivos. La sección ICCS correspondiente (Actos contra el orden público, la autoridad y las disposiciones del Estado) es compatible con el marco legal del delito descrito.",Participación en las actividades de un grupo delictivo organizado (0905)
833,Usurpación u ocupación violenta de inmueble,"Al que, con violencia o intimidación en las personas, ocupare total o parcialmente un inmueble, sea público o privado, o usurpare un derecho real que otro poseyere o tuviere legítimamente y al que, hecha la ocupación en ausencia del legítimo poseedor o tenedor, vuelto éste le repeliere.",CONTRA LA PROPIEDAD,509,Otros actos contra la propiedad solamente,alta,"El delito CNP describe una ocupación violenta de un inmueble, lo que se ajusta a la inclusión de 'ocupación ilegal de un inmueble' en el código ICCS 509. No se aplica ninguna exclusión relevante, ya que el delito no entraña violencia contra personas ni daños a la propiedad.",
834,Usurpación u ocupación de inmueble no violenta sin daños a las cosas,"Sanciona al que, en los casos del inciso primero del artículo 457, llevare a cabo el hecho sin violencia o intimidación en las personas, ni daño en las cosas.",CONTRA LA PROPIEDAD,509,Otros actos contra la propiedad solamente,alta,"El delito CNP describe una usurpación u ocupación de inmueble no violenta sin daños a las cosas, lo que se alinea con la glosa de 509: 'Otros actos contra la propiedad solamente'. La familia del delito es 'Contrato contra la propiedad', lo que también coincide con la sección ICCS de 509. Además, el delito no implica violencia o amenaza de violencia, lo que lo excluye de las categorías que incluyen violencia (como 409 o 401).","Daños a la propiedad (0504); robo con entrada ilícita, hurto y otros actos contra la propiedad (05); agresiones y amenazas (0201); posesión de dinero o bienes robados; recepción, manipulación, enajenación, venta o tráfico de bienes robados; utilización de piezas robadas para producir otros bienes; ocultamiento de bienes robados (0704); robo (0401); secuestro o toma de rehenes (02022); aplicar todas las exclusiones enumeradas en 0401"
835,Invasión de derechos ajenos,,CONTRA LA PROPIEDAD,509,Otros actos contra la propiedad solamente,alta,"El delito CNP 835, 'Invasión de derechos ajenos', se ajusta a la glosa de 'Otros actos contra la propiedad solamente' en el ICCS 509, que incluye la violación de domicilio. No se ajusta a otros candidatos como 503 (propiedad intelectual), 502 (hurto) ni 504 (daños a la propiedad), ya que no implica destrucción o sustracción de bienes, sino una invasión de derechos. Las exclusiones de 509 no descartan el delito CNP.",
836,Usurpación de aguas,"Sanciona a quienes:1° Sacaren aguas de represas, estanques u otros depósitos; de ríos, arroyos o fuentes, sean superficiales o subterráneas; de canales o acueductos, redes de agua potable e instalaciones domiciliarias de éstas, y se las apropiaren para hacer de ellas un uso cualquiera.2° Rompieren o alteraren con igual fin diques, esclusas, compuertas, marcos u otras obras semejantes existentes en los ríos, arroyos, fuentes, depósitos, canales o acueductos.3° Pusieren embarazo al ejercicio de los derechos que un tercero tuviere sobre dichas aguas.4° Usurparen un derecho cualquiera referente al curso de ellas o turbaren a alguno en su legítima posesión. salvo a quienes hagan uso del agua para consumo personal o familiar.",CONTRA LA PROPIEDAD,10012,Actos que causan la contaminación o degradación del agua,alta,"El delito CNP 836 se enfoca en la usurpación de aguas, lo cual se relaciona directamente con la contaminación o degradación del agua según la glosa del ICCS 10012. Aunque hay exclusiones, el delito no implica contaminación por vertimiento de desechos ni agotamiento de recursos naturales, lo que lo excluye de otros candidatos como 1004 y 1001. La sección ICCS 10012 (Actos contra el entorno natural) es compatible con el marco del delito.","Contaminación del agua causada por la minería ilegal, la tala ilegal u otros actos que provocan el agotamiento o la degradación de los recursos naturales (1004); contaminación o degradación del agua mediante el traslado o vertimiento ilícitos de desechos (1002); aplicar todas las exclusiones enumeradas en 1001"
837,Incendio,,CONTRA LA PROPIEDAD,504,Daños a la propiedad,alta,"El delito CNP 837 (Incendio) se clasifica como daño a la propiedad, lo cual coincide directamente con la glosa y descripción del código ICCS 504. El incendio premeditado está incluido en el código ICCS 504, lo que lo hace el más preciso. No hay exclusiones que descarten el delito CNP en este código.",
838,Incendio con resultado de muerte y/o lesiones,"Cuando, como resultado del incendio, se produce lesiones o muerte de una o más personas. El que incendiare edificio, ferrocarril, buque u otro lugar cualquiera, causando la muerte de una o más personas cuya presencia allí pudo prever, será castigado con presidio mayor en su grado máximo a presidio perpetuo. La misma pena se impondrá cuando del incendio no resultare muerte sino mutilación de miembro importante o lesión grave.",CONTRA LA PROPIEDAD,504,Daños a la propiedad,alta,"El delito CNP se describe como incendio que causa muerte o lesiones, lo cual se alinea con el código ICCS 504 que abarca daños a la propiedad, incluyendo incendio premeditado. No hay exclusiones que descarten este código para el caso descrito.",
839,Otros estragos,Consiste en causar daños de gran magnitud mediante medios de destrucción poderosos distintos del fuego.,CONTRA LA PROPIEDAD,504,Daños a la propiedad,alta,"El delito CNP 839 se describe como causar daños de gran magnitud mediante medios de destrucción poderosos distintos del fuego. El código ICCS 504 corresponde a 'Daños a la propiedad' y abarca la destrucción, daños o degradación intencional de bienes, incluyendo daños a la propiedad por explosión, lo cual se alinea con el móvil del delito CNP. Además, las exclusiones de 504 no descartan el delito CNP, ya que no se menciona como robo en inmuebles con fuerza en las cosas, que es una exclusión aplicable a otros delitos.",
840,Daños simples,Cualquier perjuicio en cosa ajena que no constituya incendio ni estrago.,CONTRA LA PROPIEDAD,504,Daños a la propiedad,alta,"El delito CNP 840 (Daños simples) se describe como cualquier perjuicio en cosa ajena que no constituya incendio ni estrago. El código ICCS 504 (Daños a la propiedad) abarca la destrucción, daños o degradación intencional de bienes, lo cual coincide con la definición del delito nacional. Además, las exclusiones de 504 no descartan el delito CNP, ya que no se menciona robo en inmuebles con fuerza ni daños a sistemas informáticos, que son las exclusiones aplicables.",Robo en inmuebles con fuerza en las cosas (0501)
841,Daños calificados,"Son aquellos en que concurren las circunstancias enumeradas en el artículo citado, que son las siguientes:- Con la mira de impedir el libre ejercicio de la autoridad o en venganza de sus determinaciones.- Produciendo por cualquier medio infección o contagio de animales o aves domésticas.- Empleando substancias venenosas o corrosivas.- En cuadrilla y en despoblado.- En archivos, registros, bibliotecas o museos públicos.- En puentes, caminos, paseos u otros bienes de uso público.- En tumbas, signos conmemorativos, monumentos, estatuas, cuadros u otros objetos de arte colocados en edificios o lugares públicos.- Arruinando al perjudicado.- En medios de transporte público de pasajeros o en bienes o infraestructura asociada a dicha actividad.",CONTRA LA PROPIEDAD,504,Daños a la propiedad,alta,"El delito CNP 841 se refiere a daños calificados que incluyen daños a bienes públicos, en archivos, bibliotecas, puentes, etc. El código ICCS 504 abarca daños a la propiedad, incluyendo daños a bienes públicos y otros daños intencionales, lo cual se alinea con el móvil del delito descrito. Además, el código 504 no excluye directamente el delito CNP, mientras que otros como 5041 o 5049 son más específicos y no cubren todos los aspectos del delito CNP.",
845,Fraude de subvenciones,"Se refiere a quienes fraudulentamente consigan remuneraciones, subsidios, pensiones, o asignaciones varias por parte del Fisco, de las Municipalidades o de Cajas de previsión o de instituciones del Estado.",CONTRA LA PROPIEDAD,701,Fraude,alta,"El delito CNP 845 (Fraude de subvenciones) se ajusta a la definición de 'Fraude' en el ICCS 701, que abarca la obtención de beneficios mediante engaño o conducta deshonesta. No se aplican exclusiones que descarten este delito, ya que no se menciona en las exclusiones de 701 como 'obtención de dinero sin conducta deshonesta' o 'fraude electoral'.",
846,Hurto simple por un valor sobre 40 UTM,Apropiarse de cosa mueble ajena cuyo valor sea sobre 40 UTM sin que exista violencia o intimidación en las personas ni fuerza en las cosas,CONTRA LA PROPIEDAD,502,Hurto,alta,"El delito CNP describe un hurto simple sin violencia o intimidación, lo que coincide con la definición de hurto en el ICCS 502. Las exclusiones del ICCS 502 no descartan el delito CNP, ya que no incluyen hurto simple por valor superior a 40 UTM. Además, el ICCS 502 pertenece a la sección de actos contra la propiedad solamente, que es compatible con el marco del delito CNP.",
847,Hurto simple por un valor de 4 a 40 UTM,Apropiarse de cosa mueble ajena cuyo valor esté entre 4 y 40 UTM sin que exista violencia o intimidación en las personas ni fuerza en las cosas.,CONTRA LA PROPIEDAD,502,Hurto,alta,"El delito CNP describe un hurto simple sin violencia ni intimidación, lo que coincide con la definición de hurto en el ICCS 502. Las exclusiones del ICCS 502 no descartan el delito CNP, ya que no incluyen hurto simple sin violencia. Además, el ICCS 502 pertenece a la sección de actos contra la propiedad solamente, que es compatible con el marco del delito CNP.",
848,Hurto simple por un valor de media a 4 UTM,Apropiarse de cosa mueble ajena cuyo valor esté entre media y 4 UTM sin que exista violencia o intimidación en las personas ni fuerza en las cosas.,CONTRA LA PROPIEDAD,502,Hurto,alta,"El delito CNP describe un hurto simple sin violencia ni intimidación, lo que coincide con la definición de hurto en el ICCS 502. Las exclusiones del ICCS 502 no descartan el delito CNP, ya que no incluyen hurto simple por valor entre media y 4 UTM. Además, la sección ICCS 502 corresponde a actos contra la propiedad solamente, lo que es compatible con el marco del delito CNP.",
849,Apropiación de cables de tendido eléctrico o de comunicaciones,"Apropiarse de alambres de tendido eléctrico, cables de los servicios telefónicos, telegráficos, de radio comunicaciones o de televisión, o alambres de electricidad o comunicaciones de las empresas de ferrocarriles.",CONTRA LA PROPIEDAD,509,Otros actos contra la propiedad solamente,alta,"El delito CNP se describe como apropiación de cables de tendido eléctrico o de comunicaciones, lo cual se ajusta a la glosa de 'Otros actos contra la propiedad solamente' del ICCS 509. No se aplica la exclusión de daños a la propiedad (0504) ya que el delito no implica destrucción o daño, sino apropiación. Además, el movil del delito es la apropiación, no la destrucción, lo que lo sitúa dentro de la sección ICCS correspondiente a actos contra la propiedad solamente.",Daños a la propiedad (0504)
850,Incendio Art. 475 y siguientes (salvo Art.476 n°3),,CONTRA LA PROPIEDAD,504,Daños a la propiedad,alta,"El delito CNP se refiere a incendio intencional, lo que se alinea con la definición de daños a la propiedad en el ICCS 504. El incendio premeditado está incluido en las inclusiones de este código, lo que lo hace el más preciso. No hay exclusiones que descarten este delito.",
851,Incendio de bosques,"Incendio de bosques, mieses, pastos, monte, cierros o plantíos; o provoque un incendio que afectare gravemente las condiciones de vida animal o vegetal de un Área Silvestre Protegida",CONTRA LA PROPIEDAD,504,Daños a la propiedad,alta,"El incendio de bosques se clasifica como daño a la propiedad, ya que el móvil es la destrucción intencional de bienes (bosques, pastos, etc.). La inclusión de 'incendio premeditado' en el código 504 lo hace compatible con el delito descrito. No se aplica el código 1009 ni 1004 debido a que el móvil no es proteger el entorno natural, sino destruir bienes.",Daño a sistemas o datos informáticos se codifica como un acto contra sistemas informáticos (0903); matar o hacer daño a animales (10091); daño al medio ambiente (10)
852,Celebración de contrato simulado,El que otorgare en perjuicio de otro un contrato simulado.,CONTRA LA PROPIEDAD,701,Fraude,alta,"El delito CNP (Celebración de contrato simulado) tiene como móvil la engañar para obtener beneficios o evadir responsabilidades, lo cual se alinea con la definición de fraude en el ICCS 701. Además, el ICCS 701 incluye actos como suplantación y engaño, que son relevantes para el móvil del delito CNP. El ICCS 502 (Hurto) es excluido ya que el delito CNP no implica sustracción física de bienes.",Hurto (0502)
853,Hurto de bienes pertenecientes a redes de suministro público,Hurto de cosas que forman parte de redes de suministro de servicios públicos o domiciliarios. En caso de cables de tendido eléctrico o de comunicaciones utilizar código 849.,CONTRA LA PROPIEDAD,5026,Hurto de servicios,alta,"El delito CNP corresponde a hurto de bienes que forman parte de redes de suministro público, lo cual se alinea directamente con la glosa de hurto de servicios en el ICCS 5026. La inclusión de hurto de energía eléctrica, agua u otros servicios públicos confirma la pertinencia del código. No hay exclusiones que descarten este delito.",
854,Incendio con peligro para las personas,"Cuando se ejecute el incendio en edificios, tren de ferrocarril, buque o lugar habitado o en que actualmente haya una o más personas, siempre que el culpable haya podido prever tal circunstancia; 2º Si lo ejecuta en buques mercantes cargados con objetos explosivos o inflamables, en buques de guerra, arsenales, astilleros, almacenes, fábricas o depósitos de pólvora o de otras sustancias explosivas o inflamables, parques de artillería, maestranzas, museos, bibliotecas, archivos, oficinas, monumentos públicos u otros lugares análogos a los enumerados; Art. 476: 1º Castiga al que incendie un edificio destinado a servir de morada, que no esté actualmente habitado; 2º Al que dentro de un poblado incendie cualquier edificio o lugar, aun cuando no esté destinado a la habitación;",CONTRA LA PROPIEDAD,504,Daños a la propiedad,alta,"El delito CNP 854 se describe como incendio con peligro para las personas, lo cual se alinea con la definición de daños a la propiedad en el ICCS 504, que incluye incendio premeditado. La sección ICCS correspondiente (Actos contra la propiedad solamente) es compatible con el marco jurídico del delito. No hay exclusiones que descarten este código para el delito descrito.",
855,Incendio solo con daños o sin peligro de propagación,,CONTRA LA PROPIEDAD,504,Daños a la propiedad,alta,"El delito CNP 855 se refiere a incendio solo con daños o sin peligro de propagación, lo cual se alinea con la definición de daños a la propiedad en el ICCS 504. El código 504 incluye incendio premeditado como inclusión, lo que se ajusta al delito descrito. No hay exclusiones que descarten este código para el delito en cuestión.",
856,Apropiación indebida,"Hacer suyo dinero, efectos o cualquier otra cosa mueble que hubieren recibido con obligación de devolverlas.",CONTRA LA PROPIEDAD,7032,Malversación o peculado,alta,"El delito CNP (apropiación indebida) se alinea con la definición de malversación o peculado en el ICCS 7032, que incluye la apropiación indebida. La sección ICCS corresponde al marco legal de fraude y corrupción, lo cual es compatible con el móvil del delito. No se aplican exclusiones que descarten este código.",
857,Depositario alzado,Se refiere a la sustracción de las especies con ocasión del embargo del juicio ejecutivo recaído sobre el menaje de la casa del deudor.,CONTRA LA PROPIEDAD,502,Hurto,alta,"El delito CNP describe una sustracción de bienes durante un embargo judicial, lo que se alinea con el hurto (502) ya que no hay uso de fuerza, amenaza o violencia. Las exclusiones de 502 descartan el robo (401) y otros delitos contra la propiedad que implican violencia, lo cual es compatible con la descripción del delito CNP.",robo (0401); daños a la propiedad (0504); hurto tras el acceso no autorizado a un local (0501); hurto de propiedad intelectual (0503); robo de identidad (07019)
858,Robo con fuerza de cajeros automáticos,"Robo con fuerza de cajeros automáticos, dispensadores o contenedores de dinero o del dinero y valores contenidos en ellos.",CONTRA LA PROPIEDAD,40131,Robo a instituciones financieras,alta,"El delito CNP corresponde a robo con fuerza de cajeros automáticos, dispensadores o contenedores de dinero, lo cual se incluye en la glosa de 40131 (Robo a instituciones financieras). La sección ICCS es compatible, y las exclusiones no descartan este delito. El movil es la apropiación de bienes, no la violencia en sí.",
859,"Deudor, gerentes, directores, administradores o representantes que actúen en perjuicio de los acreedores","Castiga al que, dentro de los dos años anteriores a la dictación de la resolución de liquidación a la que se refiere la ley N° 20.720, que Sustituye el régimen concursal vigente por una ley de reorganización y liquidación de empresas y personas, y perfecciona el rol de la superintendencia del ramo, o durante el tiempo que medie entre la notificación de la demanda de liquidación forzosa y la dictación de la respectiva resolución, conociendo el mal estado de sus negocios:1.° Redujere considerablemente su patrimonio destruyendo, dañando, inutilizando o dilapidando, activos o valores o renunciando sin razón a créditos.2.° Dispusiere de sumas relevantes en consideración a su patrimonio aplicándolas en juegos o apuestas o en negocios inusualmente riesgosos en relación con su actividad económica normal.3.° Diere créditos sin las garantías habituales en atención a su monto, o se desprendiere de garantías sin que se hubieren satisfecho los créditos caucionados.4.° Realizare otro acto manifiestamente contrario a las exigencias de una administración racional del patrimonio. Sanciona también al deudor que realizare alguna de las siguientes conductas:1.° Favorecer a uno o más acreedores en desmedro de otro pagando deudas que no fueren actualmente exigibles u otorgando garantías para deudas contraídas previamente sin garantía, dentro de los dos años anteriores a la resolución de reorganización o liquidación o durante el tiempo que medie entre la notificación de la demanda de liquidación forzosa y la dictación de la respectiva resolución.2.° Percibir, apropiarse o distraer bienes que deban ser objeto de cualquier clase de procedimiento concursal de liquidación, después de dictada la resolución de liquidación.3.° Realizar actos de disposición de bienes de su patrimonio, reales o simulados, o constituir prenda, hipoteca u otro gravamen sobre ellos, después de la resolución de liquidación.4.° Ocultar total o parcialmente sus bienes o sus haberes, dentro de los dos años anteriores a la resolución de liquidación o reorganización, o con posterioridad a esa resolución. Sanciona también al deudor que:1.° Durante cualquier clase de procedimiento concursal de reorganización o de liquidación, proporcionare al veedor o liquidador, en su caso, o a sus acreedores, información o antecedentes falsos o incompletos, en términos que no reflejen la verdadera situación de su activo o pasivo.2.° Dentro de los dos años anteriores a la dictación de la resolución de liquidación o durante el tiempo que medie entre la notificación de la demanda de liquidación forzosa y la dictación de la respectiva resolución, no hubiese llevado o conservado los libros de contabilidad y sus respaldos exigidos por la ley que deben ser puestos a disposición del liquidador una vez dictada la resolución de liquidación, o si hubiese ocultado, inutilizado, destruido o falseado la información en términos que ella no refleje la verdadera situación de su activo y pasivo.",CONTRA LA PROPIEDAD,701,Fraude,alta,"El delito CNP se centra en conductas fraudulentas y deshonestas de administradores que actúan en perjuicio de los acreedores, lo que se alinea con la definición de 'fraude' en el ICCS 701. Las exclusiones aplicadas incluyen la insolvencia fraudulenta y otros actos contrarios a los reglamentos comerciales financieros, que no se aplican en este caso.","insolvencia fraudulenta, utilización indebida de información privilegiada y otros actos contrarios a los reglamentos comerciales financieros (08042)"
860,"Veedor o liquidador que realice conductas señaladas en los Arts. 464, 464 bis, 464 ter, y 464 quáter","Castiga al veedor o liquidador designado en cualquier clase de procedimiento concursal de reorganización o de liquidación que:1. Proporcionare ventajas indebidas al deudor, a un acreedor o a un tercero.2. Perpetrare cualquiera de los hechos previstos en los números 1 u 11 del artículo 470.Sanciona deudor, veedor, liquidador, o al administrador o director de los negocios del deudor, que se valiere de quien no tuviere esa calidad para perpetrar cualquiera de los delitos previstos los casos anteriores. Sanciona al que mediante engaño determinare a un deudor, veedor, liquidador, o aquellos al administrador o director de los negocios del deudor, a incurrir en cualquiera de los hechos previstos los casos anteriores.",CONTRA LA PROPIEDAD,7032,Malversación o peculado,alta,"El delito CNP se centra en conductas de veedor o liquidador que actúan con engaño o ventajas indebidas, lo que se alinea con la definición de malversación o peculado en el ICCS 7032. Este código abarca la apropiación indebida de bienes o fondos confiados, lo cual coincide con el móvil del delito descrito. Además, las exclusiones del ICCS 7032 no descartan el delito CNP, ya que no se menciona una situación que se ajuste a las exclusiones aplicables.",
861,Robo con lesiones graves,"Castiga al que con motivo u ocasión del robo, cometiere alguna de las lesiones comprendidas en los artículos 395, 396 y 397, número 1° (lesiones graves).",CONTRA LA PROPIEDAD,20111,Agresión grave,alta,"El delito CNP 861 se describe como robo con lesiones graves, donde el móvil es el robo y la lesión es una consecuencia. El código ICCS 20111 (Agresión grave) se aplica cuando hay aplicación intencional o imprudente de fuerza física intensa que provoca lesiones graves. La sección ICCS corresponde a actos que causan danos a personas, lo cual es compatible con el delito. Además, las exclusiones del código 20111 no descartan el delito CNP, ya que el robo con lesiones graves no se incluye en las exclusiones de este código.",
862,Robo con retención de víctimas o lesiones graves,"Castiga al que con motivo u ocasión del robo, cometiere lesiones de las que trata el número 2 del artículo 397, o cuando las víctimas fueren retenidas bajo rescate o por un lapso mayor a aquel que resulte necesario para la comisión del delito.",CONTRA LA PROPIEDAD,4011,Robo a personas,alta,"El delito CNP 862 implica robo con retención de víctimas o lesiones graves, lo cual se alinea con el ICCS 4011 (Robo a personas) que incluye el uso de violencia o amenaza de violencia contra las personas durante el robo. Las exclusiones del ICCS 4011 no descartan el delito CNP, ya que no se menciona una exclusión que se aplique directamente a este caso.",
863,Administración desleal de persona natural,"Sanciona a la persona natural que teniendo a su cargo la salvaguardia o la gestión del patrimonio de otra persona, o de alguna parte de éste, en virtud de la ley, de una orden de la autoridad o de un acto o contrato, le irrogare perjuicio, sea ejerciendo abusivamente facultades para disponer por cuenta de ella u obligarla, sea ejecutando u omitiendo cualquier otra acción de modo manifiestamente contrario al interés del titular del patrimonio afectado. Se sanciona también al guardador, tutor o curador del patrimonio o de una persona incapaz que el sujeto tuviere a su cargo en alguna otra calidad. Asimismo, en caso de que el patrimonio encomendado fuere el de una sociedad anónima abierta o especial u otro patrimonio administrado por esa sociedad, el administrador que ejerza abusivamente facultades para disponer por cuenta de ella u obligarla, sea ejecutando u omitiendo cualquier otra acción de modo manifiestamente contrario al interés del titular del patrimonio afectado, irrogando perjuicio al patrimonio social.",CONTRA LA PROPIEDAD,70112,Fraude financiero contra personas naturales o jurídicas,alta,"El delito CNP 863 se centra en la administración desleal de patrimonios, lo que implica un abuso de confianza y fraude. El código ICCS 70112 (Fraude financiero contra personas naturales o jurídicas) se alinea con este móvil, ya que también aborda el fraude y el abuso de posición de confianza. Las exclusiones del código ICCS 70112 no descartan el delito CNP, ya que no mencionan casos específicos que coincidan con la descripción del delito nacional.",
864,Receptación cometida por persona jurídica,"Sanciona al que conociendo su origen o no pudiendo menos que conocerlo, tenga en su poder, a cualquier título, especies hurtadas, robadas u objeto de abigeato, de receptación o de apropiación indebida del artículo 470, número 1°, las transporte, compre, venda, transforme o comercialice en cualquier forma, aun cuando ya hubiese dispuesto de ellas.",CONTRA LA PROPIEDAD,7049,Otros actos relacionados con el producto del delito,alta,"El delito CNP se refiere a la recepción, transporte, compra, venta, transformación o comercialización de bienes hurtados, robados o de apropiación indebida. El código ICCS 7049 abarca la recepción, manipulación o procesamiento de dinero o bienes derivados de un delito, lo cual se alinea con la definición del CNP. Además, las inclusiones de 7049 incluyen la recepción, manipulación, enajenación, venta o tráfico de bienes robados, lo cual coincide directamente con el delito descrito.",Adquisición ilícita de bienes (0502)
865,Administración desleal de persona jurídica,"Sanciona a la persona jurídica que teniendo a su cargo la salvaguardia o la gestión del patrimonio de otra persona, o de alguna parte de éste, en virtud de la ley, de una orden de la autoridad o de un acto o contrato, le irrogare perjuicio, sea ejerciendo abusivamente facultades para disponer por cuenta de ella u obligarla, sea ejecutando u omitiendo cualquier otra acción de modo manifiestamente contrario al interés del titular del patrimonio afectado. Se sanciona también al guardador, tutor o curador del patrimonio o de una persona incapaz que el sujeto tuviere a su cargo en alguna otra calidad. Asimismo, en caso de que el patrimonio encomendado fuere el de una sociedad anónima abierta o especial u otro patrimonio administrado por esa sociedad, el administrador que ejerza abusivamente facultades para disponer por cuenta de ella u obligarla, sea ejecutando u omitiendo cualquier otra acción de modo manifiestamente contrario al interés del titular del patrimonio afectado, irrogando perjuicio al patrimonio social.",CONTRA LA PROPIEDAD,804,Actos contrarios a las disposiciones relativas a los ingresos públicos u otras disposiciones regulatorias,alta,"El delito CNP 865 se relaciona con la administración desleal de personas jurídicas, lo que implica el uso indebido de facultades para disponer del patrimonio de terceros. Este delito se ajusta a la categoría ICCS 804, que abarca actos contrarios a las disposiciones relativas a los ingresos públicos u otras disposiciones regulatorias, incluyendo delitos de personas jurídicas. Las exclusiones de 804 no aplican al delito CNP, ya que no se trata de fraude, engaño o corrupción, ni de actos que conllevan daño físico.",
866,Apropiación indebida cometido por persona jurídica,"Sanciona a quien haga suyo dinero, efectos o cualquier otra cosa mueble que hubieren recibido con obligación de devolverlas. Asimismo sanciona a los que en perjuicio de otro se apropiaren o distrajeren dinero, efectos o cualquiera otra cosa mueble que hubieren recibido en depósito, comisión o administración, o por otro título que produzca obligación de entregarla o devolverla. En cuanto a la prueba del depósito en el caso a que se refiere el art. 2.217 del Código Civil, se observará lo que en dicho artículo se dispone (en relación al artículo 1° de la Ley 20.393).",CONTRA LA PROPIEDAD,509,Otros actos contra la propiedad solamente,alta,"El delito CNP se refiere a la apropiación indebida de bienes que se han recibido con obligación de devolverlos, lo cual se ajusta a la glosa de 509 (Otros actos contra la propiedad solamente). La exclusión de 'apropiación ilícita de dinero o bienes que no se han confiado al cuidado propio' no aplica, ya que el delito CNP implica la recepción de bienes con obligación de devolverlos. La sección ICCS correspondiente (Actos contra la propiedad solamente) es compatible con el marco del delito.",apropiación ilícita de dinero o bienes que no se han confiado al cuidado propio
867,"Robo de vehículo motorizado por sorpresa, violencia o intimidación","Sanciona la apropiación de vehículos motorizados, en que medie violencia o intimidación, o valiéndose de la sorpresa, de la distracción de la víctima o se genere por parte del autor cualquier maniobra distractora cuyo objeto sea que la víctima abandone el vehículo para facilitar su apropiación, en ambos casos, en el momento en que ésta se apreste a ingresar o hacer abandono de un lugar habitado, destinado a la habitación o sus dependencias, o su lugar de trabajo. (Portonazo)",CONTRA LA PROPIEDAD,40121,Robo de automóviles o vehículos,alta,"El delito CNP describe el robo de vehículo motorizado mediante violencia, intimidación o sorpresa, lo cual se alinea directamente con la glosa de 40121 (Robo de automóviles o vehículos), que incluye el robo de vehículos en tránsito y se aplica a situaciones que involucran violencia o amenaza. Además, la nota 49 de 40121 define vehículo como incluye automóviles, motocicletas, etc., lo que se ajusta al delito CNP. No se aplican exclusiones que descarten este código.",
868,Robo de vehículo utilizando elementos distractivos,"Sanciona la apropiación de un vehículo motorizado mediante la generación de cualquier maniobra distractora cuyo objeto sea que la víctima abandone el vehículo, sin que medie violencia, intimidación o sorpresa en los términos del artículo 436 del CPP.",CONTRA LA PROPIEDAD,50212,Utilización ilegal de vehículos terrestres de motor,alta,"El delito CNP describe la apropiación de un vehículo mediante maniobras distractoras sin violencia, intimidación o sorpresa. El código ICCS 50212 se refiere a la utilización ilegal de vehículos terrestres de motor sin uso de fuerza, lo que coincide con el móvil del delito. El código 40121 (robo de automóviles) se excluye por la sección ICCS que incluye violencia, lo cual no aplica en este caso. El código 50212 es más preciso al no requerir violencia.",Hurto de piezas de vehículos terrestres de motor (050213); aplicar todas las exclusiones enumeradas en 05021
869,Receptación de vehículos motorizados,Sanciona al autor de receptación de vehículos motorizados que conociere o no pudiere menos que conocer que en la apropiación de éste se ejerció sobre su legítimo tenedor violencia o intimidación.,CONTRA LA PROPIEDAD,50212,Utilización ilegal de vehículos terrestres de motor,alta,"El delito CNP se refiere a la receptación de vehículos motorizados con violencia o intimidación, lo que se alinea con la definición de 'Utilización ilegal de vehículos terrestres de motor' en el ICCS 50212, que incluye la sustracción u obtención ilícita de un vehículo sin uso de fuerza, pero con la intención de privar permanentemente. La exclusión de hurto de piezas de vehículos de motor (050213) y otros hurtos no aplican en este caso.","Hurto de piezas de vehículos de motor (050213); hurto de embarcaciones, aeronaves y otros vehículos (050219); hurto de bienes personales de un vehículo de motor (050221)"
870,Robo con ocasión de calamidad o alteración al orden público,"Sanciona al que roba con ocasión de calamidad pública o alteración del orden público, actuando en grupo o individualmente pero amparado en el grupo.",CONTRA LA PROPIEDAD,8012,Actos relacionados con las normas y preceptos sociales y religiosos orientados al mantenimiento del orden público,alta,"El delito CNP se relaciona con la alteración del orden público, lo cual se alinea con la glosa de 8012. La sección ICCS es compatible, y las inclusiones mencionan alteración del orden público, que coincide con el móvil del delito descrito. No se aplican exclusiones que descarten el delito.",
871,Hurto con ocasión de calamidad o alteración al orden público,"Sanciona al que hurta con ocasión de calamidad pública o alteración del orden público, actuando en grupo o individualmente pero amparado en el grupo.",CONTRA LA PROPIEDAD,8011,Delitos relacionados con la alteración violenta del orden público,alta,"El delito CNP se caracteriza por el hurto cometido en ocasión de calamidad o alteración del orden público, lo cual se alinea con la definición de 'Delitos relacionados con la alteración violenta del orden público' en el ICCS 8011. Este código abarca actos que provocan graves trastornos o miedo al público, lo cual coincide con la situación descrita en el CNP. No se aplican exclusiones que descarten este código.",
872,Saqueo,"Si los delitos señalados en el artículo 449 (apropiación indebida, robo con violencia o intimidación en las personas, robo con fuerza en las cosas, hurto y abigeato) cometen en circunstancias tales que contribuyan cometido en circunstancias que contribuyan a la sustracción o destrucción de todo o la mayor parte de aquello que había o se guardaba en algún establecimiento de comercio o industrial o del propio establecimiento. En estos casos el hecho se denominará saqueo.",CONTRA LA PROPIEDAD,409,Otros actos contra la propiedad que entrañan violencia o amenaza de violencia contra las personas,alta,"El saqueo se describe como un acto contra la propiedad que entraña violencia o amenaza de violencia contra las personas, y está explícitamente incluido en la glosa de 409. Además, el delito CNP menciona la sustracción o destrucción de bienes en establecimientos, lo cual se alinea con la definición de 409.",Daños a la propiedad (0504); robo (0401); secuestro o toma de rehenes (02022); aplicar todas las exclusiones enumeradas en 0401
877,Portar elementos para provocar incendio o estragos,"Sanciona a quien  fuere aprehendido con artefactos, implementos o preparativos conocidamente dispuestos para incendiar o causar  estragos",CONTRA LA PROPIEDAD,504,Daños a la propiedad,alta,"El delito CNP se relaciona con la posesión de elementos para incendiar o causar estragos, lo cual se ajusta a la definición de daños a la propiedad en el ICCS 504. Aunque el ICCS 90119 y 9011 también están relacionados con armas y explosivos, el movil del delito en el CNP es la preparación para causar daños a la propiedad, no la posesión directa de armas. Además, el ICCS 504 incluye la destrucción intencional de bienes, lo cual se alinea con el delito descrito.",Robo en inmuebles con fuerza en las cosas (0501)
891,Sustracción de madera,"Sanciona el robo o hurto de troncos o trozas de madera o no pueda justificar su adquisición o su labor en dichas faenas o actividades conexas destinadas a la tala de árboles y, del mismo modo, al que sea encontrado en predio ajeno, en idénticas faenas o actividades, sin consentimiento de su propietario ni autorización de tala",CONTRA LA PROPIEDAD,10041,Tala ilegal,alta,"El delito CNP se refiere a la sustracción de madera, lo cual se alinea con la definición de 'Tala ilegal' en el ICCS 10041, que incluye la extracción, corte, cosecha, transporte, compra o venta ilícitos de madera. La sección ICCS correspondiente es 'Actos contra el entorno natural', lo cual es compatible con el marco del delito descrito. Además, las exclusiones del ICCS 10041 no descartan el delito CNP.",
892,Sustracción de madera. Persona jurídica,"Sanciona a la persona jurídica que, estando bajo el supuesto del art. 3 de la Ley N° 20.393,  cometa robo o hurto de troncos o trozas de madera o no pueda justificar su adquisición  o su labor en dichas faenas o actividades conexas destinadas a la tala de árboles y, del mismo modo, al que sea encontrado en predio ajeno, en idénticas faenas o actividades, sin consentimiento de su propietario ni autorización de tala.",CONTRA LA PROPIEDAD,10041,Tala ilegal,alta,"El delito CNP se refiere a la tala ilegal de madera, lo cual se alinea directamente con la definición de 'Tala ilegal' en el código ICCS 10041. La descripción del delito CNP menciona la extracción de madera, lo que se incluye en la definición de ICCS 10041. No hay exclusiones que descarten este código para el delito descrito.",
896,Posesión o tenencia ilegítima de madera,Sanciona quien tenga en su poder troncos o trozas de madera o no pueda justificar su adquisición o posesión legítima,CONTRA LA PROPIEDAD,10041,Tala ilegal,alta,"El delito CNP se refiere a la posesión ilegítima de madera, lo cual se alinea con la descripción de la tala ilegal en el ICCS 10041, que incluye la extracción, corte o posesión ilegítima de madera. No hay exclusiones que descarten este delito en el contexto del ICCS 10041.",
897,Falsificación de documentos para transportar o comercializar madera,Sanciona a quien falsifique o maliciosamente haga uso de documentos falsos para obtener guías o formularios con miras a trasladar o comercializar madera de manera ilícita.,CONTRA LA PROPIEDAD,7023,Actos de falsificación de documentos,alta,"El delito CNP se enfoca en la falsificación de documentos para transportar o comercializar madera, lo que se alinea con la definición de 'Actos de falsificación de documentos' en el ICCS 7023. Este código incluye la falsificación de documentos para fines ilegales, lo cual coincide con el móvil del delito. No se aplican exclusiones que descarten este código, ya que el delito no se encauza en las exclusiones de documentos de identidad o visas.",
898,Pago de remuneración desproporcionada inferior al Ingreso Mínimo Mensual,"Sanciona al que con abuso grave de una situación de necesidad, de la inexperiencia o de la incapacidad de discernimiento de otra persona, le pagare una remuneración manifiestamente desproporcionada e inferior al ingreso mínimo mensual previsto por la ley o le diere en arrendamiento un inmueble como morada recibiendo una contraprestación manifiestamente desproporcionada",CONTRA LA PROPIEDAD,808,Actos contrarios al derecho laboral,alta,"El delito CNP se relaciona con el pago de remuneración desproporcionada inferior al ingreso mínimo mensual, lo que puede interpretarse como una violación al derecho laboral, especialmente en cuanto a la protección de los derechos de los trabajadores. El código ICCS 808 abarca actos contrarios al derecho laboral, incluyendo delitos relacionados con el salario mínimo, lo cual se alinea con el móvil del delito descrito. No se aplican exclusiones que descarten este código.",
899,Otros delitos contra la propiedad,Sin descripción,CONTRA LA PROPIEDAD,509,Otros actos contra la propiedad solamente,alta,"El delito CNP 899 se clasifica como 'Otros delitos contra la propiedad' sin descripción específica. El código ICCS 509 corresponde a 'Otros actos contra la propiedad solamente', que incluye actos no descritos en otras categorías. La sección ICCS es compatible con el marco del delito CNP, y no hay exclusiones que descarten la aplicación de este código. Además, el modelo de embedding confirma su relevancia.",
901,Cuasidelito de lesiones,"Al que con infracción de reglamentos y por mera imprudencia o negligencia ejecute un hecho o incurre en una omisión que de mediar malicia constituiría un crimen o simple delito contra las personas. Código agrupador para tribunales y comprende los siguientes códigos exclusivos de Carabineros e Investigaciones: 00902, 00903 y 00904",DE LOS CUASIDELITOS,206,Negligencia,alta,"El delito CNP 901 se describe como un cuasidelito por negligencia o imprudencia que no constituye un delito por sí mismo, pero podría serlo si hubiera malicia. El código ICCS 206 corresponde a la negligencia, que se define como no ejercer el cuidado que tendría una persona razonable, lo que coincide con la descripción del delito CNP. Además, el código 206 no excluye el delito CNP, mientras que otros como 2061 o 20611 son más específicos y no aplican en este caso.",
905,Cuasidelito de homicidio,El que por imprudencia temeraria ejecuta un hecho que de mediar malicia constituiría un crimen o simple delito contra las personas.,DE LOS CUASIDELITOS,1031,Homicidio no culposo,alta,"El delito CNP 905 se describe como un cuasidelito de homicidio por imprudencia temeraria, lo que implica una falta de cuidado que no tiene intención de causar la muerte. El código ICCS 1031 corresponde a homicidio no culposo, que se define como agresión mortal ilícita contra una persona cuando existe la intención general de causar daño pero no de provocar la muerte ni lesiones graves. Esto se alinea con la falta de intención de causar daño grave en el CNP. Además, el código 1031 no excluye el caso de imprudencia temeraria, mientras que otros como 101 (homicidio intencional) o 110131 (homicidio en conflictos armados) son inaplicables por falta de contexto de conflicto.",
909,Negligencia médica,,DE LOS CUASIDELITOS,2062,Negligencia profesional,alta,"El delito CNP (Negligencia médica) se ajusta a la definición de 'Negligencia profesional' en el ICCS 2062, que abarca negligencia médica en las recetas y mala praxis. No hay exclusiones que descarten este código para el caso descrito.",
910,Cuasidelito de lesiones cometido por profesionales de la salud,"El médico, cirujano, farmacéutico, flebotomiano o matrona que causare mal a las personas por negligencia culpable en el desempeño de su profesión.",DE LOS CUASIDELITOS,2062,Negligencia profesional,alta,"El delito CNP describe una negligencia profesional en el ejercicio de una profesión sanitaria, lo cual se alinea directamente con la definición de 'Negligencia profesional' en el ICCS 2062. Las inclusiones mencionan negligencia médica en recetas y procedimientos, que coinciden con el delito descrito. No se aplican exclusiones relevantes que descarten este código.",
911,Cuasidelito de homicidio cometido por profesionales de la salud,"Al que, con infracción de los reglamentos y por mera imprudencia o negligencia, ejecutare un hecho o incurriere en una omisión que, a mediar malicia, constituiría un crimen o un simple delito contra las personas.",DE LOS CUASIDELITOS,2062,Negligencia profesional,alta,"El delito CNP describe un cuasidelito de homicidio cometido por profesionales de la salud por negligencia. El código ICCS 2062 corresponde a 'Negligencia profesional' y se aplica a lesiones corporales o posibilidad de infligirles causadas por descuido en el desempeño de obligaciones profesionales. La inclusión menciona 'negligencia médica en las recetas' y 'negligencia grave en la realización de procedimientos médicos', lo cual se alinea con el delito descrito. El código 10322 también es cercano, pero su exclusión menciona 'negligencia profesional que cause la muerte', lo cual no aplica en este caso. Por lo tanto, 2062 es el más preciso.",Homicidio provocado por negligencia (01032)
912,Duplicación de inscripciones de derechos de agua,Sanciona al que a sabiendas duplique la inscripción de su derecho en el Registro de Propiedad de Aguas del Conservador de Bienes Raíces.,DE LOS CUASIDELITOS,10012,Actos que causan la contaminación o degradación del agua,alta,"El delito CNP se refiere a la duplicación de inscripciones de derechos de agua, lo cual no implica contaminación ni degradación del agua, sino una falsificación o alteración de registros. El código ICCS 10012 abarca actos que causan contaminación o degradación del agua, pero su exclusión menciona específicamente la contaminación causada por traslado o vertimiento ilícitos de desechos, lo cual no aplica al caso. Por lo tanto, el código 10012 es el más preciso en este contexto.","Contaminación del agua causada por la minería ilegal, la tala ilegal u otros actos que provocan el agotamiento o la degradación de los recursos naturales (1004); contaminación o degradación del agua mediante el traslado o vertimiento ilícitos de desechos (1002)"
999,Otros de los cuasidelitos,Sin descripción,DE LOS CUASIDELITOS,1109,Otros actos delictivos no clasificados en otra parte,alta,"El delito CNP se clasifica como 'Otros de los cuasidelitos' sin descripción específica, lo que lo sitúa en la categoría de actos no descritos en otras secciones. El código ICCS 1109 corresponde a 'Otros actos delictivos no clasificados en otra parte', lo cual es compatible con la falta de descripción del delito nacional. Además, la sección ICCS 'Otros actos delictivos no clasificados en otra parte' es la más adecuada para delitos generales sin especificación.",
1001,Presunta desgracia,"Denuncia que se extiende cuando existen posibilidades de que una persona que se encuentra desaparecida, pueda estar muerta o herida.",HECHOS DE RELEVANCIA CRIMINAL,206,Negligencia,alta,"El delito CNP describe una denuncia que se extiende cuando existen posibilidades de que una persona desaparecida pueda estar muerta o herida. Esto se alinea con la noción de negligencia, ya que implica un comportamiento que no se ejerce el cuidado necesario, lo cual se describe en la glosa de 206. Además, la sección ICCS de 206 corresponde a actos que causan danos o que tienen la intención de causar danos a las personas, lo cual es compatible con el marco del delito descrito.",
1002,Muertes y hallazgo de cadáver,Encontrar cadáver del que no se tiene conocimiento alguno acerca de su deceso.,HECHOS DE RELEVANCIA CRIMINAL,2119,Otras transgresiones contra las personas,alta,"El delito CNP se refiere al hallazgo de un cadáver sin conocimiento previo de su muerte, lo cual se ajusta a la inclusión de 'utilización ilícita de cadáveres' en el código ICCS 2119. No hay intención de causar daño a una persona viva, por lo que no se ajusta a los homicidios intencionales o no intencionales. La sección ICCS 2119 corresponde a actos que causan daños o tienen intención de causar daños a las personas, lo cual es compatible con el contexto del delito.",
1006,Hallazgo de vehículo,Encontrar un vehículo abandonado del que no se tiene denuncia de haber sido robado.,HECHOS DE RELEVANCIA CRIMINAL,50222,Hurto de bienes personales de un vehículo,alta,"El delito CNP describe el hallazgo de un vehículo abandonado sin denuncia de robo, lo cual no implica hurto ni robo, pero sí la posesión de un bien encontrado. El código ICCS 50222 corresponde al hurto de bienes personales de un vehículo, que se ajusta a la situación descrita, ya que el vehículo no fue robado, pero sí se encontró. No hay exclusión que descarte este código en relación al delito descrito.",
1007,Ampliación de parte,,HECHOS DE RELEVANCIA CRIMINAL,401,Robo,alta,"El delito CNP 1007 'Ampliación de parte' se refiere a la acción de ampliar o aumentar una parte del cuerpo de una persona, lo cual se relaciona con actos que implican violencia física contra una persona. El código ICCS 401 'Robo' se ajusta al movil del delito, que es la obtención ilícita de bienes mediante el uso de la fuerza o amenaza. Aunque la descripción del delito CNP no es clara, la familia 'HECHOS DE RELEVANCIA CRIMINAL' y el movil de obtener bienes mediante violencia lo vinculan al código 401. Los demás candidatos no se ajustan al movil del delito.",
1012,Intento de suicidio,,HECHOS DE RELEVANCIA CRIMINAL,104,Suicidio asistido o incitación al suicidio,alta,"El delito CNP (Intento de suicidio) se relaciona con la intención de causar la muerte, lo que lo sitúa en la sección ICCS de actos que causan la muerte o que tienen la intención de causar la muerte. El código ICCS 104 (Suicidio asistido o incitación al suicidio) es el más preciso al abordar la intención de facilitar el suicidio, lo cual coincide con el móvil del delito. Además, las exclusiones del código 104 no descartan el delito CNP, ya que el intento de suicidio no se considera una muerte causada por otra persona con la intención de provocar la muerte sin dolor o poner fin a un sufrimiento imposible de aliviar.",
1014,Presunta desgracia infantil,"Es la denuncia de desaparición de una persona menor de edad del ámbito de protección de sus padres o de quienes tengan su tuición o cuidado personal, sin que éstos sepan donde se encuentra, con el objetivo de que la policía indague si ha sido víctima de algún delito y cuál es su paradero.",HECHOS DE RELEVANCIA CRIMINAL,20611,Negligencia en situaciones de menores bajo cuidado,alta,"El delito CNP se refiere a la denuncia de desaparición de una persona menor de edad, sin que los cuidadores sepan su paradero, con el objetivo de que la policía indague si ha sido víctima de algún delito. Esto se alinea con la negligencia en situaciones de menores bajo cuidado, ya que implica una falta de atención o cuidado por parte de quienes tienen la responsabilidad legal de la menor. La sección ICCS correspondiente (Actos que causan danos o que tienen la intención de causar danos a las personas) es compatible con el marco del delito. Además, la nota 70 de la sección ICCS define la obligación de cuidado, lo cual se aplica directamente al delito CNP.",
1018,Hallazgo de drogas,Encontrar droga sin que se tenga conocimiento de su origen o eventuales personas a las que imputarles su titularidad.,HECHOS DE RELEVANCIA CRIMINAL,6012,"Tráfico, cultivo o producción ilícitos de drogas o precursores sujetos a fiscalización no destinados al consumo personal",alta,"El delito CNP se refiere al hallazgo de drogas sin conocimiento de su origen, lo cual se alinea con el tráfico, cultivo o producción ilícitos de drogas o precursores sujetos a fiscalización no destinados al consumo personal, descrito en el código 6012. No se menciona ninguna exclusión que descarte este código para el caso descrito.",
1099,Otros hechos que no constituyan delito,"Este código cumple dos funciones:1) agrupa los códigos 01008, 01009 y 01011 de Carabineros.2) es un código bolsón en el sentido de que en él se consideran todos los hechos de relevancia criminal que se denuncian al tribunal y que no tienen codificación específica asignada, siempre y cuando estos no constituyan delito.",HECHOS DE RELEVANCIA CRIMINAL,1109,Otros actos delictivos no clasificados en otra parte,alta,"El delito CNP 1099 se describe como un código bolsón para hechos de relevancia criminal no codificados específicamente. El código ICCS 1109 corresponde a actos delictivos no clasificados en otras categorías, lo que se alinea con la función del CNP 1099. No hay exclusiones que descarten su aplicación.",
1100,"Usurpación u ocupación no violenta, pero con daño en las cosas","Sanciona al que, en los casos del inciso primero del artículo anterior (Art. 457), el hecho se llevare a efecto sin violencia o intimidación en las personas, pero causando daño en las cosas",CONTRA LA PROPIEDAD,504,Daños a la propiedad,alta,"El delito CNP describe una usurpación u ocupación no violenta pero con daño en las cosas, lo que se alinea con daños a la propiedad. El código ICCS 504 abarca daños intencionales a la propiedad, incluyendo degradación, lo cual se ajusta al daño en las cosas descrito en el CNP. Además, el código 504 no excluye daños causados en el contexto de usurpación o ocupación no violenta.",Robo en inmuebles con fuerza en las cosas (0501)
1101,Engaño para celebrar contratos para transferir inmuebles,"Sanciona al que mediante engaño dispusiera a otro a celebrar cualquiera clase de actos o contratos que tengan por finalidad última o inmediata la transferencia del dominio o la concesión del uso y goce de un sitio, lote o terreno sin tener título legítimo de dominio o posesión, ni autorización del que lo detenta legítimamente para celebrar actos o contratos, siempre que le ocasione un perjuicio patrimonial a la víctima.",CONTRA LA PROPIEDAD,701,Fraude,alta,"El delito CNP se basa en el engaño para celebrar contratos de transferencia de inmuebles, lo cual se alinea con la definición de fraude en el ICCS 701, que abarca obtención de beneficios mediante engaño. No se aplican exclusiones relevantes, ya que el delito no cae en las exclusiones mencionadas para el ICCS 701.",
1102,Incendio solo con daños a terceros,Sanciona al incendiario de objetos que produjera daños en las cosas a terceros sobre una Unidad Tributaria Mensual (UTM).,CONTRA LA PROPIEDAD,504,Daños a la propiedad,alta,"El delito CNP se describe como incendio que produce daños a terceros, lo que se alinea con la definición de daños a la propiedad en el ICCS 504. El incendio premeditado está incluido en el ICCS 504, lo que lo hace el más preciso. No hay exclusiones que descarten este delito.",
1103,Incendio de cosas de valor inferior a 4 sueldos vitales,"Sanciona al incendiario de elementos específicos: chozas, pajar, cobertizo deshabitado o cualquier otra cosa cuyo valor no superare los 4 SUELDOS VITALES, sin peligro o riesgo de propagación",CONTRA LA PROPIEDAD,504,Daños a la propiedad,alta,"El delito CNP corresponde a incendio intencional de cosas de valor inferior a 4 sueldos vitales, sin riesgo de propagación. El código ICCS 504 incluye incendio premeditado, lo cual se ajusta al móvil del delito. No se aplica la exclusión de daños a la propiedad por explosión, ya que el delito no implica explosión. Además, el código 504 pertenece a la sección de actos contra la propiedad, que es compatible con el marco jurídico del delito.",Robo en inmuebles con fuerza en las cosas (0501)
2001,Delitos informáticos Ley 19.223,,DELITOS INFORMÁTICOS,9032,Injerencia ilícita en sistemas o datos informáticos,alta,"El delito CNP 2001 se refiere a actos informáticos que dañan, borran, deterioran, alteran o suprimen datos sin autorización. El código ICCS 9032 describe exactamente estos actos como 'injerencia ilícita en sistemas o datos informáticos', lo que coincide con el móvil del delito. No hay exclusiones que descarten este código para el delito descrito.",
2002,Sabotaje informático,"Destruir, modificar o inutilizar un sistema de tratamiento de información, sus partes o componentes Alterar, dañar o destruir los datos contenidos en él.",DELITOS INFORMÁTICOS,9032,Injerencia ilícita en sistemas o datos informáticos,alta,"El delito CNP (Sabotaje informático) se alinea directamente con la definición de 'Injerencia ilícita en sistemas o datos informáticos' en el ICCS 9032, que incluye la destrucción, alteración o supresión de datos informáticos sin autorización. Las exclusiones aplicadas descartan el uso de otros códigos como 504 (daños a la propiedad) que no abarcan específicamente daños a datos informáticos.",Daño a bienes que no sean datos informáticos (0504)
2003,Espionaje informático,"Interceptar, interferir o acceder a un sistema de tratamiento de información con el ánimo de apoderarse, usar o conocer su contenido o revelar los datos. Revelar, difundir los datos contenidos en un sistema de información.",DELITOS INFORMÁTICOS,9033,Interceptación o acceso ilícitos a datos informáticos,alta,"El delito CNP se centra en la interceptación o acceso ilícito a datos informáticos, lo cual coincide directamente con la glosa de 9033. Las inclusiones de 9033 también abarcan la interceptación de datos sin derecho, lo cual se alinea con la descripción del delito CNP. No se aplican exclusiones que descarten este código.",
2004,Ataque a la integridad de sistema informático,"Sanciona al que obstaculice o impida el normal funcionamiento, total o parcial, de un sistema informático, a través de la introducción, transmisión, daño, deterioro, alteración o supresión de los datos informáticos, será castigado con la pena de presidio menor en sus grados medio a máximo.",DELITOS INFORMÁTICOS,9032,Injerencia ilícita en sistemas o datos informáticos,alta,"El delito CNP se enfoca en obstaculizar el funcionamiento de sistemas informáticos y dañar, alterar o suprimir datos informáticos, lo cual coincide directamente con la descripción de 9032. Las inclusiones de 9032 abarcan todas las conductas descritas en el CNP, y no hay exclusiones que descarten el delito.",
2005,Acceso ilícito,"Sanciona al que, sin autorización o excediendo la autorización que posea y superando barreras técnicas o medidas tecnológicas de seguridad, acceda a un sistema informático.",DELITOS INFORMÁTICOS,9031,Acceso ilícito a sistemas informáticos,alta,"El delito CNP se describe como acceso ilícito a un sistema informático sin autorización, lo cual coincide directamente con la glosa de 9031. La sección ICCS es compatible, y no se aplican exclusiones que descarten este delito. La definición del CNP se alinea con la inclusión de 'acceso a sistemas informáticos sin derecho' en 9031.",
2006,Interceptación ilícita,"Sanciona al que indebidamente intercepte, interrumpa o interfiera, por medios técnicos, la transmisión no pública de información en un sistema informático o entre dos o más de aquellos; Sanciona al que, sin contar con la debida autorización, capte, por medios técnicos, datos contenidos en sistemas informáticos a través de las emisiones electromagnéticas provenientes de éstos",DELITOS INFORMÁTICOS,9033,Interceptación o acceso ilícitos a datos informáticos,alta,"El delito CNP se refiere a la interceptación ilícita de datos informáticos, lo cual coincide directamente con la glosa de 9033. La descripción del ICCS 9033 incluye la interceptación de datos durante una transmisión no pública, lo que se alinea con la definición del CNP. No hay exclusiones que descarten este delito.",
2007,Ataque a la integridad de los datos informáticos,"Sanciona al que indebidamente altere, dañe o suprima datos informáticos, siempre que con ello se cause un daño grave al titular de estos mismos.",DELITOS INFORMÁTICOS,9032,Injerencia ilícita en sistemas o datos informáticos,alta,"El delito CNP se centra en la alteración, daño o supresión de datos informáticos con daño grave. El código ICCS 9032 abarca la injerencia ilícita en sistemas o datos informáticos, incluyendo la alteración, supresión o daño de datos sin autorización. Las inclusiones coinciden con la descripción del delito CNP, y las exclusiones no descartan el delito.",
2008,Falsificación informática,"Sanciona al que indebidamente introduzca, altere, dañe o suprima datos informáticos con la intención de que sean tomados como auténticos o utilizados para generar documentos auténticos; y sanciona al que, en el caso de la conducta descrita anterior, sea cometida por empleado público, abusando de su oficio.",DELITOS INFORMÁTICOS,90322,Injerencia ilícita en datos informáticos,alta,"El delito CNP se enfoca en la falsificación informática, que incluye la introducción, alteración, daño o supresión de datos informáticos con la intención de que sean tomados como auténticos. El código ICCS 90322 se refiere a la injerencia ilícita en datos informáticos, que abarca actos encaminados a dañar, borrar, deteriorar, alterar o suprimir datos informáticos sin autorización. Esta definición se alinea directamente con la conducta descrita en el CNP, y las exclusiones no descartan este delito.",
2009,Receptación de datos informáticos,"Sanciona al que conociendo su origen o no pudiendo menos que conocerlo comercialice, transfiera o almacene con el mismo objeto u otro fin ilícito, a cualquier título, datos informáticos, provenientes de la realización de las conductas descritas en los artículos 2°, 3° y 5°.",DELITOS INFORMÁTICOS,9032,Injerencia ilícita en sistemas o datos informáticos,alta,"El delito CNP se centra en la comercialización, transferencia o almacenamiento de datos informáticos obtenidos de conductas delictivas. El código ICCS 9032 abarca actos que obstaculizan el funcionamiento de sistemas informáticos y actos encaminados a dañar, borrar, deteriorar, alterar o suprimir datos informáticos sin autorización, lo cual se alinea con el móvil del delito descrito. Las exclusiones no aplican en este caso.",
2010,Otros fraudes informáticos,"Sanciona al que, causando perjuicio a otro, con la finalidad de obtener un beneficio económico para sí o para un tercero, manipule un sistema informático, mediante la introducción, alteración, daño o supresión de datos informáticos o a través de cualquier interferencia en el funcionamiento de un sistema informático:1) Si el valor del perjuicio excediera de cuarenta unidades tributarias mensuales.  2) Si el valor del perjuicio excediere de cuatro unidades tributarias mensuales y no pasare de cuarenta unidades tributarias mensuales. 3) Si el valor del perjuicio no excediere de cuatro unidades tributarias mensuales. 4) Si el valor del perjuicio excediere de cuatrocientas unidades tributarias mensuales.",DELITOS INFORMÁTICOS,7019,Otros actos de fraude,alta,"El delito CNP se centra en la manipulación de sistemas informáticos con la finalidad de obtener beneficio económico, lo que se alinea con la glosa de 7019 (Otros actos de fraude). Además, el código 7019 incluye la suplantación y el fraude informático, lo cual es compatible con el móvil del delito descrito. No se aplican exclusiones que descarten este código.",
2011,Abuso de los dispositivos,"Sanciona al que para la perpetración de los delitos previstos en los artículos 1° a 4° de esta ley o de las conductas señaladas en el artículo 7° de la ley N° 20.009, entregare u obtuviere para su utilización, importare, difundiera o realizare otra forma de puesta a disposición uno o más dispositivos, programas computacionales, contraseñas, códigos de seguridad o de acceso u otros datos similares, creados o adaptados principalmente para la perpetración de dichos delitos.",DELITOS INFORMÁTICOS,9039,Otros actos contra sistemas informáticos,alta,"El delito CNP se enfoca en la entrega, obtención o uso de dispositivos, programas o datos para la perpetración de otros delitos. El código ICCS 9039 abarca 'otros actos contra sistemas informáticos' y contempla la producción, venta, obtención, importación, distribución o posesión de instrumentos destinados a un uso informático indebido, lo cual se alinea con la descripción del delito CNP. No se aplican exclusiones que descarten este código.",
3001,Obtención fraudulenta de créditos,Obtener créditos de instituciones de crédito públicas o privadas falseando datos o suministrándolos maliciosamente incompletos.,LEY GENERAL DE BANCOS,7011,Fraude financiero,alta,"El delito CNP se describe como obtención fraudulenta de créditos mediante datos falsos o incompletos, lo que se alinea con el fraude financiero definido en 7011, que incluye fraude bancario, cheques, tarjetas de crédito y otros medios financieros. No se aplican exclusiones que descarten este código.",
3002,"Alterar, ocultar o destruir balances, libros antecedentes sujeto a fiscalización","Sanciona a los accionistas fundadores, directores, gerentes, funcionarios, empleados o auditores externos de una institución sometida a la fiscalización de la Comisión para el Mercado Financiero (CMF) que alteren o desfiguren datos o antecedentes en los balances, libros, estados, cuentas, correspondencia u otro documento cualquiera o que oculten o destruyan estos elementos, con el fin de dificultar, desviar o eludir la fiscalización que corresponde ejercer a la CMF.",LEY GENERAL DE BANCOS,7019,Otros actos de fraude,alta,"El delito CNP se relaciona con la alteración, ocultación o destrucción de documentos contables con el fin de eludir la fiscalización. El código ICCS 7019 incluye la 'contabilidad falsa' y 'ocultación o destrucción de dinero', lo cual se alinea con el móvil del delito descrito. Además, el código 7019 no excluye directamente este tipo de conducta, a diferencia de otros candidatos como 7041 (blanqueo de dinero) que requiere un móvil de ocultar el origen ilícito de bienes, lo cual no es el caso aquí.","Transacciones financieras con el fin de encubrir, trasladar o disimular el producto del delito (07041); malversación o peculado (07032); aplicar todas las exclusiones enumeradas en 0701"
3003,Invasión del giro bancario,Dedicarse al giro que corresponda a empresas bancarias o que se diera a conocer como tal sin la autorización legal.,LEY GENERAL DE BANCOS,70112,Fraude financiero contra personas naturales o jurídicas,alta,"El delito CNP 3003 se refiere a la invasión del giro bancario, lo que implica actividades relacionadas con el sistema financiero. El código ICCS 70112 corresponde al fraude financiero contra personas naturales o jurídicas, que incluye el fraude bancario, lo cual se alinea con el móvil del delito descrito. Además, la sección ICCS (Actos que conllevan fraude, engaño o corrupción) es compatible con el marco jurídico del delito.",Aplicar todas las exclusiones enumeradas en 07011
3099,Otros delitos Ley General de Bancos,"Falsificar letras de crédito, hacerlas circular o introducir maliciosamente al país, letras falsificadas. Delitos relacionados con la liquidación forzosa de un banco (quiebra).Directores y gerentes que hubieren hecho declaración falsa sobre la propiedad y conformación del capital de la empresa o aprobado o presentado un balance adulterado o falso. Accionistas, fundadores, directores, gerentes, funcionarios, empleados o auditores externos de instituciones sometidas a fiscalización de la Superintendencia, que alteren o desfiguren datos o antecedentes, balances, libros, estados, cuentas, correspondencia u otro documento cualquiera; o destruyan estos elementos con el fin de dificultar, desviar o eludir la fiscalización. Institución financiera que omita contabilizar operaciones que afecten su patrimonio o responsabilidad. Cualquier otra figura delictiva que contemple esta Ley.",LEY GENERAL DE BANCOS,7023,Actos de falsificación de documentos,alta,"El delito CNP incluye falsificación de letras de crédito y alteración de documentos contables, lo que se alinea con la definición de 'Actos de falsificación de documentos' en el ICCS 7023. Además, la sección ICCS (Actos que conllevan fraude, engano o corrupción) es compatible con el marco jurídico del delito.",Utilización de documentos de identidad alterados o falsificados (0701)
4001,Giro doloso de cheques,,LEY DE CUENTAS CORRIENTES BANCARIAS Y CHEQUES,7011,Fraude financiero,alta,"El delito CNP 4001 (Giro doloso de cheques) se relaciona con el uso fraudulento de cheques, lo cual se alinea con la definición de fraude financiero en el ICCS 7011. Este código incluye el uso de cheques como medio de pago fraudulento, lo que coincide con el móvil del delito. No se aplican exclusiones que descarten este código.",
4002,Tacha falsa de firma auténtica,,LEY DE CUENTAS CORRIENTES BANCARIAS Y CHEQUES,7023,Actos de falsificación de documentos,alta,"El delito CNP se refiere a la falsificación de firma auténtica, lo cual se alinea con la falsificación de documentos mencionada en el ICCS 7023. Este código incluye la falsificación de firmas, lo que coincide directamente con el delito descrito. No se aplican exclusiones que descarten este código.",
4003,Giro doloso de cheques (falta de fondos). Acción penal privada,Girar cheques sin tener de antemano fondos o créditos disponibles suficientes en cuenta corriente.,LEY DE CUENTAS CORRIENTES BANCARIAS Y CHEQUES,7011,Fraude financiero,alta,"El delito CNP corresponde a girar cheques sin fondos, lo cual se describe como 'emisión de cheques sin fondos' en la inclusión de 7011. Este código abarca fraude financiero relacionado con transacciones bancarias y cheques, lo que coincide con el móvil del delito. No se aplican exclusiones que descarten este código.",
4004,Giro doloso de cheques (cuenta cerrada). Acción penal privada,Girar cheques sobre cuenta cerrada o no existente.,LEY DE CUENTAS CORRIENTES BANCARIAS Y CHEQUES,7011,Fraude financiero,alta,"El delito CNP (girar cheques sobre cuenta cerrada o no existente) se enmarca en el fraude financiero, ya que implica la manipulación de medios de pago para obtener provecho. El código ICCS 7011 incluye específicamente el fraude con cheques, lo que coincide directamente con la descripción del delito. No se aplican exclusiones relevantes que descarten este código.",
4005,Giro doloso de cheques. Acción penal pública,Dar orden de no pago a un cheque por causales distintas a las establecidas en el art. 26.,LEY DE CUENTAS CORRIENTES BANCARIAS Y CHEQUES,70212,Falsificación de medios de pago distintos del efectivo,alta,"El delito CNP (giro doloso de cheques) implica la emisión de cheques sin fondos, lo que se alinea con la falsificación de medios de pago distintos del efectivo (70212). Este código incluye el uso de cheques como medio de pago falsificado, lo cual se ajusta al movil del delito. Los códigos 7011 y 7021 son excluidos por la sección 70212.",fraude financiero (07011); actos relacionados con el producto del delito (0704); aplicar todas las exclusiones enumeradas en 07021
4006,Tacha falsa firma auténtica. Acción penal pública,"Persona que niega su firma en la gestión de notificación de un protesto su firma, la que en definitiva resultare pertenecerle.",LEY DE CUENTAS CORRIENTES BANCARIAS Y CHEQUES,7023,Actos de falsificación de documentos,alta,"El delito CNP se refiere a la falsificación de una firma auténtica, lo cual se alinea con la definición de 'Actos de falsificación de documentos' en el ICCS 7023. La inclusión de 'falsificación de firmas' en las inclusiones de este código respalda la clasificación. No se aplican exclusiones que descarten este código.",
4099,Otros delitos Ley de Cuentas Corrientes Bancarias y Cheques,Sin descripción,LEY DE CUENTAS CORRIENTES BANCARIAS Y CHEQUES,7049,Otros actos relacionados con el producto del delito,alta,"El delito CNP se relaciona con la Ley de Cuentas Corrientes Bancarias y Cheques, lo que sugiere un contexto de fraude o manipulación financiera. El código ICCS 7049 abarca la recepción, manipulación o procesamiento de dinero o bienes obtenidos de un delito, lo cual se alinea con la naturaleza del delito descrito. Además, las exclusiones de 7049 no descartan el delito CNP, ya que no se menciona que el delito original esté codificado en otra categoría.",
5001,Delitos que contempla el Código Tributario,Delitos contemplados en el código tributario.,DELITOS TRIBUTARIOS,8041,Actos contrarios a las disposiciones relativas a los ingresos públicos,alta,"El delito CNP 5001 se refiere a delitos tributarios, que se alinea directamente con el código ICCS 8041, que abarca actos contrarios a disposiciones relativas a ingresos públicos, incluyendo tributación. Las exclusiones de 8041 no aplican al delito CNP, ya que no se menciona fraude fiscal ni corrupción, que son excluidos.","fraude fiscal y fraude a la seguridad social y otros actos que conllevan fraude, engaño o corrupción (07)"
5002,Comercio clandestino,El ejercicio efectivamente clandestino del comercio o la industria.,DELITOS TRIBUTARIOS,8042,Actos contrarios a disposiciones comerciales o financieras,alta,"El delito CNP (comercio clandestino) se alinea con la glosa de 8042 (actos contrarios a disposiciones comerciales o financieras), ya que ambos implican la violación de normas comerciales. Además, la sección ICCS (actos contra el orden público, la autoridad y las disposiciones del Estado) es compatible con el marco legal del delito. No se aplican exclusiones que descarten este código.",
5003,Declaración maliciosa de impuestos,"Realizar declaraciones maliciosamente incompletas o falsas de impuestos, omitir libros de contabilidad, adulterar balances, o realizar operaciones con el fin de burlar el impuesto.",DELITOS TRIBUTARIOS,8041,Actos contrarios a las disposiciones relativas a los ingresos públicos,alta,"El delito CNP se relaciona con la evasión fiscal y la manipulación de impuestos, lo que se alinea con la descripción de 8041, que abarca actos contrarios a disposiciones tributarias. Además, la exclusión de fraude fiscal (08041) descarta la opción 7019, que está excluida por el delito CNP.","fraude fiscal y fraude a la seguridad social y otros actos que conllevan fraude, engaño o corrupción (07)"
5004,Obtención indebida de devolución de impuestos,"Sanciona al que, simulando una operación tributaria o mediante cualquiera otra maniobra fraudulenta, obtuviere devoluciones de impuesto que no le correspondan.",DELITOS TRIBUTARIOS,701,Fraude,alta,"El delito CNP se describe como obtención indebida de devolución de impuestos mediante simulación o maniobras fraudulentes, lo que se alinea con la definición de fraude en el ICCS 701. No se aplica la exclusión de 'obtención de dinero sin conducta deshonesta' ya que el delito implica conducta deshonesta. El fraude en el ICCS 701 incluye evasión de responsabilidades mediante medios engañosos, lo cual se ajusta al delito descrito.",Obtención de dinero sin conducta deshonesta pero con la intención de no devolverlo al dueño (0502)
5005,Facilitación de facturas falsas,"Confeccionar, vender o facilitar, maliciosamente y a cualquier título, guías de despacho, facturas, notas de débito, notas de crédito o boletas, falsas, con o sin timbre del Servicio, con el objeto de cometer o posibilitar la comisión de los delitos del N° 4 del Art. 97 del Código Tributario.",DELITOS TRIBUTARIOS,7023,Actos de falsificación de documentos,alta,"El delito CNP se refiere a la fabricación o facilitación de documentos falsos como facturas, guías de despacho, etc., lo cual se alinea con la definición de 'Actos de falsificación de documentos' en el ICCS 7023. Este código incluye la falsificación de documentos, lo que coincide con el móvil del delito descrito. No hay exclusiones que descarten este código en relación con el delito CNP.",
5006,Falta al deber de informar,Sanciona al que no entregue la información al Servicio de manera oportuna y completa por causa imputable a las instituciones bancarias o financieras constituidas en Chile será sancionada con una multa equivalente a 1 unidad tributaria anual por cada una de las cuentas u operaciones respecto de las cuales se infrinja cualquiera de los deberes establecidos en este artículo. La entrega de información maliciosamente incompleta o falsa por parte de la institución bancaria o financiera local se sancionará con la multa establecida en el párrafo final del número 4° del artículo 97,DELITOS TRIBUTARIOS,701,Fraude,alta,"El delito CNP se relaciona con la falta de informar por parte de instituciones bancarias, lo que puede implicar fraude o engaño. El código ICCS 701 (Fraude) se ajusta al movil del delito, que es la obtención de beneficios o evasión de responsabilidades mediante medios engañosos. No se aplican exclusiones que descarten este código.",
5098,Otros delitos del Código Tributario,"Sanciona: Revelar, divulgar o utilizar para fines distintos a los señalados en la ley la información financiera reservada a la que el SII a tenido acceso (abonos ).El que habiendo tomado conocimiento del inicio de un procedimiento administrativo o judicial tendiente a la determinación o liquidación del impuesto o el cobro judicial de obligaciones tributarias, ejecute actos o contratos que disminuyan su activo o aumenten su pasivo sin otra justificación económica o jurídica que la de perjudicar a la administración tributaria o frustrar total o parcialmente el cumplimiento de sus obligaciones tributarias.",DELITOS TRIBUTARIOS,8041,Actos contrarios a las disposiciones relativas a los ingresos públicos,alta,"El delito CNP 5098 se relaciona con actos que perjudican a la administración tributaria, lo que se alinea con el código ICCS 8041, que abarca actos contrarios a disposiciones relativas a los ingresos públicos. La sección ICCS correspondiente (Actos contra el orden público, la autoridad y las disposiciones del Estado) es compatible con el marco del delito. Además, las exclusiones de 8041 no descartan el delito CNP, ya que este no se relaciona con fraude, engaño o corrupción, que son excluidos en otras categorías.",aplicar todas las exclusiones enumeradas en 0804
5099,Infracciones tributarias contempladas en otras leyes,Otros delitos tributarios contemplados en cualquier cuerpo legal que no sea el Código Tributario.,DELITOS TRIBUTARIOS,8041,Actos contrarios a las disposiciones relativas a los ingresos públicos,alta,"El delito CNP 5099 se refiere a infracciones tributarias contempladas en otras leyes, lo que se alinea con la descripción de 8041, que abarca actos contrarios a disposiciones relativas a los ingresos públicos. La sección ICCS correspondiente (Actos contra el orden público, la autoridad y las disposiciones del Estado) es compatible con el marco legal del delito. Además, las inclusiones de 8041 mencionan delitos en materia de tributación, lo que refuerza la coincidencia.","Fraude fiscal y fraude a la seguridad social y otros actos que conllevan fraude, engaño o corrupción (07); tráfico ilícito de migrantes (0805); aplicar todas las exclusiones enumeradas en 0804"
6001,Calumnias a través de medios de difusión (acción privada),,CONTRA LAS PERSONAS,209,Difamación o insulto,alta,"El delito CNP corresponde a calumnias a través de medios de difusión, lo cual se alinea con la definición de difamación o insulto en el ICCS 209. La glosa y la descripción coinciden en la intención de dañar la reputación o la dignidad de una persona. No se aplican exclusiones que descarten este código.",
6002,Injuria a través de medios de difusión (acción privada),,CONTRA LAS PERSONAS,209,Difamación o insulto,alta,"El delito CNP se describe como injuria a través de medios de difusión, lo que se alinea con la definición de difamación o insulto en el ICCS 209. La glosa y la descripción coinciden en que se trata de una acción intencional que daña la reputación o el respeto de otra persona. No hay exclusiones que descarten este delito en el contexto del ICCS 209.",
6099,Otros delitos Ley 16.643 sobre abusos de publicidad,,CONTRA LAS PERSONAS,60219,"Otros actos ilícitos de producción, manipulación, posesión o uso de productos alcohólicos",alta,"El delito CNP 6099 se refiere a otros delitos Ley 16.643 sobre abusos de publicidad, lo cual incluye promoción o publicidad ilícita de productos alcohólicos. El código ICCS 60219 corresponde a otros actos ilícitos de producción, manipulación, posesión o uso de productos alcohólicos, lo que se alinea directamente con la descripción del delito nacional. Las inclusiones de 60219 mencionan promoción ilícita de productos alcohólicos, lo cual coincide con el delito CNP.",
7001,Elaboración ilegal de drogas o sustancias sicotrópicas,"Castiga a quienes elaboren, fabriquen, transformen, preparen o extraigan sustancias o drogas estupefacientes o sicotrópicas productoras de dependencia física o síquica, capaces de provocar graves efectos tóxicos o daños considerables a la salud.",TRÁFICO ILÍCITO DE ESTUPEFACIENTES Y SUSTANCIAS SICOTRÓPICAS,60122,Fabricación ilícita de drogas sujetas a fiscalización no destinadas al consumo personal,alta,"El delito CNP se refiere a la elaboración ilegal de drogas, lo que coincide con la glosa de 60122 que menciona 'fabricación ilícita de drogas sujetas a fiscalización no destinadas al consumo personal'. Además, la nota 98 define las drogas sujetas a fiscalización como estupefacientes y sustancias sicotrópicas, lo cual se alinea con la descripción del delito CNP. No hay exclusiones que descarten este código para el delito descrito.",
7006,Cultivo/cosecha de especies vegetales productoras de estupefacientes,"Sembrar, plantar, cultivar o cosechar sin autorización especies vegetales del género cannabis u otras que sirven para la elaboración de droga. Asimismo, sanciona a quien falsifique o maliciosamente haga uso de recetas falsas para justificar el cultivo de especies vegetales del género cannabis.",TRÁFICO ILÍCITO DE ESTUPEFACIENTES Y SUSTANCIAS SICOTRÓPICAS,60123,Cultivo ilícito de drogas sujetas a fiscalización no destinadas al consumo personal,alta,"El delito CNP se refiere al cultivo ilícito de especies vegetales del género cannabis, lo cual se alinea con la glosa de 60123 que describe el cultivo ilícito de drogas sujetas a fiscalización no destinadas al consumo personal. La exclusión de 60123 menciona que no aplica para el cultivo para consumo personal, lo cual es compatible con el delito CNP, ya que el cultivo se realiza sin autorización y no se menciona un uso personal.",Cultivo o producción ilícitos de drogas sujetas a fiscalización para consumo personal (060112)
7007,Tráfico ilícito de drogas,"Sin autorización importar, exportar, transportar, adquirir, transferir, sustraer, poseer, suministrar o guardar sustancias o drogas estupefacientes o sicotrópicas productoras de dependencia física o síquica, capaces de provocar graves efectos tóxicos o daños considerables a la salud  o materias primas que sirvan de base para obtenerlas.",TRÁFICO ILÍCITO DE ESTUPEFACIENTES Y SUSTANCIAS SICOTRÓPICAS,6012,"Tráfico, cultivo o producción ilícitos de drogas o precursores sujetos a fiscalización no destinados al consumo personal",alta,"El delito CNP se refiere al tráfico ilícito de drogas, lo cual se alinea con la glosa de 6012 que abarca el tráfico, cultivo o producción ilícitos de drogas o precursores sujetos a fiscalización no destinados al consumo personal. Las exclusiones mencionadas en 6012 no descartan el delito CNP, mientras que las inclusiones lo abarcan adecuadamente.",
7012,Receta innecesaria de drogas,,TRÁFICO ILÍCITO DE ESTUPEFACIENTES Y SUSTANCIAS SICOTRÓPICAS,60121,Tráfico ilícito de drogas sujetas a fiscalización no destinadas al consumo personal,alta,"El delito CNP (receta innecesaria de drogas) se relaciona con la oferta o distribución ilícita de drogas sujetas a fiscalización, lo cual coincide con la glosa de 60121. Además, la sección ICCS y las notas son compatibles con el marco legal del delito. No se aplican exclusiones que descarten este código.",
7013,Lavado de dinero,,TRÁFICO ILÍCITO DE ESTUPEFACIENTES Y SUSTANCIAS SICOTRÓPICAS,60121,Tráfico ilícito de drogas sujetas a fiscalización no destinadas al consumo personal,alta,"El delito CNP 7013 (Lavado de dinero) se relaciona con el tráfico ilícito de drogas sujetas a fiscalización, lo cual coincide con la glosa y la descripción del código ICCS 60121. Además, el código 60121 no excluye el lavado de dinero, mientras que otros candidatos como 6012 o 601 incluyen exclusiones que no aplican al delito en cuestión.",aplicar todas las exclusiones enumeradas en 06012
7014,Asociaciones ilícitas Ley de Drogas,Organizarse o agruparse con el objeto de cometer alguno de los delitos que contempla esta Ley.,TRÁFICO ILÍCITO DE ESTUPEFACIENTES Y SUSTANCIAS SICOTRÓPICAS,60121,Tráfico ilícito de drogas sujetas a fiscalización no destinadas al consumo personal,alta,"El delito CNP se refiere a la organización para cometer delitos de tráfico de drogas, lo cual se alinea con el ICCS 60121 que describe el tráfico ilícito de drogas sujetas a fiscalización no destinadas al consumo personal. No hay exclusiones que descarten este código para el delito descrito.",
7030,Desvío ilícito de precursores y sustancias esenciales Art. 3 Ley 20.000,,TRÁFICO ILÍCITO DE ESTUPEFACIENTES Y SUSTANCIAS SICOTRÓPICAS,60124,Desviación ilícita de precursores no destinados al consumo personal,alta,"El delito CNP se refiere a la desviación ilícita de precursores, lo cual coincide directamente con la glosa de 60124. La sección ICCS y las notas son compatibles, y no se aplican exclusiones que descarten este código. El movil del delito es la desviación de precursores, lo que se alinea con la definición de 60124.",
7031,Producción y tráfico por desvío de precursores,"Castiga la producción, fabricación, elaboración, distribución, transporte, comercialización, importación, exportación, posesión o tenencia de precursores o sustancias químicas esenciales, esto es, aquellos elementos que son necesarios para la producción de drogas, con el objetivo de ser utilizados para perpetrar hechos considerados delitos por esta misma Ley",TRÁFICO ILÍCITO DE ESTUPEFACIENTES Y SUSTANCIAS SICOTRÓPICAS,60124,Desviación ilícita de precursores no destinados al consumo personal,alta,"El delito CNP se refiere a la producción, tráfico y posesión de precursores con el objetivo de producir drogas, lo cual coincide con la definición de 'Desviación ilícita de precursores no destinados al consumo personal' en el ICCS 60124. Las exclusiones no descartan este delito, y la sección ICCS es compatible con el marco jurídico del delito.",
7032,Suministro indebido de drogas,"Quien, estando autorizado para suministrar las drogas o las materias primas que sirven para obtenerlas, lo hiciere en contravención a las disposiciones legales o reglamentarias pertinentes.",TRÁFICO ILÍCITO DE ESTUPEFACIENTES Y SUSTANCIAS SICOTRÓPICAS,6012,"Tráfico, cultivo o producción ilícitos de drogas o precursores sujetos a fiscalización no destinados al consumo personal",alta,"El delito CNP se refiere al suministro indebido de drogas por parte de alguien autorizado, lo cual se alinea con el tráfico, cultivo o producción ilícitos de drogas o precursores sujetos a fiscalización no destinados al consumo personal. La descripción del delito incluye la entrega o distribución, lo que se encuentra en la inclusión del código 6012. No se aplican exclusiones que descarten este código.",
7033,"Prescripción médica abusiva de drogas, estupefacientes o sicotrópicas","Castiga al médico, dentista, matrona o veterinario que recetare algunas de las sustancias señaladas en el artículo 1 de la Ley 20.000 sin necesidad médica o terapéutica.",TRÁFICO ILÍCITO DE ESTUPEFACIENTES Y SUSTANCIAS SICOTRÓPICAS,6019,Otros actos ilícitos relacionados con drogas o precursores sujetos a fiscalización,alta,"El delito CNP se refiere a la prescripción médica abusiva de sustancias sujetas a fiscalización, lo cual se alinea con la descripción de 6019 que abarca manipulación, posesión o uso ilícitos de drogas o precursores sujetos a fiscalización. No se menciona en las exclusiones que descarten este delito, y la sección ICCS es compatible con el marco del delito.",
7034,Suministro de hidrocarburos aromáticos a menores,"Castiga al que suministre a menores de 18 años  productos que contengan solventes o gases inhalantes capaces de provocar daños a la salud o dependencia física o psíquica, tales como benceno, tolueno, u otras sustancias similares.",TRÁFICO ILÍCITO DE ESTUPEFACIENTES Y SUSTANCIAS SICOTRÓPICAS,11021,Delitos en razón de la condición de menor de edad,alta,"El delito CNP se centra en la suministración de sustancias a menores, lo cual se alinea con la definición de 11021, que abarca actos ilícitos cometidos por menores o por adultos en relación con menores. La sección ICCS es compatible y la exclusión de actos lesivos de naturaleza sexual no aplica en este caso.",
7035,Consumo de drogas (art. 41),,TRÁFICO ILÍCITO DE ESTUPEFACIENTES Y SUSTANCIAS SICOTRÓPICAS,60121,Tráfico ilícito de drogas sujetas a fiscalización no destinadas al consumo personal,alta,"El delito CNP se refiere al consumo de drogas, que corresponde al movil de uso personal. El código ICCS 60121 abarca el tráfico ilícito de drogas no destinadas al consumo personal, lo cual incluye el consumo como parte de la descripción. Además, el código 60121 no excluye el consumo directo, mientras que otros candidatos como 60111 o 6011 se enfocan en posesión o uso para consumo personal, lo cual no se alinea con el movil del delito CNP. La sección ICCS y las notas son compatibles con el marco legal del delito.",
7036,Porte de drogas,,TRÁFICO ILÍCITO DE ESTUPEFACIENTES Y SUSTANCIAS SICOTRÓPICAS,60121,Tráfico ilícito de drogas sujetas a fiscalización no destinadas al consumo personal,alta,"El delito CNP (Porte de drogas) se relaciona con el tráfico ilícito de drogas sujetas a fiscalización no destinadas al consumo personal, lo cual coincide directamente con la glosa de 60121. Además, las inclusiones de 60121 abarcan el porte y el tráfico de drogas, lo que se alinea con el delito nacional. No se aplican exclusiones que descarten este código.",
7037,Microtráfico (tráfico de pequeñas cantidades),"Castiga a quien sin autorización posea, transporte, guarde o porte consigo pequeñas cantidades de sustancias o drogas estupefacientes o sicotrópicas, productoras de dependencia física o síquica o de materias primas que sirven para obtenerlas.",TRÁFICO ILÍCITO DE ESTUPEFACIENTES Y SUSTANCIAS SICOTRÓPICAS,60121,Tráfico ilícito de drogas sujetas a fiscalización no destinadas al consumo personal,alta,"El delito CNP se refiere al microtráfico de sustancias estupefacientes o sicotrópicas, lo cual se alinea con la definición de 'Tráfico ilícito de drogas sujetas a fiscalización no destinadas al consumo personal' en el código ICCS 60121. La sección ICCS corresponde al marco legal de drogas sujetas a fiscalización, lo que es compatible. No se aplican exclusiones que descarten este código.",
7038,Consumo o porte en lugares públicos o privados con previo concierto,"Castiga a quienes consumen alguna de las drogas o sustancias estupefacientes o sicotrópicas en lugares públicos o abiertos al público, tales como calles, caminos, plazas, teatros, cines, hoteles, cafés, restaurantes, bares, estadios, centros de baile o de música; o en establecimientos educacionales o de capacitación.",FALTAS TRÁFICO ILÍCITO DE ESTUPEFACIENTES Y SUSTANCIAS SICOTRÓPICAS,602,"Actos ilícitos relacionados con bebidas alcohólicas, tabaco u otras sustancias sujetas a fiscalización",alta,"El delito CNP se refiere al consumo o porte en lugares públicos o privados con previo concierto de drogas o sustancias estupefacientes o sicotrópicas. El código ICCS 602 abarca manipulación, posesión o uso ilícitos de productos alcohólicos, productos de tabaco u otras sustancias sujetas a fiscalización para consumo personal y no personal, lo cual se alinea con el movil del delito. Además, las exclusiones de 602 aplican a infracciones relacionadas con el consumo o venta a menores, lo cual no afecta al delito descrito.",
7039,Consumo o porte de drogas en lugares calificados,"Castiga a quienes consumen alguna de las drogas o sustancias estupefacientes o sicotrópicas en un lugar de detención, recinto militar o policial por personas ajenas a él o en un establecimiento educacional o de salud por quienes se desempeñan como docentes o trabajadores.",FALTAS TRÁFICO ILÍCITO DE ESTUPEFACIENTES Y SUSTANCIAS SICOTRÓPICAS,6011,"Posesión, adquisición, utilización, cultivo o producción ilícitos de drogas sujetas a fiscalización para consumo personal",alta,"El delito CNP se refiere al consumo o porte de drogas en lugares específicos, lo cual se alinea con la posesión, adquisición o uso ilícitos de drogas sujetas a fiscalización para consumo personal, descrito en el código 6011. No se menciona tráfico ni producción, lo que descarta 6012 y 60121. Las exclusiones de 6011 no aplican al delito descrito.",
7042,Facilitación de bienes al tráfico de drogas,"Propietario, poseedor, o administrador a cualquier título de bienes raíces o muebles que, aun sin concierto previo, los facilite a otro a sabiendas de que serán destinados a la comisión de alguno de los delitos contemplados en los artículos 1º, 2º, 3º u 8º.",TRÁFICO ILÍCITO DE ESTUPEFACIENTES Y SUSTANCIAS SICOTRÓPICAS,60121,Tráfico ilícito de drogas sujetas a fiscalización no destinadas al consumo personal,alta,"El delito CNP se refiere a la facilitación de bienes para el tráfico de drogas, lo cual se alinea con la descripción de 60121 que abarca la oferta, distribución, transporte y facilitación de drogas sujetas a fiscalización. No se menciona explícitamente la producción o cultivo, lo que descarta 6012. Las exclusiones de 60121 no aplican al delito CNP, ya que no se trata de importación/exportación ni aduanera.",
7043,Tolerancia al tráfico o consumo de drogas,"Quien se encuentre, a cargo de un establecimiento de comercio, cine, hotel, restaurante, bar, centro de baile o música, recinto deportivo, establecimiento educacional de cualquier nivel, u otros abiertos al público, y tolere o permita el tráfico o consumo de alguna de las sustancias mencionadas en el artículo 1º.",TRÁFICO ILÍCITO DE ESTUPEFACIENTES Y SUSTANCIAS SICOTRÓPICAS,6012,"Tráfico, cultivo o producción ilícitos de drogas o precursores sujetos a fiscalización no destinados al consumo personal",alta,"El delito CNP se centra en la tolerancia al tráfico o consumo de drogas en establecimientos abiertos al público, lo cual se alinea con el tráfico, cultivo o producción ilícitos de drogas o precursores sujetos a fiscalización no destinados al consumo personal, descrito en el código 6012. No se aplican exclusiones que descarten este delito.",
7044,Tráfico de especies vegetales,"Sanciona a quien desvíe o destine al tráfico ilícito alguna de las especies vegetales siembras, plantaciones, cultivos o cosechas a que se refiere el artículo 9° de la 20.000.",TRÁFICO ILÍCITO DE ESTUPEFACIENTES Y SUSTANCIAS SICOTRÓPICAS,1003,Comercio o posesión de especies protegidas o prohibidas de la fauna y la flora,alta,"El delito CNP se refiere al tráfico ilícito de especies vegetales, lo cual se alinea con la descripción de 1003 que abarca el comercio o posesión ilícitos de especies protegidas o prohibidas de fauna y flora silvestres. Las exclusiones de 1003 no aplican al delito descrito, ya que no se mencionan actividades como hurto de mascotas o delitos relacionados con el tratamiento de animales.",
7045,Omisión de denunciar por funcionario público,Castiga al funcionario público que tome conocimiento de alguno de los delitos de la Ley 20.000 y omita denunciarlo.,TRÁFICO ILÍCITO DE ESTUPEFACIENTES Y SUSTANCIAS SICOTRÓPICAS,703,Corrupción,alta,"El delito CNP 7045 se relaciona con la omisión de denunciar por parte de un funcionario público, lo cual se enmarca en actos de corrupción o fraude. El código ICCS 703 abarca actos de corrupción, incluyendo sobornos activos y pasivos de funcionarios públicos, lo cual es compatible con el móvil del delito descrito. No se aplican exclusiones que descarten este código.",
7046,Delitos cometidos por personal militar y gente de mar,Castiga los delitos cometidos por personal militar y gente de mar que porten o consuman drogas.,TRÁFICO ILÍCITO DE ESTUPEFACIENTES Y SUSTANCIAS SICOTRÓPICAS,60121,Tráfico ilícito de drogas sujetas a fiscalización no destinadas al consumo personal,alta,"El delito CNP se refiere al tráfico de drogas cometido por personal militar y gente de mar, lo cual se alinea con la descripción de 60121 que abarca el tráfico ilícito de drogas sujetas a fiscalización no destinadas al consumo personal. No hay exclusiones que descarten este delito en el contexto del CNP.",
7047,Conspiración de Ley 20.000,Castiga la conspiración para cometer los delitos contemplados en Ley 20.000.,TRÁFICO ILÍCITO DE ESTUPEFACIENTES Y SUSTANCIAS SICOTRÓPICAS,8064,Conspiración,alta,"El delito CNP 7047 se refiere a la conspiración para cometer delitos contemplados en la Ley 20.000, lo cual se alinea con la definición de conspiración en el ICCS 8064, que incluye confabularse, asociarse o planificar con otras personas para cometer un delito. No se aplican exclusiones que descarten este delito, ya que la conspiración en este caso no se relaciona con asesinato, aborto ilegal o actos contra el Estado, que son las exclusiones mencionadas.",
7048,"Negativa injustificada de notarios, conservadores y archiveros a entregar copia de instrumentos y datos","Sanciona la negativa injustificada de notarios, conservadores y archiveros de entregar al Ministerio Público, en forma expedita y rápida, los informes, documentos, copias de instrumentos y datos que se les soliciten",TRÁFICO ILÍCITO DE ESTUPEFACIENTES Y SUSTANCIAS SICOTRÓPICAS,NINGUNO,,alta,"El delito CNP 7048 no se ajusta a ninguna de las categorías ICCS proporcionadas. No hay coincidencia en el móvil del delito ni en la descripción. Las exclusiones de los candidatos no aplican al delito CNP, pero tampoco se encuentra una categoría que lo represente adecuadamente.",
7049,Difusión de identidad de testigos protegidos,"Infracción a la prohibición de revelar, en cualquier forma, la identidad de testigos o peritos protegidos, o los antecedentes que conduzcan a su identificación.",TRÁFICO ILÍCITO DE ESTUPEFACIENTES Y SUSTANCIAS SICOTRÓPICAS,8061,Obstrucción de la justicia,alta,"El delito CNP (7049) se refiere a la difusión de identidad de testigos protegidos, lo cual se enmarca en la obstrucción de la justicia, ya que se trata de un acto que impide el funcionamiento adecuado del sistema judicial. El código ICCS 8061 abarca actos que obstaculizan procedimientos de justicia, incluyendo la difusión de información que pueda identificar a testigos protegidos. No se aplican exclusiones que descarten este código.",
7050,Uso malicioso de identidad anterior,"Sanciona a quienes habiendo cambiado de identidad, utilicen maliciosamente su identidad anterior.",TRÁFICO ILÍCITO DE ESTUPEFACIENTES Y SUSTANCIAS SICOTRÓPICAS,7019,Otros actos de fraude,alta,"El delito CNP se describe como el uso malicioso de identidad anterior, lo que se alinea con la definición de 'robo de identidad' incluida en la glosa de 7019. Además, la sección ICCS (Actos que conllevan fraude, engano o corrupción) es compatible con el móvil del delito, que es la suplantación de identidad. La inclusión de 'robo de identidad' en 7019 confirma su relevancia.","Transacciones financieras con el fin de encubrir, trasladar o disimular el producto del delito (07041); malversación o peculado (07032); enriquecimiento ilícito (07035); fraude fiscal (08041); aplicar todas las exclusiones enumeradas en 0701"
7051,"Violación de secreto parcial de la investigación y de la identidad de agentes encubiertos, agentes reveladores, etc.","Sanciona la violación del secreto de la investigación y de la identidad de los agentes encubiertos, agentes reveladores, informantes, testigos, peritos y, en general, de quienes hayan cooperado eficazmente en el procedimiento podrá disponer que determinadas actuaciones, registros o documentos sean mantenidos en secreto respecto de uno o más intervinientes.",TRÁFICO ILÍCITO DE ESTUPEFACIENTES Y SUSTANCIAS SICOTRÓPICAS,904,Actos contra la seguridad del Estado,alta,"El delito CNP 7051 se refiere a la violación del secreto de la investigación y la identidad de agentes encubiertos, lo que se alinea con la definición de 'revelación de secretos oficiales' incluida en la glosa de 904. Además, la sección ICCS de 904 (Actos contra la seguridad pública y la seguridad del Estado) corresponde al marco jurídico del delito, ya que la protección del secreto de la investigación es un aspecto de la seguridad del Estado. No hay exclusiones que descarten este código para el delito descrito.",
7052,Violación del secreto absoluto de la investigación,"Castiga al que de cualquier modo informe, difunda o divulgue información relativa a una investigación amparada por el secreto e, incluso, al hecho de estarse realizando ésta.",TRÁFICO ILÍCITO DE ESTUPEFACIENTES Y SUSTANCIAS SICOTRÓPICAS,601,Actos ilícitos relacionados con drogas o precursores sujetos a fiscalización,alta,"El delito CNP 7052 se relaciona con la divulgación de información de una investigación, lo cual no se ajusta directamente a los actos de tráfico o producción de drogas. Sin embargo, la familia del delito en el CNP es 'TRÁFICO ILÍCITO DE ESTUPEFACIENTES Y SUSTANCIAS SICOTRÓPICAS', lo que sugiere una conexión con el ámbito de las sustancias psicoactivas. El código ICCS 601 abarca actos ilícitos relacionados con drogas o precursores sujetos a fiscalización, lo cual incluye la manipulación, posesión o uso ilícito de estas sustancias. Aunque no se menciona explícitamente la divulgación de información, la sección ICCS y las notas son compatibles con el marco legal del delito CNP.",
7053,"Abandonar en lugar de fácil acceso plantas, semillas u otras","Sanciona quien, por imprudencia o negligencia culpable, abandonare en lugares de fácil acceso al público plantas, sus rastrojos, florescencias, semillas u otras partes activas, o no cumpliere con las obligaciones establecidas en el reglamento sobre cierro y destrucción de tales especies.",TRÁFICO ILÍCITO DE ESTUPEFACIENTES Y SUSTANCIAS SICOTRÓPICAS,1003,Comercio o posesión de especies protegidas o prohibidas de la fauna y la flora,alta,"El delito CNP se relaciona con la negligencia en el abandono de especies vegetales, lo que se alinea con la definición de 1003 como comercio o posesión ilícitos de especies protegidas o prohibidas. La sección ICCS 'Actos contra el entorno natural' es compatible con el marco del delito. No se aplican exclusiones que descarten este código.",
7054,Suministro de estupefacientes sin consentimiento,"Castiga al que sin el consentimiento de la persona afectada u obrando con violencia o intimidación, le administre a ésta  sustancias drogas estupefacientes o sicotrópicas productoras de dependencia física o síquica, capaces de provocar graves efectos tóxicos o daños considerables a la salud, sin la debida autorización.",TRÁFICO ILÍCITO DE ESTUPEFACIENTES Y SUSTANCIAS SICOTRÓPICAS,60121,Tráfico ilícito de drogas sujetas a fiscalización no destinadas al consumo personal,alta,"El delito CNP se enfoca en la administración de sustancias estupefacientes sin consentimiento, lo que se alinea con el tráfico ilícito de drogas sujetas a fiscalización no destinadas al consumo personal descrito en el código 60121. Este código incluye la entrega, distribución y tráfico de drogas, lo cual coincide con la acción del delito CNP. No se aplican exclusiones que descarten este código.",
7098,Otras faltas a la Ley 19.366,,TRÁFICO ILÍCITO DE ESTUPEFACIENTES Y SUSTANCIAS SICOTRÓPICAS,60121,Tráfico ilícito de drogas sujetas a fiscalización no destinadas al consumo personal,alta,"El delito CNP se relaciona con el tráfico ilícito de sustancias sujetas a fiscalización, lo cual coincide con la definición de 60121. No se aplican exclusiones que descarten este código, y la sección ICCS es compatible con el marco del delito.",
7099,Otros delitos de la Ley 20.000,Sin descripción,TRÁFICO ILÍCITO DE ESTUPEFACIENTES Y SUSTANCIAS SICOTRÓPICAS,60121,Tráfico ilícito de drogas sujetas a fiscalización no destinadas al consumo personal,alta,"El delito CNP se clasifica bajo la familia del tráfico ilícito de estupefacientes y sustancias sicotrópicas, lo que se alinea directamente con el código ICCS 60121, que abarca el tráfico ilícito de drogas sujetas a fiscalización no destinadas al consumo personal. La descripción del delito CNP no proporciona detalles específicos, pero su familia y el movimiento del delito (tráfico) coinciden con la definición de 60121. No se aplican exclusiones que descarten este código.",
8001,Delitos contra Ley de Propiedad Industrial,,PROPIEDAD Y PRIVILEGIOS INDUSTRIALES,503,Delitos contra la propiedad intelectual,alta,"El delito CNP 8001 se refiere a delitos contra la Ley de Propiedad Industrial, que incluyen la violación del derecho de autor, patentes, marcas, etc. El código ICCS 503 corresponde a 'Delitos contra la propiedad intelectual', que se alinea directamente con la definición del delito CNP. Las exclusiones del código 503 no descartan el delito CNP, ya que este no se incluye en las exclusiones de 503.",
8002,Delitos marcarios,Utilización con ánimo de lucro de marcas comerciales de diversas formas.,PROPIEDAD Y PRIVILEGIOS INDUSTRIALES,503,Delitos contra la propiedad intelectual,alta,"El delito CNP (8002) se refiere a la utilización con ánimo de lucro de marcas comerciales, lo cual se alinea con la definición de 'Delitos contra la propiedad intelectual' en el ICCS 503. La descripción del ICCS 503 incluye la utilización ilegal de marcas comerciales, lo que coincide con el móvil del delito CNP. Además, el ICCS 7022, que se refiere a productos falsificados, excluye expresamente el delito contra la propiedad intelectual, lo que descarta su aplicación.",Delitos contra la propiedad intelectual (0503)
8003,Demás delitos contra Ley de Propiedad Industrial,"Se incluyen los delitos referidos a las patentes de invención (Art. 52); los modelos de utilidad (Art. 61), dibujos o diseños industriales (Art. 67), esquemas de trazado o topografías de circuitos integrados (Art. 85), indicaciones geográficas o denominaciones de origen (Art. 105). y otros",PROPIEDAD Y PRIVILEGIOS INDUSTRIALES,503,Delitos contra la propiedad intelectual,alta,"El delito CNP 8003 se refiere a delitos contra la Ley de Propiedad Industrial, que incluyen patentes, modelos de utilidad, diseños industriales, etc. El ICCS 503 corresponde a delitos contra la propiedad intelectual, que abarca patentes, marcas y otros derechos de propiedad intelectual, lo cual es compatible con el móvil del delito descrito. No hay exclusiones que descarten este código para el delito en cuestión.",
9001,Delitos contra Ley de Propiedad Intelectual,,PROPIEDAD INTELECTUAL,503,Delitos contra la propiedad intelectual,alta,"El delito CNP 9001 corresponde a delitos contra la ley de propiedad intelectual, lo que se alinea directamente con la glosa del ICCS 503: 'Delitos contra la propiedad intelectual'. Las inclusiones del ICCS 503 mencionan explícitamente 'violaciones del derecho de autor', 'apropiación ilícita de derechos de autor' y 'piratería de programas informáticos', que coinciden con la naturaleza del delito descrito. Además, el ICCS 503 se encuentra en la sección 'Actos contra la propiedad solamente', que es compatible con el marco jurídico del delito CNP.","Hurto de propiedad intelectual (0503) está excluido en el ICCS 502, lo que descarta su aplicación."
9002,Falsificación de obras protegidas por Ley de Propiedad Intelectual,"Falsificación de obras protegidas o edición, reproducción o venta ostentando falsamente el nombre del editor autorizado, suprimiendo o cambiando el nombre del autor o el título de la obra, o alterando maliciosamente su texto.",PROPIEDAD INTELECTUAL,503,Delitos contra la propiedad intelectual,alta,"El delito CNP se relaciona con la falsificación de obras protegidas por propiedad intelectual, lo cual se alinea con la definición de 'Delitos contra la propiedad intelectual' en el ICCS 503. Este código incluye la violación del derecho de autor, que es el núcleo del delito descrito. Además, el ICCS 503 no excluye directamente el delito descrito, mientras que otros candidatos como 702 y 7022 lo excluyen explícitamente.","Creación, fabricación, traslado o posesión de productos falsificados de marca, o protegidos por patentes, licencias o de otro modo (07022); hurto (0502); posesión de dinero o bienes robados; recepción, manipulación, enajenación, venta o tráfico de bienes robados; utilización de piezas robadas para producir otros bienes; ocultamiento de bienes robados (0704); robo de identidad (07019); falsificación (0702); actos contra sistemas informáticos que no equivalen a piratería de programas informáticos (0903)"
9003,Venta ilícita de obras protegidas por Ley de Propiedad Intelectual,"Tener para comercializar, comercializar o alquilar directamente al público, o con ánimo de lucro fabricar, importar, internar al país, tener o adquirir para su distribución comercial copias de obras, de interpretaciones o fonogramas, cualquiera sea su soporte, reproducidos en contravención a la Ley de propiedad intelectual",PROPIEDAD INTELECTUAL,503,Delitos contra la propiedad intelectual,alta,"El delito CNP se relaciona con la reproducción y comercialización ilegal de obras protegidas, lo cual se alinea con la definición de 'Delitos contra la propiedad intelectual' en el ICCS 503. Las exclusiones del ICCS 503 no descartan este delito, ya que no se menciona la creación, fabricación o posesión de productos falsificados, que son excluidos en otros códigos.",
9004,Utilización sin autorización de obras de dominio ajeno por Ley de Propiedad Intelectual,"Los que, sin estar expresamente facultados para ello, utilicen obras de dominio ajeno protegidas por esta Ley, inéditas o publicadas, en cualquiera de las formas o por cualquiera de los medios establecidos en el art. 18.",PROPIEDAD INTELECTUAL,503,Delitos contra la propiedad intelectual,alta,"El delito CNP se relaciona con la utilización sin autorización de obras protegidas por la Ley de Propiedad Intelectual, lo cual se alinea con la definición de 'Delitos contra la propiedad intelectual' en el ICCS 503. Las inclusiones del ICCS 503 mencionan violaciones del derecho de autor, que coinciden con el delito descrito. No hay exclusiones que descarten este delito.",
9005,"Inducir, permitir, facilitar u ocultar una infracción de los derechos de autor o conexos Art. 81 ter Ley 17.336",,PROPIEDAD INTELECTUAL,503,Delitos contra la propiedad intelectual,alta,"El delito CNP se relaciona con la inducción, permitir, facilitar u ocultar una infracción de los derechos de autor o conexos, lo cual se alinea con la definición de 'Delitos contra la propiedad intelectual' en el ICCS 503. Además, el código 503 incluye la violación del derecho de autor, que es el núcleo del delito descrito. No se aplican exclusiones que descarten este código.",
9099,Demás delitos contemplados en la Ley de Propiedad Intelectual,"Cualquier otra figura delictiva que contemple esta Ley, tales como utilización de interpretaciones, falsificación de una plantilla de ejecución, falsear datos en rendición de cuantas, cobrar derechos u otorgar licencias respecto de obras protegidas, entre otras.",PROPIEDAD INTELECTUAL,503,Delitos contra la propiedad intelectual,alta,"El delito CNP 9099 se refiere a actos que violan la propiedad intelectual, como la falsificación de plantillas, falsear datos en rendición de cuantas, etc. El código ICCS 503 corresponde a delitos contra la propiedad intelectual, lo cual es compatible con la descripción del delito CNP. Además, las exclusiones del código 503 no descartan el delito CNP, ya que no incluyen actos como la creación, fabricación o posesión de productos falsificados, que son excluidos en otros códigos.",
10001,"Posesión, tenencia o porte de armas sujetas a control","Sanciona al que posea tenga o porte algunas de las armas o elementos señalados en las letras b) y d) del Art. 2 de la Ley 17798, sin la autorización de la Dirección General de Movilización Nacional o sin la pertinente inscripción) Las armas de fuego, sea cual fuere su calibre, y sus partes, dispositivos y piezas;d) Los explosivos y otros artefactos de similar naturaleza de uso industrial, minero u otro uso legítimo que requiera de autorización, sus partes, dispositivos y piezas, incluyendo los detonadores y otros elementos semejantes.",CONTROL DE ARMAS. LEY 17.798; LEY 21.250,9011,Posesión o uso de armas y explosivos,alta,"El delito CNP se refiere a la posesión, tenencia o porte de armas y explosivos sin autorización, lo que se alinea con la glosa de 9011: 'Posesión o uso ilícitos de armas de fuego fiscalizadas o prohibidas, sus piezas y componentes, municiones, otras armas o explosivos'. Las inclusiones de 9011 también abarcan la posesión de armas no registradas, lo cual coincide con el CNP. No se aplican exclusiones que descarten este código.",
10004,"Porte ilegal de arma de fuego, municiones y otros sujetas a control",,CONTROL DE ARMAS. LEY 17.798; LEY 21.250,90111,Posesión o uso ilícitos de armas de fuego,alta,"El delito CNP se refiere al porte ilegal de armas de fuego, lo que se alinea directamente con la glosa de 90111 que menciona 'posesión o uso ilícitos de armas de fuego'. Además, las inclusiones de 90111 incluyen el porte de armas cortas sin licencia, lo cual es relevante para el delito descrito. No se aplican exclusiones que descarten este código.",
10005,Adquisición y venta indebida de cartuchos y municiones. Art. 9 A Ley 17.798,,CONTROL DE ARMAS. LEY 17.798; LEY 21.250,9012,Tráfico de armas y explosivos,alta,"El delito CNP se refiere a la adquisición y venta indebida de cartuchos y municiones, lo que se alinea con el tráfico de armas y explosivos descrito en el código ICCS 9012. La inclusión de 'tráfico de armas de fuego, piezas, componentes y municiones' coincide directamente con la descripción del delito nacional. No se aplican exclusiones que descarten este código.",
10006,Violación de reserva base de datos s/inscrip.y reg. de arma,,CONTROL DE ARMAS. LEY 17.798; LEY 21.250,9011,Posesión o uso de armas y explosivos,alta,"El delito CNP se refiere a la violación de la reserva de base de datos de inscripción y registro de armas, lo cual se relaciona con la posesión o uso de armas y explosivos. El código ICCS 9011 abarca esta actividad, incluyendo la posesión de armas de fuego fiscalizadas o prohibidas, lo que coincide con el móvil del delito. No se aplican exclusiones que descarten este código.",
10007,Abandono de armas o elementos sujetas a control,,CONTROL DE ARMAS. LEY 17.798; LEY 21.250,9011,Posesión o uso de armas y explosivos,alta,"El delito CNP se refiere al abandono de armas o elementos sujetos a control, lo cual se alinea con la posesión o uso ilícitos de armas y explosivos descrito en 9011. La sección ICCS es compatible y la glosa abarca el control de armas, lo que se ajusta al movil del delito. No hay exclusiones que descarten este código en relación con el CNP.",
10008,Porte de arma prohibida,"Sanciona al que porte alguna de las armas o elementos señalados en el Art. 3° inc. 1, 2 y 3 de la Ley 17.978, sin autorización de la DGMN. Se entienden dentro de este grupo: Las armas largas cuyos cañones hayan sido recortados, armas cortas de cualquier calibre que funcionen en forma totalmente automática, armas de fantasía, entendiéndose por tales aquellas que se esconden bajo una apariencia inofensiva; armas de juguete, de fogueo, de balines, de postones o de aire comprimido adaptadas o transformadas para el disparo de municiones o cartuchos; artefactos o dispositivos, cualquiera sea su forma de fabricación, partes o apariencia, que no sean de los señalados en las letras a) o b) del artículo 2º, y que hayan sido creados, adaptados o transformados para el disparo de municiones o cartuchos; armas cuyos números de serie o sistemas de individualización se encuentren adulterados, borrados o carezcan de ellos.",CONTROL DE ARMAS. LEY 17.798; LEY 21.250,90111,Posesión o uso ilícitos de armas de fuego,alta,"El delito CNP se refiere al porte de armas prohibidas, lo cual se alinea con la glosa de 90111 que menciona 'posesión o uso ilícitos de armas de fuego'. La descripción del CNP incluye armas prohibidas, armas de fantasía, armas de juguete adaptadas, etc., que son cubiertas por la inclusión de 'posesión y porte de armas cortas sin licencia' en 90111. No hay exclusiones que descarten este código para el delito descrito.",
10009,Posesión o tenencia de armas prohibidas,"Sanciona la posesión o tenencia de las armas o elementos señalados en el Art. 3° inc. 1, 2 y 3 de la Ley 17.978, sin autorización de la DGMN. Se entienden dentro de este grupo: armas largas cuyos cañones hayan sido recortados, armas cortas de cualquier calibre que funcionen en forma totalmente automática, armas de fantasía, entendiéndose por tales aquellas que se esconden bajo una apariencia inofensiva; armas de juguete, de fogueo, de balines, de postones o de aire comprimido adaptadas o transformadas para el disparo de municiones o cartuchos; artefactos o dispositivos, cualquiera sea su forma de fabricación, partes o apariencia, que no sean de los señalados en las letras a) o b) del artículo 2º, y que hayan sido creados, adaptados o transformados para el disparo de municiones o cartuchos; armas cuyos números de serie o sistemas de individualización se encuentren adulterados, borrados o carezcan de ellos.",CONTROL DE ARMAS. LEY 17.798; LEY 21.250,90111,Posesión o uso ilícitos de armas de fuego,alta,"El delito CNP se refiere a la posesión o tenencia de armas prohibidas, lo cual se alinea directamente con la glosa de 90111 que menciona la posesión o uso ilícitos de armas de fuego. La inclusión de 'posesión y porte de armas cortas sin licencia' coincide con la definición del delito CNP, que incluye armas cortas sin autorización. No hay exclusiones que descarten este código en relación con el delito descrito.",
10010,Tráfico de armas,"Fabricar, armar, elaborar, adaptar, transformar, importar, internar al país, exportar, transportar, almacenar, distribuir, ofrecer, adquirir o celebrar convenciones respecto de los elementos indicados en los artículos 2 y 3 de la Ley 17.978.",CONTROL DE ARMAS. LEY 17.798; LEY 21.250,9012,Tráfico de armas y explosivos,alta,"El delito CNP se refiere al tráfico de armas, lo cual coincide con la glosa de 9012. La inclusión de fabricación, importación, exportación, adquisición, venta, entrega, producción, traslado o transferencia ilícitos de armas y explosivos se alinea directamente con la definición del delito. No hay exclusiones que descarten este código para el delito descrito.",
10011,"Posesión, tenencia o porte de municiones y sustancias químicas","Sanciona al que posea tenga o porte alguno de los elementos señalados en las letras c) y e) del Art. 2 de la Ley 17798, sin la autorización de la Dirección General de Movilización Nacional o sin la pertinente inscripción.c) Las municiones y cartuchos;e) Las sustancias químicas que esencialmente son susceptibles de ser usadas o empleadas para la fabricación de explosivos, o que sirven de base para la elaboración de municiones, proyectiles, misiles o cohetes, bombas, cartuchos, y los elementos lacrimógenos o de efecto fisiológico;",CONTROL DE ARMAS. LEY 17.798; LEY 21.250,9011,Posesión o uso de armas y explosivos,alta,"El delito CNP se refiere a la posesión, tenencia o porte de municiones y sustancias químicas sin autorización, lo que se alinea con la glosa de 9011: 'Posesión o uso de armas y explosivos'. La inclusión de 'materiales químicos susceptibles de ser usados para la fabricación de explosivos' se encuentra dentro de las inclusiones de 9011, que abarca materiales químicos, biológicos o radiactivos. Además, las exclusiones de 9011 no descartan el delito CNP, ya que se refieren a exclusiones generales que no aplican directamente al caso.",
10012,"Porte de arma de guerra, química, biológica o nuclear","Sanciona el porte de armas de uso bélico, armas de guerra, química, biológica o nuclear, sin autorización de la DGMN. Se entienden dentro de este grupo las ametralladoras, subametralladoras; metralletas o cualquiera otra arma automática y semiautomática de mayor poder destructor o efectividad, sea por su potencia, por el calibre de sus proyectiles o por sus dispositivos de puntería, artefactos fabricados sobre la base de gases asfixiantes, paralizantes o venenosos, de sustancias corrosivas o de metales que por la expansión de los gases producen esquirlas, los implementos destinados a su lanzamiento o activación, bombas o artefactos explosivos o incendiarios, armas de fabricación artesanal y armas transformadas respecto de su condición original.",CONTROL DE ARMAS. LEY 17.798; LEY 21.250,901,"Actos relacionados con armas, explosivos y otros materiales destructivos",alta,"El delito CNP se refiere al porte de armas de guerra, química, biológica o nuclear, lo cual se alinea con la glosa de 901 que abarca la posesión, uso, fabricación, importación, exportación, adquisición, venta, entrega o traslado de armas de fuego, explosivos y otros materiales destructivos. La sección ICCS es compatible (Actos contra la seguridad pública y la seguridad del Estado).",
10013,"Posesión o tenencia de armas de guerra, química, biológica o nuclear","Sanciona la posesión o tenencia de armas de uso bélico, armas de guerra, química, biológica o nuclear, sin autorización de la DGMN. Las armas descritas son: ametralladoras, subametralladoras; metralletas o cualquiera otra arma automática y semiautomática de mayor poder destructor o efectividad, sea por su potencia, por el calibre de sus proyectiles o por sus dispositivos de puntería, artefactos fabricados sobre la base de gases asfixiantes, paralizantes o venenosos, de sustancias corrosivas o de metales que por la expansión de los gases producen esquirlas, ni los implementos destinados a su lanzamiento o activación, bombas o artefactos explosivos o incendiarios, armas de fabricación artesanal ni armas transformadas respecto de su condición original.",CONTROL DE ARMAS. LEY 17.798; LEY 21.250,90113,"Posesión o uso ilícitos de materiales químicos, biológicos o radiactivos",alta,"El delito CNP se refiere a la posesión o tenencia de armas de guerra, química, biológica o nuclear, lo cual se alinea directamente con la glosa de 90113 que menciona la posesión o uso ilícitos de materiales químicos, biológicos o radiactivos. Además, la nota 124 menciona que la posesión ilegal incluye actos conexos tipificados en instrumentos jurídicos universales de lucha contra el terrorismo, lo cual se ajusta al contexto del delito CNP.",
10014,Entrega o puesta a disposición de armas a menores,"Distribuir, entregar, ofrecer o celebrar convenciones realizadas con o para poner a disposición de un menor de edad armas o elementos señalados en las letras b), c), d) y e) del artículo 2º; o permitir que un menor tenga en su poder dichos elementos. Las armas descritas son:b) Las armas de fuego, sea cual fuere su calibre, y sus partes, dispositivos y piezas;d) Los explosivos y otros artefactos de similar naturaleza de uso industrial, minero u otro uso legítimo que requiera de autorización, sus partes, dispositivos y piezas, incluyendo los detonadores y otros elementos semejantes.c) Las municiones y cartuchos;e) Las sustancias químicas que esencialmente son susceptibles de ser usadas o empleadas para la fabricación de explosivos, o que sirven de base para la elaboración de municiones, proyectiles, misiles o cohetes, bombas, cartuchos, y los elementos lacrimógenos o de efecto fisiológico.",CONTROL DE ARMAS. LEY 17.798; LEY 21.250,11029,Otros actos contrarios a las leyes u otras disposiciones sobre menores,alta,"El delito CNP se centra en la entrega de armas a menores, lo cual se alinea con el acto contra las leyes sobre menores descrito en 11029. No hay exclusiones que descarten este candidato, y la sección ICCS es compatible con el marco legal del delito.",
10015,Colocación de bomba o artefacto,"Colocar, enviar, activar, arrojar, detonar, disparar o hacer explosionar bombas o artefactos explosivos, químicos, incendiarios, tóxicos, corrosivos o infecciosos en, desde o hacia la vía pública, edificios públicos o de libre acceso al público, o dentro de o en contra de medios de transporte público, vehículos policiales o de Gendarmería de Chile, vehículos militares empleados en funciones de orden público y resguardo fronterizo, vehículos municipales, o que presten servicios a municipalidades empleados para labores de seguridad,  instalaciones sanitarias, de almacenamiento o transporte de combustibles, de instalaciones de distribución o generación de energía eléctrica, portuarias, aeronáuticas o ferroviarias, incluyendo las de trenes subterráneos, u otros lugares u objetos semejantes; enviar cartas o encomiendas explosivas, químicas, incendiarias, tóxicas, corrosivas o infecciosas de cualquier tipo;  arrojen, detonen o disparen dichos elementos hacia recintos militares o policiales; El que coloque, envíe, active, arroje, detone, dispare, o haga explosionar artefactos incendiarios, explosivos, tóxicos, corrosivos o infecciosos cuyos componentes principales sean pequeñas cantidades de combustibles u otros elementos químicos de libre venta al público y de bajo poder expansivo, tales como las bombas molotov y otros artefactos similares en, desde o hacia recintos policiales y militares",CONTROL DE ARMAS. LEY 17.798; LEY 21.250,901,"Actos relacionados con armas, explosivos y otros materiales destructivos",alta,"El delito CNP se centra en la colocación, activación o detonación de bombas y artefactos explosivos, lo que se alinea con la glosa de 901: 'Actos relacionados con armas, explosivos y otros materiales destructivos'. La sección ICCS es compatible (Actos contra la seguridad pública y la seguridad del Estado). Además, la inclusión de 'tráfico de armas' en 901 abarca la acción de colocar o detonar explosivos, lo cual se ajusta al movil del delito. No se aplican exclusiones que descarten este código.",
10016,Disparos injustificados en la vía pública,"Disparar injustificadamente un arma de fuego de las señaladas en la letra b) del artículo 2ºen, desde o hacia la vía pública, edificios públicos o de libre acceso al público, o dentro de o en contra de medios de transporte público, instalaciones sanitarias, de almacenamiento o transporte de combustibles, de instalaciones de distribución o generación de energía eléctrica, portuarias, aeronáuticas o ferroviarias, incluyendo las de trenes subterráneos, u otros lugares u objetos semejantes.",CONTROL DE ARMAS. LEY 17.798; LEY 21.250,90111,Posesión o uso ilícitos de armas de fuego,alta,"El delito CNP se refiere a disparos injustificados de armas de fuego en lugares públicos, lo que se alinea con la glosa de 90111 que menciona 'disparos ilegales de armas'. Además, la inclusión de 'disparos ilegales de armas' en 90111 confirma la pertinencia del código. Las exclusiones de 90111 no descartan el delito CNP.",
10017,"Organizar, pertenecer, financiar o colaborar con milicias privadas","Sanciona a los que organizaren, pertenecieren, financiaren, dotaren, instruyeren, incitaren o indujeren a la creación y funcionamiento de milicias privadas, grupos de combate o partida militarmente organizadas, armadas con algunos de los elementos indicados en el artículo 3°.",CONTROL DE ARMAS. LEY 17.798; LEY 21.250,908,Otros actos contra la seguridad pública y la seguridad del Estado,alta,"El delito CNP se relaciona con la formación de milicias, lo cual se incluye en la glosa de 908. La sección ICCS es compatible con el marco del delito, y la nota menciona la formación de milicias como inclusión. No hay exclusiones que descarten este delito.",
10018,"Delitos referidos a la Ley sobre armas biológicas, químicas o toxínicas","Sanciona a los que organizaren, pertenecieren, financiaren, dotaren, instruyeren, incitaren o indujeren a la creación y funcionamiento de milicias privadas, grupos de combate o partida militarmente organizadas, armadas con algunos de los elementos indicados en el artículo 3°.",CONTROL DE ARMAS. LEY 17.798; LEY 21.250,90113,"Posesión o uso ilícitos de materiales químicos, biológicos o radiactivos",alta,"El delito CNP se refiere a la organización, financiación o inducción a la creación de grupos armados con elementos biológicos, químicos o toxínicos. El código ICCS 90113 aborda la posesión o uso ilícitos de materiales químicos, biológicos o radiactivos, lo cual se alinea con el móvil del delito descrito. Las exclusiones no descartan este código, y la sección ICCS es compatible con el marco del delito.",
10037,"Accionar fuegos artificiales, pirotécnicos o similares sin autorización","Sanciona a quien, sin la competente autorización, accionare, activare o disparare fuegos artificiales, pirotécnicos o similares.",CONTROL DE ARMAS. LEY 17.798; LEY 21.250,90119,Otros actos relacionados con posesión o uso de armas y explosivos,alta,"El delito CNP se refiere a la acción de fuegos artificiales sin autorización, lo cual se incluye en la glosa de 90119 como 'otros actos relacionados con posesión o uso de armas y explosivos'. Además, la sección ICCS es compatible (Actos contra la seguridad pública y la seguridad del Estado), y la inclusión menciona 'delitos relacionados con fuegos artificiales', lo que coincide directamente con el delito nacional.",
10038,Posesión de fuegos artificiales,"Sanciona a los que posean o tengan fuegos artificiales, artículos pirotécnicos y otros artefactos de similar naturaleza, sus partes, dispositivos y piezas sin la autorización de la Dirección General de Movilización Nacional (DGMN).",CONTROL DE ARMAS. LEY 17.798; LEY 21.250,90119,Otros actos relacionados con posesión o uso de armas y explosivos,alta,"El delito CNP se refiere a la posesión de fuegos artificiales, lo cual se incluye en la glosa de 90119 como 'otros actos relacionados con posesión o uso de armas y explosivos'. Además, la inclusión menciona 'delitos relacionados con fuegos artificiales', lo que coincide directamente con el delito nacional. No hay exclusiones que descarten este candidato.",
10039,"Fabricación, elaboración, modificación, importación, exportación, adquisición de fuegos artificiales","Los que sin la competente autorización, fabriquen, armen, elaboraren, adapten, transformen, importen, internen al país, exporten, transporten, almacenen, distribuyan, ofrezcan, adquieran o celebren convenciones respecto de los fuegos artificiales serán sancionados",CONTROL DE ARMAS. LEY 17.798; LEY 21.250,90119,Otros actos relacionados con posesión o uso de armas y explosivos,alta,"El delito CNP se refiere a la fabricación, importación, exportación, adquisición y distribución de fuegos artificiales sin autorización, lo cual se alinea con la glosa de 90119 que menciona 'delitos relacionados con fuegos artificiales'. Además, la inclusión de 'delitos relacionados con fuegos artificiales' en 90119 confirma la pertinencia del código. No se aplican exclusiones que descarten este código.",
10040,Venta ilegal de cartuchos o municiones,"Castiga a la persona que, contando con la autorización respectiva, vendiere municiones o cartuchos a quien no fuere poseedor, tenedor o portador de un arma de fuego inscrita, o cuando la venta recaiga sobre municiones o cartuchos de un calibre distinto al autorizado a quien estuviere facultado como poseedor, tenedor o portador de un arma de fuego inscrita, o no se diere cumplimiento a las obligaciones previstas en el inciso cuarto del artículo 4",CONTROL DE ARMAS. LEY 17.798; LEY 21.250,9012,Tráfico de armas y explosivos,alta,"El delito CNP se refiere a la venta ilegal de cartuchos o municiones, lo cual se alinea con el tráfico de armas y explosivos descrito en el código ICCS 9012. La descripción del ICCS 9012 incluye la venta sin la licencia correspondiente o a un comprador no autorizado, lo cual coincide con el delito nacional. Además, las exclusiones de 9012 no descartan el delito CNP.",
10041,Entrega de arma o elementos a menores de edad,"Castiga a la persona que, contando con autorización a que se refiere el Art. 4 de la Ley sobre Control de Armas, entregare armas o elementos a menores, o por su mera imprudencia o negligencia quedaren en poder de estos.",CONTROL DE ARMAS. LEY 17.798; LEY 21.250,11021,Delitos en razón de la condición de menor de edad,alta,"El delito CNP se refiere a la entrega de armas o elementos a menores, lo cual se alinea con la glosa de 11021 que abarca actos ilícitos cometidos por menores o por adultos en relación con menores. La sección ICCS es compatible con el marco jurídico del delito, y no se aplican exclusiones que descarten este código.",
10042,Borrado del número de serie de arma o municiones,"Sanciona a quien adultere, altere, borre o destruya el sistema de trazabilidad complementario de un arma de fuego o de municiones",CONTROL DE ARMAS. LEY 17.798; LEY 21.250,90119,Otros actos relacionados con posesión o uso de armas y explosivos,alta,"El delito CNP se refiere a la alteración o supresión de marcas de armas de fuego, lo cual se incluye en la glosa de 90119 como 'otros actos relacionados con posesión o uso de armas y explosivos'. Además, las inclusiones de 90119 mencionan específicamente la falsificación, obliteración, supresión o alteración de marcas de armas de fuego, lo que coincide directamente con el delito descrito. No se aplican exclusiones que descarten este código.",
10099,Otros delitos de la Ley de Control de Armas,Cualquier otra figura delictiva contemplada en esta Ley.,CONTROL DE ARMAS. LEY 17.798; LEY 21.250,90119,Otros actos relacionados con posesión o uso de armas y explosivos,alta,"El delito CNP se refiere a 'otros delitos de la Ley de Control de Armas', que abarca cualquier figura delictiva contemplada en esta ley. El código ICCS 90119 corresponde a 'otros actos relacionados con posesión o uso de armas y explosivos', lo cual se alinea con la glosa del delito CNP. Además, las inclusiones de 90119 abarcan actos como falsificación, obliteración, supresión o alteración de marcas de armas de fuego, que son relevantes para el delito descrito. No se aplican exclusiones que descarten este código.",
11001,Maltrato de obra personal de Investigaciones con o sin lesiones,Violentar o maltratar de obra a personal de la Policía de Investigaciones de Chile en razón de su cargo o con motivo u ocasión del  ejercicio de sus funciones.,LEY ORGÁNICA DE INVESTIGACIONES,219,Otros actos que causan daños o que tienen la intención de causar daños a las personas,alta,"El delito CNP describe el maltrato físico a personal de la policía de investigación, lo que se ajusta a la glosa de 219: 'Otros actos que causan daños o que tienen la intención de causar daños a las personas'. La inclusión menciona 'maltrato mediante el abuso físico o la crueldad mental', lo cual coincide con la descripción del delito. No se aplican exclusiones relevantes.",
11002,Obtención declaraciones forzadas,Prohíbe a los funcionarios policiales ejecutar cualquier acto de violencia destinado a obtener declaraciones del detenido.,LEY ORGÁNICA DE INVESTIGACIONES,20222,Retención ilegal,alta,"El delito CNP se refiere a la obtención de declaraciones forzadas por funcionarios policiales, lo cual implica el uso de violencia o amenaza para obtener información. El código ICCS 20222 (Retención ilegal) abarca detenciones ilícitas en contra de la voluntad, incluso mediante el uso de la fuerza, lo que coincide con el móvil del delito. Además, la nota del ICCS 20222 menciona que las desapariciones forzadas incluyen detenciones contra la voluntad por agentes gubernamentales, lo cual se alinea con la situación descrita en el CNP.","Robo con entrada ilícita, hurto y otros actos solamente relacionados con la propiedad (05); agresiones y amenazas (0201); secuestro (02022); aplicar todas las exclusiones enumeradas en 02022"
11003,Causar la muerte a personal de la Policía de Investigaciones,"Castiga al que hiriere, golpeare o maltratare de obra a un miembro de la Policía de Investigaciones de Chile en razón de su cargo o con motivo u ocasión del ejercicio de sus funciones.",LEY ORGÁNICA DE INVESTIGACIONES,101,Homicidio intencional,alta,"El delito CNP describe la acción de huir, golpear o maltratar a un miembro de la Policía de Investigaciones, lo cual puede causar la muerte. El código ICCS 101 (Homicidio intencional) se aplica cuando la muerte es causada con la intención de hacerlo, lo cual coincide con el móvil del delito. Las exclusiones aplicadas incluyen la muerte por intervención legal y el homicidio justificable en defensa propia, que no se aplican en este caso.",muerte por intervención legal; homicidio justificable en defensa propia
11004,Amenazar simple o condicionalmente u ofender públicamente a personal de la Policía de Investigaciones,Amenazar en los términos de los artículos 296 y 297 del Código Penal con conocimiento de su calidad de funcionario de la Institución.,LEY ORGÁNICA DE INVESTIGACIONES,2012,Amenaza,alta,"El delito CNP se describe como una amenaza con conocimiento de la calidad de funcionario de la policía, lo que se ajusta a la definición de 'Amenaza' en el ICCS 2012. La exclusión 0205 (amenaza a funcionarios) descarta la aplicación de otros códigos como 201 o 20121, que no contemplarían este contexto específico.",0205
11005,"Falsificación de placas, tarjetas, timbres y sellos de Investigaciones","Prohíbe la reproducción de las placas, tarjetas, timbres y sellos de la Policía de Investigaciones de Chile por otros organismos o personas.",LEY ORGÁNICA DE INVESTIGACIONES,7023,Actos de falsificación de documentos,alta,"El delito CNP se refiere a la falsificación de placas, tarjetas, timbres y sellos de la Policía de Investigaciones, lo cual se alinea con la falsificación de documentos según el ICCS 7023, que incluye la falsificación de documentos, sellos y otros elementos similares. Las exclusiones de 7023 no aplican en este caso, ya que no se trata de pasaportes, visas o documentos de identidad, sino de sellos institucionales.",
11006,Falsificación de parte policial,"Sanciona al funcionario que maliciosamente faltare a la verdad en los informes a sus superiores y, particularmente, en los partes enviados a los tribunales o a las autoridades administrativas.",LEY ORGÁNICA DE INVESTIGACIONES,8061,Obstrucción de la justicia,alta,"El delito CNP se refiere a la falsificación de parte policial, que implica la omisión o falsedad en informes oficiales, lo cual se relaciona con la obstrucción de la justicia. El código ICCS 8061 abarca actos que obstaculizan procedimientos de justicia, como la falsificación de pruebas o la alteración de informes, lo cual se alinea con el móvil del delito descrito.",
11099,Otros delitos Ley Orgánica de Investigaciones,Cualquier otra figura delictiva que contemple esta Ley.,LEY ORGÁNICA DE INVESTIGACIONES,1109,Otros actos delictivos no clasificados en otra parte,alta,"El delito CNP 11099 se describe como 'Otros delitos Ley Orgánica de Investigaciones', que abarca cualquier figura delictiva contemplada en esta ley. El código ICCS 1109 corresponde a 'Otros actos delictivos no clasificados en otra parte', lo cual es compatible con la naturaleza general y abierta del delito CNP. No hay exclusiones que descarten su aplicación.",
11101,Homicidio de gendarme en el desempeño de sus funciones,El que matare a un miembro de Gendarmería de Chile en razón de su cargo o con motivo u ocasión del ejercicio de sus funciones.,LEY ORGÁNICA DE GENDARMERÍA,101,Homicidio intencional,alta,"El delito CNP describe un homicidio intencional contra un gendarme en el ejercicio de sus funciones, lo que se alinea con la definición de 'Homicidio intencional' en el ICCS 101. No hay exclusiones que descarten este delito, ya que el móvil es la intención de causar la muerte, lo cual se incluye en la sección ICCS correspondiente.",
11102,Maltrato de obra a gendarme en el desempeño de sus funciones,"Art. 15 B. El que hiriere, golpeare o maltratare de obra a un miembro de Gendarmería de Chile en razón de su cargo o con motivo u ocasión del ejercicio de sus funciones. La pena varía de acuerdo al resultado de las lesiones.",LEY ORGÁNICA DE GENDARMERÍA,2011,Agresión,alta,"El delito CNP describe un acto de agresión contra un gendarme en el ejercicio de sus funciones, lo que se alinea con la definición de 'Agresión' en el ICCS 2011. No se menciona intención de obtener beneficio indebido (excluye 7033), ni negligencia profesional (excluye 2062), ni hostigamiento (excluye 20819 y 20811). La sección ICCS 02011 corresponde a actos que causan daños, lo que es compatible con el marco del delito.",aplicar todas las exclusiones enumeradas en 0201
11103,Amenaza a gendarme en el desempeño de sus funciones,"Art. 15 C. Señala que las penas establecidas en los artículos 395 y 396 del Código Penal, serán aumentadas en un grado cuando los delitos que estos preceptos establecen se cometan respecto de un miembro de Gendarmería de Chile en razón de su cargo o con motivo u ocasión del ejercicio de sus funciones. El que amenazare a un miembro de Gendarmería de Chile en los términos de los artículos 296 y 297 del Código Penal durante el desempeño de sus funciones o en razón de ellas.",LEY ORGÁNICA DE GENDARMERÍA,2012,Amenaza,alta,"El delito CNP se describe como una amenaza a un miembro de la Gendarmería durante el desempeño de sus funciones. El código ICCS 2012 abarca amenazas generales, y aunque hay exclusiones como amenazas a funcionarios, la descripción del delito no menciona el uso de la fuerza ni la intención de causar daños graves, lo que lo hace compatible con la definición de amenaza general. Además, la sección ICCS 2012 corresponde a actos que causan danos o tienen intención de causar daños a las personas, lo cual se alinea con el móvil del delito.","amenaza a testigos, magistrados o funcionarios encargados de hacer cumplir la ley (08061)"
11104,Ingreso ilegítimo de aparatos de comunicaciones y tecnológicos a centros penitenciarios,"Sanciona al que sin estar legal o reglamentariamente autorizado al efecto ingresare, intentare o permitiere ingresar por cualquier medio a un establecimiento penitenciario intercomunicadores, teléfonos, partes de ellos, chips telefónicos u otros elementos tecnológicos que permitan comunicarse con el exterior. Asimismo, Sanciona las conductas anteriores perpetradas por un abogado, procurador o empleado público.",LEY ORGÁNICA DE GENDARMERÍA,9033,Interceptación o acceso ilícitos a datos informáticos,alta,"El delito CNP se enfoca en el acceso a sistemas informáticos sin autorización, lo cual se alinea con la glosa de 9033 que menciona acceso ilícito a datos informáticos. Además, las exclusiones de 9033 aplican a acceso a archivos privados, lo cual no afecta el delito descrito. La sección ICCS también es compatible con el marco del delito.",Acceso ilícito a archivos informáticos privados equivalente a la intromisión en la intimidad de una persona (02011)
12010,Infracción Ley Mataderos Clandestinos,"Todo local o establecimiento en que se realice el beneficio habitual de vacunos, equinos ovejunos, caprinos y porcinos, y cuya instalación no cuente con la autorización necesaria.",INFRACCIÓN A OTROS TEXTOS LEGALES,10091,Actos contra los animales,alta,"El delito CNP se refiere a la operación de mataderos clandestinos sin autorización, lo cual se relaciona con el tratamiento o cría ilegal de animales, incluido en la glosa 10091. Las exclusiones mencionan hurto de ganado (05025) y robo de ganado (04014), que no aplican al caso, ya que el delito CNP no implica apropiación de bienes, sino operación ilegal de establecimientos.",Hurto de ganado (05025); robo de ganado (04014)
12020,Infracción Ley 18.892 de Pesca,,INFRACCIÓN A OTROS TEXTOS LEGALES,10042,"Caza, pesca o recolección ilegales de fauna y flora silvestres",alta,"El delito CNP se refiere a infracciones de la Ley 18.892 de Pesca, que corresponde a actividades ilegales de pesca. El código ICCS 10042 se refiere específicamente a caza, pesca o recolección ilegales de fauna y flora silvestres, lo que coincide con el móvil del delito. No hay exclusiones que descarten este código en relación con el delito descrito.",
12021,Infracción por contaminación,"Sanciona al que introdujere o mandare introducir en el mar, ríos, lagos o cualquier otro cuerpo de agua, agentes contaminantes químicos, biológicos o físicos que causen daño a los recursos hidrobiológicos, sin que previamente hayan sido neutralizados para evitar tales daños.",INFRACCIÓN A OTROS TEXTOS LEGALES,10012,Actos que causan la contaminación o degradación del agua,alta,"El delito CNP se refiere a la contaminación del agua mediante la introducción de agentes contaminantes, lo cual coincide directamente con la descripción de 10012. Las exclusiones de 10012 no aplican al caso, ya que el delito no implica traslado o vertimiento ilícitos de desechos, que son excluidos en ese código.",
12022,Otras infracciones Ley de Pesca,Sanciona cualquier otra figura delictiva que contemple esta Ley y que no esté expresamente señalada en otro código.,INFRACCIÓN A OTROS TEXTOS LEGALES,10042,"Caza, pesca o recolección ilegales de fauna y flora silvestres",alta,"El delito CNP se refiere a infracciones de la Ley de Pesca, que incluyen actividades ilegales relacionadas con la pesca. El código ICCS 10042 abarca la pesca ilegal, lo que coincide con el móvil del delito. No hay exclusiones que descarten este código en relación con el delito descrito.",
12023,Pesca ilegal,"Sanciona a quien ejerza pesca recreativa, capturare o extrajere recursos hidrobiológicos utilizando elementos explosivos, tóxicos u otros cuya naturaleza provoque daño a esos recursos o a su medio, incluyendo armas de fuego y electricidad. Sanciona al que Instalare o usare artes de pesca en las aguas terrestres dentro del territorio nacional, al que procese, elabore, transporte o comercialice especies hidrobiológicas provenientes de aguas terrestres capturadas con artes de pesca con infracción a las reservas para la pesca artesanal. Sanciona el procesamiento, el apozamiento, la transformación, el transporte, la comercialización y el almacenamiento de recursos hidrobiológicos vedados, y la elaboración, comercialización y el almacenamiento de productos derivados de éstos.Sanciona al que realice actividades extractivas en áreas de manejo y explotación de recursos bentónicos, sin ser titular de áreas de manejo. Sanciona al que procese, elabore o almacene recursos hidrobiológicos o productos derivados de ellos, respecto de los cuales no acredite su origen legal, y que correspondan a recursos en estado de colapsado o sobreexplotado, según el informe anual del estado de las pesquerías que emite la Subsecretaría (a que se refiere el artículo 4 A de la Ley).",INFRACCIÓN A OTROS TEXTOS LEGALES,10042,"Caza, pesca o recolección ilegales de fauna y flora silvestres",alta,"El delito CNP se refiere a la pesca ilegal, lo que se alinea directamente con la glosa de 10042: 'Caza, pesca o recolección ilegales de fauna y flora silvestres'. La inclusión de 'pesca ilegal' en el código ICCS 10042 confirma su relevancia. No se aplican exclusiones que descarten este código, y la sección 'Actos contra el entorno natural' es compatible con el marco del delito.",
12030,Infracción L.O.C del Banco Central,,INFRACCIÓN A OTROS TEXTOS LEGALES,704,Actos relacionados con el producto del delito,alta,"El delito CNP 12030 se refiere a una infracción a otros textos legales, específicamente relacionada con el Banco Central. El código ICCS 704 corresponde a 'Actos relacionados con el producto del delito', que incluye la recepción, manipulación o procesamiento de dinero o bienes derivados de un delito. Esto se alinea con la naturaleza de la infracción descrita en el CNP, que implica una violación de normas legales relacionadas con instituciones financieras. No se aplican exclusiones que descarten este código.",
12031,Falsificación de dinero Art. 64 Ley 18.840 del Banco Central,"Fabricar o hacer circular objetos cuya forma se asemeje a billetes de curso legal, de manera que sea fácil su aceptación en lugar de los verdaderos y cualquier otra figura delictiva que contemple esta Ley.",INFRACCIÓN A OTROS TEXTOS LEGALES,70211,Falsificación de medios de pago en efectivo,alta,"El delito CNP se refiere a la falsificación de billetes de curso legal, lo cual coincide directamente con la definición de 'Falsificación de medios de pago en efectivo' en el ICCS 70211. Las exclusiones de este código no aplican al delito CNP, ya que no se menciona falsificación de medios distintos del efectivo ni fraude financiero.",
12032,Otras infracciones a la Ley del Banco Central,Cualquier otra figura delictiva que contemple esta Ley,INFRACCIÓN A OTROS TEXTOS LEGALES,11029,Otros actos contrarios a las leyes u otras disposiciones sobre menores,alta,"El delito CNP se describe como 'Otras infracciones a la Ley del Banco Central', lo cual se ajusta a la glosa de 11029: 'Otros actos contrarios a las leyes u otras disposiciones sobre menores'. Aunque la descripción del CNP no menciona menores, la glosa de 11029 abarca otros actos contrarios a leyes específicas, lo cual puede incluir infracciones a la Ley del Banco Central. Además, la sección ICCS 'Otros actos delictivos no clasificados en otra parte' es compatible con el marco general del delito.",
12040,Infracción Ley 18.175 de Quiebras,,INFRACCIÓN A OTROS TEXTOS LEGALES,1102,Actos contrarios a las leyes u otras disposiciones sobre menores,alta,"El delito CNP se refiere a una infracción de la Ley 18.175 de Quiebras, lo que corresponde a actos contrarios a disposiciones legales específicas sobre menores, incluyendo infracciones relacionadas con la asistencia escolar, el toque de queda, el consumo de alcohol por menores, etc. El código ICCS 1102 abarca actos contrarios a leyes u otras disposiciones sobre menores, lo que se ajusta al móvil del delito descrito. No hay exclusiones que descarten este código en relación con el delito CNP.",
12050,Infracción Ordenanza de Aduanas,,INFRACCIÓN A OTROS TEXTOS LEGALES,8041,Actos contrarios a las disposiciones relativas a los ingresos públicos,alta,"El delito CNP (Infracción Ordenanza de Aduanas) se relaciona con actos contrarios a disposiciones aduaneras, lo que coincide con la descripción de 8041 (Actos contrarios a las disposiciones relativas a los ingresos públicos). Además, el código 8041 incluye delitos en materia de aranceles, tributación y otros ingresos públicos, lo cual es compatible con el móvil del delito descrito. No se aplican exclusiones que descarten este código.",
12051,Contrabando. Infracción a la Ordenanza de Aduanas,"Introducir al territorio nacional, o extraer de él, mercancías cuya importación o exportación, respectivamente, se encuentren prohibidas, Introducir al territorio de la República, o al extraer de él, mercancías de lícito comercio, defraudar la hacienda pública. Extraer mercancías del país por lugares no habilitados o sin presentarlas a la Aduana. Asimismo, introducir mercancías extranjeras desde un territorio de régimen tributario especial a otro de mayores gravámenes, o al resto del país, en alguna de las formas indicadas precedentemente.",INFRACCIÓN A OTROS TEXTOS LEGALES,8044,Contrabando de bienes,alta,"El delito CNP se relaciona con el fraude aduanero y el traslado de mercancías por aduanas fronterizas de manera clandestina, lo cual coincide con la definición de 'Contrabando de bienes' en el ICCS 8044. Además, el código 8044 no excluye el delito descrito en el CNP, mientras que otros candidatos como 8041 o 702 lo descartan por exclusión.",delitos de importación o exportación (08042); falsificación de mercancías y productos (07022); aplicar todas las exclusiones enumeradas en 0804
12052,Fraude aduanero. Infracción a la Ordenanza de Aduanas,"Declarar falsamente el origen, peso, cantidad o contenido de las mercancías de exportación. Falsificar material o ideológicamente certificaciones o análisis exigidos para establecer el origen, peso, cantidad o contenido de las mercancías de exportación. Presentar documentos falsos, adulterados o parcializados, para servir de base a la confección de las declaraciones, determinándose a través de ellos la clasificación o valor de las mercancías.",INFRACCIÓN A OTROS TEXTOS LEGALES,702,Falsificación,alta,"El delito CNP implica falsificación de certificaciones y documentos para engañar en el contexto aduanero, lo que se alinea con la definición de falsificación en el ICCS 702. La falsificación de documentos y la creación de instrumentos para crear imitaciones no autorizadas son incluidas en esta categoría. No se aplican exclusiones que descarten este delito.",
12053,Receptación aduanera. Infracción a la Ordenanza de Aduanas,"Adquirir, recibir o esconder mercancías, sabiendo o debiendo presumir que han sido o son objeto de delitos o Infracciones a la Ordenanza. Se presumirá dicho conocimiento de parte de las personas mencionadas por el solo hecho de encontrarse en su poder las mercancías objeto del fraude o contrabando. Ser dueño o representante legal de la empresa propietaria de las naves, aeronaves o vehículos en los cuales se hubiere introducido ilegalmente mercancías al país o de una zona de tratamiento aduanero especial al resto del territorio nacional utilizando vehículo que hubiere sido acondicionado para tal efecto o contare con compartimientos ocultos que se hubieren utilizado para esconder la mercancía.",INFRACCIÓN A OTROS TEXTOS LEGALES,7049,Otros actos relacionados con el producto del delito,alta,"El delito CNP se refiere a la recepción de mercancías obtenidas mediante infracciones aduaneras, lo cual se alinea con la definición de 'Otros actos relacionados con el producto del delito' en el ICCS 7049. Este código incluye la recepción, manipulación o procesamiento de bienes obtenidos de delitos, lo cual coincide con la recepción de mercancías ilegales. No se aplica ninguna exclusión relevante para descartar este código.",
12054,Otras infracciones a la Ordenanza de Aduanas Ley 20.780,Cualquier otra figura delictiva que contemple esta Ley.,INFRACCIÓN A OTROS TEXTOS LEGALES,8041,Actos contrarios a las disposiciones relativas a los ingresos públicos,alta,"El delito CNP se refiere a infracciones a la Ordenanza de Aduanas Ley 20.780, lo cual se alinea con la descripción de 'actos contrarios a las disposiciones aduaneras' en el ICCS 8041. Además, la sección ICCS (Actos contra el orden público, la autoridad y las disposiciones del Estado) es compatible con el marco jurídico del delito. No se aplican exclusiones que descarten este código.",
12055,Contrabando de especies exóticas,"Sanciona al que introduzca en el territorio nacional o extraiga de él los especímenes de las especies, partes, productos o derivados de las especies o subespecies exóticas incluidos en los Apéndices de la Convención sobre Comercio Internacional de Especies Amenazadas de Fauna y Flora Silvestres (CITES) por lugares no habilitados; no presentándolos a la aduana; no pagando los derechos e impuestos y demás gravámenes, cuando corresponda; ocultándolos; utilizando documentación falsa, adulterada o parcializada o sin los correspondientes permisos y certificaciones que acrediten su legítimo origen, procedencia u obtención. Asimismo, será sancionado quien venda, ofrezca para la venta, exponga o exhiba al público, almacene, custodie, transporte o distribuya, con fines comerciales, especímenes, partes, productos o derivados de las especies o subespecies exóticas incluidas en los Apéndices de la Convención que, a requerimiento de la autoridad competente, no acredite su obtención legal o legítima procedencia, de conformidad con las disposiciones de la Convención y la Ley.",INFRACCIÓN A OTROS TEXTOS LEGALES,100312,Tráfico transfronterizo de especies protegidas,alta,"El delito CNP se refiere al contrabando de especies exóticas incluidas en los Apéndices de CITES, lo cual implica un comercio transfronterizo. El código ICCS 100312 se enfoca en el tráfico transfronterizo de especies protegidas, lo que coincide con el movil del delito. Además, la sección ICCS (Actos contra el entorno natural) es compatible con el marco jurídico del delito.",
12056,Contrabando de dinero,"Sanciona al que introduzca en el territorio nacional o extraiga de él dinero de cualquier denominación, en efectivo o en instrumentos negociables al portador, por cualquier lugar o paso no habilitado; o sin informar de ello, o falseando dicha información, al Servicio de Aduanas, de conformidad a lo dispuesto en el artículo 4° de la ley N° 19.913, por un monto que exceda los 10.000 dólares de Estados Unidos de América o su equivalente en otras monedas.",INFRACCIÓN A OTROS TEXTOS LEGALES,8044,Contrabando de bienes,alta,"El delito CNP se refiere al contrabando de dinero, que se ajusta a la definición de 'Contrabando de bienes' en el ICCS 8044, que incluye el fraude aduanero y el traslado clandestino de bienes. No hay exclusión que descarte este delito, ya que el CNP no se ajusta a las exclusiones de 'delitos de importación o exportación' ni a otras categorías mencionadas.",
12060,Infracción artículo 74 bis b) del C.P.P (secreto sumario),,INFRACCIÓN A OTROS TEXTOS LEGALES,1102,Actos contrarios a las leyes u otras disposiciones sobre menores,alta,"El delito CNP se refiere a una infracción relacionada con el secreto sumario, lo cual se ajusta a la categoría de actos contrarios a las leyes u otras disposiciones sobre menores (1102). La sección ICCS es compatible y la glosa se alinea con el contexto legal del delito descrito.",
12071,Otorgamiento irregular de documentos,"Empleado público que otorgue en forma irregular licencias de conductor, boleta de citación, permiso provisorio de conducir, placa patente, padrón o cualquier certificado o documento que permita obtenerlos, como asimismo el funcionario que ilegalmente realizare las inscripciones y su certificación.",LEY DE TRÁNSITO,7023,Actos de falsificación de documentos,alta,"El delito CNP se relaciona con la emisión irregular de documentos, lo que se alinea con la falsificación de documentos en el ICCS 7023. No se aplican exclusiones que descarten este código, ya que el delito no implica uso de documentos falsificados para entrada ilegal o violaciones de propiedad intelectual.",
12072,Falsificación de licencia de conducir y otras falsificaciones,"El que falsifique licencia de conductor, boleta de citación o permiso provisorio o cualquier certificado o documento requerido para obtenerlo. Conducir con documentos de otra persona, falsos, obtenidos en contravención a la Ley o sin tener la licencia profesional exigida para ese tipo de vehículo. Presentar certificados falsos para obtener licencia de conducir. Obtener por medio de sobornos, dádivas o influencias licencia de conductor sin cumplir los requisitos legales. Certificar indebida o falsamente que determinada persona cumple con los requisitos exigidos para obtener licencia de conductor. Otorgar un certificado de revisión técnica sin haberla practicado o que contenga afirmaciones falsas.",LEY DE TRÁNSITO,7023,Actos de falsificación de documentos,alta,"El delito CNP se refiere a la falsificación de documentos como licencias de conducir, lo que se alinea directamente con la glosa de 7023: 'Actos de falsificación de documentos'. Las inclusiones de 7023 abarcan la falsificación de documentos, lo cual coincide con la descripción del delito. No se aplican exclusiones relevantes que descarten este código.",
12073,Accidente con resultado de muerte o lesiones graves,"Accidentes de tránsito en que la víctima fallezca, quede demente, inútil para el trabajo, impotente o estéril, impedido de algún miembro importante o notablemente deforme y la causa determinante de la infracción sea algunas de las infracciones de los números 2º (no respetar una luz roja), 3º (exceso de velocidad) y 4º (no haber obtenido licencia de conducir) del artículo 197 o los números 3º (conducir a exceso de velocidad), 4º (adelantamientos prohibidos), 11º (conducir contra el tránsito), 13º (conducir por lado izquierdo) y 17º (dirección o frenos deficientes), del artículo 198.",LEY DE TRÁNSITO,10321,Homicidio por tránsito vehicular,alta,"El delito CNP se describe como un accidente de tránsito con resultado de muerte o lesiones graves, causado por infracciones del tránsito. El código ICCS 10321 corresponde a homicidio por tránsito vehicular, que incluye muerte no intencional como resultado de un comportamiento negligente, temerario o descuidado durante la utilización de un vehículo. Esto se alinea con el móvil del delito descrito en el CNP, que se centra en infracciones del tránsito. Además, el código 10321 no excluye este tipo de delitos, mientras que otros como 10322 son más generales y no abarcan el contexto de tránsito.",
12074,Conducción sin la licencia debida,"Manejar sin licencia profesional, vehículos que por disposición de la Ley así lo requieran. Explotar a cualquier título un vehículo de transporte público de pasajeros, de taxi, de transporte remunerado de escolares o de carga y permita que sea conducido por quien carezca de licencia de conducir requerida o ella se encuentre suspendida o cancelada.",LEY DE TRÁNSITO,907,Infracciones de tráfico no lesivas,alta,"El delito CNP se refiere a la conducción sin licencia, lo que se clasifica como una infracción de tráfico no lesiva, ya que no se menciona daño físico ni muerte. El código 907 incluye conductas como la violación de normas de seguridad y el uso incorrecto de permisos de conducir, lo cual coincide con la descripción del delito. Además, el código 2063 (negligencia en conducción) es excluido por el delito CNP, ya que este no implica negligencia, sino falta de licencia.",Negligencia relacionada con la conducción de un vehículo (02063)
12075,Conducción bajo la influencia del alcohol,,LEY DE TRÁNSITO,20721,Utilización de un vehículo bajo los efectos del alcohol,alta,"El delito CNP se refiere a la conducción bajo la influencia del alcohol, lo cual coincide directamente con la glosa de 20721. La inclusión menciona la conducción bajo los efectos del alcohol, lo que es compatible. No hay exclusiones que descarten este delito, ya que el delito CNP no menciona consecuencias como lesiones o muerte, que son exclusiones de otros códigos.",
12076,Instalación indebida de señales del tránsito o barreras,"Se refiere al que instale señales o barreras de tránsito sin estar facultado para ello, salvo en caso de siniestro o accidente.",LEY DE TRÁNSITO,907,Infracciones de tráfico no lesivas,alta,"El delito CNP se refiere a la instalación indebida de señales o barreras de tránsito, lo cual no causa lesiones ni muerte. El código ICCS 907 corresponde a infracciones de tráfico no lesivas, que se ajusta a la descripción del delito sin implicar daños corporales. Las exclusiones de este código descartan casos que involucran lesiones o muerte, lo cual no aplica en este caso.","Lesiones corporales o posibilidad de infligir lesiones corporales a una persona debido al comportamiento negligente, irresponsable o descuidado de otra persona mientras se tiene el control de un vehículo (02063)"
12077,No dar cuenta de accidente de tránsito,Sanciona el incumplimiento de la obligación de dar cuenta a la autoridad de todo accidente en que sólo se produzcan daños.,LEY DE TRÁNSITO,907,Infracciones de tráfico no lesivas,alta,"El delito CNP corresponde a una infracción de tránsito que no provoca daños, lo que coincide con la definición de 'Infracciones de tráfico no lesivas' en el ICCS 907. Además, el código 907 incluye infracciones de normas de seguridad del tránsito, lo cual se alinea con la obligación de dar cuenta de accidentes de tránsito.",Lesiones corporales o posibilidad de infligir lesiones corporales (02063)
12078,Conducción bajo la influencia del alcohol con o sin daños o lesiones leves,"Castiga la conducción, operación o desempeño ejecutados bajo la influencia del alcohol y no se ocasione lesiones ni daños materiales o lesiones leves.",LEY DE TRÁNSITO,20721,Utilización de un vehículo bajo los efectos del alcohol,alta,"El delito CNP se refiere a la conducción bajo la influencia del alcohol sin daños ni lesiones leves, lo que coincide con la glosa de 20721. La sección ICCS es compatible (Actos que causan danos o que tienen la intención de causar danos a las personas), y las exclusiones no descartan el delito CNP. La glosa y la descripción son altamente alineadas con el delito nacional.",
12079,Conducción bajo la influencia del alcohol causando lesiones menos graves,"Castiga la conducción, operación o desempeño ejecutados bajo la influencia del alcohol causando lesiones menos graves.",LEY DE TRÁNSITO,20721,Utilización de un vehículo bajo los efectos del alcohol,alta,"El delito CNP se refiere a la conducción bajo la influencia del alcohol que causa lesiones menos graves. El código ICCS 20721 corresponde a la utilización de un vehículo bajo los efectos del alcohol y menciona explícitamente lesiones corporales, lo cual coincide con el delito nacional. No hay exclusiones que descarten este código para el caso descrito.",
12080,Conducción bajo la influencia del alcohol causando lesiones graves,"Castiga la conducción, operación o desempeño ejecutados bajo la influencia del alcohol causando lesiones graves.",LEY DE TRÁNSITO,20721,Utilización de un vehículo bajo los efectos del alcohol,alta,"El delito CNP se refiere a la conducción bajo la influencia del alcohol que causa lesiones graves. El código ICCS 20721 corresponde a la utilización de un vehículo bajo los efectos del alcohol y causa lesiones corporales, lo cual coincide directamente con el delito descrito. No hay exclusiones que descarten este código para el caso descrito.",
12081,Maltrato de obra a Carabineros,"Castiga al hiriere, golpeare o maltratare de obra a un Carabinero en razón de su cargo o con motivo u ocasión del ejercicio de sus funciones.",INFRACCIÓN A OTROS TEXTOS LEGALES,201,Agresiones y amenazas,alta,"El delito CNP se refiere a la agresión física contra un Carabinero en ejercicio de sus funciones, lo cual se alinea con la definición de 'Agresiones y amenazas' en el ICCS 201. La inclusión de 'aplicación intencional o imprudente de fuerza física' coincide con la descripción del delito. No se aplican exclusiones relevantes que descarten este código.",
12082,Amenazas a Carabineros,"Penaliza al que amenazare de palabra, por escrito o por cualquier otro medio a Carabineros, a uno de sus integrantes con conocimiento de su calidad de miembro de esa Institución, unidades o reparticiones.",INFRACCIÓN A OTROS TEXTOS LEGALES,2012,Amenaza,alta,"El delito CNP (Amenazas a Carabineros) se ajusta a la definición de 'Amenaza' en el ICCS 2012, que abarca cualquier tipo de amenaza si se cree que podría convertirse en realidad. No hay exclusión que descarte este delito, ya que la amenaza no se enmarca en las exclusiones como amenaza a funcionarios o amenaza de uso de la fuerza para exigir un curso de acción determinado.",
12083,Conducción bajo la influencia del alcohol causando lesiones graves gravísimas o muerte,,LEY DE TRÁNSITO,20721,Utilización de un vehículo bajo los efectos del alcohol,alta,"El delito CNP se refiere a la conducción bajo la influencia del alcohol que causa lesiones graves o muerte. El código ICCS 20721 corresponde a la utilización de un vehículo bajo los efectos del alcohol, lo cual coincide con el móvil del delito. Además, las inclusiones de este código mencionan la conducción bajo los efectos del alcohol y causar un accidente bajo esos efectos, lo cual se alinea con el delito descrito. No se aplican exclusiones que descarten este código.",
12086,Matar a Carabinero en ejercicio de sus funciones,Castiga al que mate a un Carabinero en razón de su cargo o en el ejercicio de sus funciones.,INFRACCIÓN A OTROS TEXTOS LEGALES,101,Homicidio intencional,alta,"El delito CNP se centra en el homicidio de un Carabinero en ejercicio de sus funciones, lo que implica intención de causar la muerte. El código ICCS 101 (Homicidio intencional) se ajusta al móvil del delito, ya que se trata de un acto intencional. Las exclusiones aplicadas incluyen el homicidio justificable en defensa propia, que no aplica en este caso, y el homicidio no intencional, que tampoco se ajusta al móvil del delito.",homicidio justificable en defensa propia; homicidio no intencional
12087,"Traición, espionaje y demás delitos contra la soberanía y seguridad exterior del Estado","Castiga al que traiciona, espía o incurre en otros delitos contra la soberanía y seguridad exterior del Estado.",INFRACCIÓN A OTROS TEXTOS LEGALES,904,Actos contra la seguridad del Estado,alta,"El delito CNP 12087 se relaciona directamente con la traición, el espionaje y otros delitos contra la soberanía y seguridad exterior del Estado, lo cual coincide con la glosa y las inclusiones del código ICCS 904 (Actos contra la seguridad del Estado). No se aplican exclusiones que descarten este código.",
12088,Uso de uniforme o insignias de Fuerzas Armadas o Carabineros de Chile,"El que sin derecho use uniforme, insignias, distintivos de las Fuerzas Armadas o de Carabineros de Chile.",INFRACCIÓN A OTROS TEXTOS LEGALES,9011,Posesión o uso de armas y explosivos,alta,"El delito CNP se refiere al uso de uniforme o insignias de Fuerzas Armadas o Carabineros, lo cual no se relaciona directamente con armas, explosivos o materiales destructivos. Sin embargo, el código ICCS 9011 abarca la posesión o uso ilícitos de armas y explosivos, y su inclusión menciona el uso de insignias o materiales que pueden estar vinculados a las Fuerzas Armadas. No se aplican exclusiones que descarten este código.",
12089,Otras infracciones al Código Justicia Militar,Incluye infracciones a cualquier otra norma contenida en el Código de Justicia Militar.,INFRACCIÓN A OTROS TEXTOS LEGALES,NINGUNO,,baja,"El delito CNP 12089 se refiere a infracciones al Código de Justicia Militar, que no tiene una descripción específica. No se encuentra un código ICCS que se ajuste directamente a este delito, ni se cumple el criterio de movil del delito. Además, no hay coincidencias significativas con las inclusiones o exclusiones de los candidatos ICCS.",
12090,Delitos contenidos en la Ley de Adopción de Menores,"El que, con abuso de confianza, ardid, simulación, atribución de identidad o estado civil u otra condición semejante, obtuviere la entrega de un menor para sí, para un tercero o para sacarlo del país, con fines de adopción. El que solicitare o aceptare recibir cualquier clase de contraprestación por facilitar la entrega de un menor en adopción.",INFRACCIÓN A OTROS TEXTOS LEGALES,20291,Adopción ilegal,alta,"El delito CNP se relaciona con la adopción ilegal y la entrega de un menor con fines de adopción, lo cual coincide directamente con la glosa de 20291. Además, el código ICCS 20291 incluye la adopción ilegal como una de sus inclusiones, lo que lo hace el más preciso. No hay exclusiones que descarten este código en relación con el delito descrito.",
12100,Delitos contenidos en el D.L 1.094 de extranjería,,INFRACCIÓN A OTROS TEXTOS LEGALES,8059,Otros actos ilícitos relacionados con la migración,alta,"El delito CNP 12100 se refiere a delitos contenidos en el D.L 1.094 de extranjería, que incluyen actos relacionados con la migración. El código ICCS 8059 corresponde a 'Otros actos ilícitos relacionados con la migración', que incluye entradas ilegales, utilización de documentos falsificados y otros actos relacionados con la migración, lo cual se alinea con el delito nacional. No se aplican exclusiones que descarten este código.",
12110,Delitos de la Ley 4.702 de compraventa bienes a plazo,,INFRACCIÓN A OTROS TEXTOS LEGALES,7049,Otros actos relacionados con el producto del delito,alta,"El delito CNP se relaciona con la compraventa de bienes a plazo, lo que implica la manipulación o procesamiento de bienes obtenidos de un delito. El código ICCS 7049 abarca la recepción, manipulación o procesamiento de dinero o bienes derivados de un delito, lo cual es compatible con el movil del delito descrito. No se aplican exclusiones que descarten este código.",
12120,Delitos contemplados en la Ley antimonopolios,,INFRACCIÓN A OTROS TEXTOS LEGALES,1102,Actos contrarios a las leyes u otras disposiciones sobre menores,alta,"El delito CNP se refiere a infracciones a leyes antimonopolios, que pueden incluir conductas que afectan a menores, como la venta de alcohol o tabaco a menores, lo cual se incluye en la glosa de 1102. La sección ICCS es compatible con el marco legal del delito, y no hay exclusiones que descarten la aplicación de este código.",
12121,"Extranjeros que ingresan o intentan egresar del país con documentos falsificados, adulterados o a nombre de otro",,INFRACCIÓN A OTROS TEXTOS LEGALES,8059,Otros actos ilícitos relacionados con la migración,alta,"El delito CNP se refiere a extranjeros que ingresan o intentan egresar del país con documentos falsificados, lo cual se alinea con la inclusión de 'utilización de un documento falsificado para entrar en un Estado' en el código ICCS 8059. Además, el código 7023, aunque relacionado con falsificación, es excluido por la utilización de documentos falsificados para entrada ilegal, lo cual se menciona explícitamente en las exclusiones de 7023.","Utilización de documentos de identidad alterados o falsificados (0701); utilización de visas o pasaportes alterados o falsificados para entrar ilegalmente en un Estado (0805); copia, utilización o reproducción ilegal u otras violaciones del derecho de autor, patentes, marcas de fábrica o de comercio u otros tipos de propiedad intelectual (0503); aplicar todas las exclusiones enumeradas en 0702"
12122,Extranjeros que ingresan o intentan egresar del país clandestinamente,,INFRACCIÓN A OTROS TEXTOS LEGALES,8059,Otros actos ilícitos relacionados con la migración,alta,"El delito CNP se refiere a extranjeros que ingresan o intentan egresar del país clandestinamente, lo cual se alinea con la glosa de 8059: 'Otros actos ilícitos relacionados con la migración'. La inclusión de 'entrada ilegal/cruce ilegal de fronteras' en 8059 coincide directamente con la conducta descrita. Además, la sección ICCS 'Actos contra el orden público, la autoridad y las disposiciones del Estado' es compatible con el marco jurídico del delito.",
12123,Robo o hurto de material de guerra,"Al que robe o hurte armas, municiones, aparatos, instrumentos dedicados al servicio de las Fuerzas Armadas y Carabineros de Chile.",INFRACCIÓN A OTROS TEXTOS LEGALES,401,Robo,alta,"El delito CNP se describe como robo o hurto de material de guerra, lo cual se alinea con la definición de 'robo' en el ICCS 401, que incluye la sustracción ilícita de bienes mediante el uso de la fuerza o amenaza. El ICCS 901 y sus inclusiones se centran en armas y explosivos, lo cual no es el móvil principal del delito descrito. El ICCS 110139 y 11013 están relacionados con crímenes de guerra, que no son aplicables aquí. El ICCS 401 es el más preciso al abordar el móvil de apropiación de bienes, sin descartar el delito.","Robo con entrada ilícita (0502); posesión de dinero o bienes robados; recepción, manipulación, enajenación, venta o tráfico de bienes robados; utilización de piezas robadas para producir otros bienes; ocultamiento de bienes robados (0704); daños a la propiedad (0504); secuestro (02022); exigir un curso de acción determinado mediante amenaza escrita o verbal (02051)"
12124,Adquisición material de guerra o vestuario instituciones armadas,"El que sin autorización de enajenación por parte de la autoridad, adquiera material de guerra o vestuario de Instituciones Armadas.",INFRACCIÓN A OTROS TEXTOS LEGALES,9011,Posesión o uso de armas y explosivos,alta,"El delito CNP se refiere a la adquisición de material de guerra o vestuario instituciones armadas sin autorización, lo cual se alinea con la posesión o uso ilícitos de armas y explosivos descrito en el ICCS 9011. Las exclusiones de 9011 no descartan el delito CNP, ya que no se menciona un uso para cometer otro delito.",
12125,Falsedades,"El que falsificare, o hiciere uso fraudulento de sellos, marcas o cuños destinados a las Fuerzas Armadas o Carabineros de Chile",INFRACCIÓN A OTROS TEXTOS LEGALES,7021,Falsificación de medios de pago,alta,"El delito CNP se refiere a la falsificación o uso fraudulento de sellos, marcas o cuños destinados a las Fuerzas Armadas o Carabineros. El código ICCS 7021 abarca la falsificación de sellos o boletos, lo cual es directamente relevante. No se aplican exclusiones que descarten este código.",
12130,Reconocimiento malicioso de posesión regular,Castiga al que maliciosamente obtuviere el reconocimiento de la calidad de poseedor regular de un bien raíz conforme a las normas de esta Ley.,INFRACCIÓN A OTROS TEXTOS LEGALES,7049,Otros actos relacionados con el producto del delito,alta,"El delito CNP se refiere a la obtención maliciosa de un reconocimiento de posesión regular de un bien raíz, lo cual se relaciona con la manipulación o procesamiento de bienes obtenidos de un delito, lo que se describe en el código ICCS 7049. No se aplica la exclusión de adquisición ilícita de bienes, ya que el delito no implica la posesión directa de bienes robados, sino la obtención de un reconocimiento fraudulento.",Adquisición ilícita de bienes (0502)
12131,Vigilancia privada no autorizada,Castiga a quienes proporcionen u ofrezcan vigilantes privados sin autorización,INFRACCIÓN A OTROS TEXTOS LEGALES,9033,Interceptación o acceso ilícitos a datos informáticos,alta,"El delito CNP se refiere a la vigilancia privada no autorizada, lo cual se relaciona con la interceptación o acceso ilícitos a datos informáticos, que es la glosa de 9033. No hay exclusiones que descarten este código para el delito descrito.",
12132,"Infracción Ley General de Telecomunicaciones Letras A,B,C,D,G y F (excluye la Letra E)","Sanciona el interferir, interceptar o interrumpir un servicio de telecomunicaciones; interceptar, captar o grabar sin autorización cualquier tipo de señal de telecomunicaciones, o difundir la comunicación obtenida por tales medios; Operar o explotar servicios o instalaciones de telecomunicaciones de libre recepción o de radiodifusión sin autorización.",INFRACCIÓN A OTROS TEXTOS LEGALES,9033,Interceptación o acceso ilícitos a datos informáticos,alta,"El delito CNP se enfoca en la interceptación, captación o grabación de señales de telecomunicaciones sin autorización, lo cual se alinea con la definición de 'Interceptación o acceso ilícitos a datos informáticos' en el ICCS 9033. Las exclusiones del ICCS 9033 no aplican al delito CNP, ya que no se trata de intromisión en la intimidad de una persona.",
12133,Lavado de dinero persona natural,"Sanciona la persona natural que oculte o disimule de cualquier forma el origen ilícito de determinados bienes, a sabiendas de que provienen, directa o indirectamente, de la perpetración de hechos constitutivos de delitos; o bien, ocultar o disimular estos bienes. Adquirir, poseer, tener o usar los referidos bienes, con ánimo de lucro, cuando al momento de recibirlos ha conocido su origen ilícito. Desconocer el autor de las conductas descritas precedentemente, el origen ilicitito de los bienes por negligencia inexcusable. Si los bienes provienen de un hecho realizado en el extranjero, que sea punible en su lugar de comisión y en Chile constituya alguno de los delitos señalados precedente. Se entiende por bienes los objetos de cualquier clase apreciables en dinero, corporales o incorporales, muebles o inmuebles, tangibles o intangibles, como asimismo los documentos o instrumentos legales que acreditan la propiedad u otros derechos sobre los mismos. Hechos constitutivos: Delitos contemplados en la ley Nº 20.000, que Sanciona el tráfico ilícito de estupefacientes y sustancias psicotrópicas; en la ley Nº 18.314, que Determina conductas terroristas y fija su penalidad; en el artículo 10 de la ley Nº 17.798, sobre Control de Armas; en el Título XI de la ley Nº 18.045, sobre Mercado de Valores; en el inciso primero del artículo 39 y en el Título XVII del decreto con fuerza de ley Nº 3, de 1997, del Ministerio de Hacienda, Ley General de Bancos; en los artículos 168, en relación con el artículo 178 números 2 y 3; 168 bis y 169, todos del decreto con fuerza de ley Nº 30, de 2004, del Ministerio de Hacienda, que aprueba el texto refundido, coordinado y sistematizado del decreto con fuerza de ley Nº 213, de 1953, del Ministerio de Hacienda, sobre Ordenanza de Aduanas; en el inciso segundo del artículo 81 de la ley Nº 17.336, sobre Propiedad Intelectual; en los artículos 59 y 64 de la ley Nº 18.840, orgánica constitucional del Banco Central de Chile; en el Título I de la ley 21.459, que Establece normas sobre delitos informáticos, deroga la ley N° 19.223 y modifica otros cuerpos legales con el objeto de adecuarlos al Convenio de Budapest; en el párrafo tercero del número 4º del artículo 97 del Código Tributario y en los números 8 y 9 del mismo artículo respecto de los delitos contemplados en los Párrafos 4 bis y IV ter del Título IX del Libro II del Código Penal; en los Párrafos 4, 5, 6, 9 y 9 bis del Título V y 10 del Título VI, todos del Libro II del Código Penal; en los artículos 141, 142, 367, 367 quáter, 367 septies, 411 bis, 411 ter, 411 quáter, 411 quinquies, y en los artículos 467 número 1 del inciso primero e inciso final, 468 y 470, numerales 1°, 8° y 11, en relación con el referido número 1 del inciso primero y con su inciso final del artículo 467, todos del Código Penal; en las letras f) y h) del artículo 7 de la ley Nº 20.009; en los artículos 305, 306, 307, 308 y 310, en relación con los números 2 y 5 del artículo 305, todos del Código Penal; en los artículos 139, 139 bis y 139 ter de la ley N° 18.892, General de Pesca y Acuicultura; en los artículos 30 y 31 de la ley N° 19.473; en el artículo 21 del decreto N° 4.363, de 1931, del Ministerio de Tierras y Colonización, que aprueba texto definitivo de la Ley de Bosques; en el artículo 11 de la ley Nº 20.962, que aplica Convención sobre el Comercio Internacional de Especies Amenazadas de Flora y Fauna Silvestre; o bien, a sabiendas de dicho origen, oculte o disimule estos bienes.",INFRACCIÓN A OTROS TEXTOS LEGALES,7041,Blanqueo de dinero,alta,"El delito CNP se describe como la ocultación o disimulación del origen ilícito de bienes, con el propósito de ocultar su procedencia, lo cual coincide directamente con la definición de 'Blanqueo de dinero' en el ICCS 7041. La inclusión de 'ocultamiento o disimulación de bienes' y la intención de ocultar el origen ilícito son elementos clave que coinciden con el delito descrito. No se aplican exclusiones que descarten este candidato.",
12134,Otras infracciones a la Ley 19.913,Incluye infracciones a cualquier otra norma contenida en la Ley 19.913.,INFRACCIÓN A OTROS TEXTOS LEGALES,1102,Actos contrarios a las leyes u otras disposiciones sobre menores,alta,"El delito CNP 12134 se refiere a infracciones a la Ley 19.913, que incluye normas sobre menores. El código ICCS 1102 se ajusta a actos contrarios a leyes u otras disposiciones sobre menores, lo cual es compatible con la descripción del delito. La sección ICCS es compatible, y no hay exclusiones que descarten este código en relación con el delito descrito.",
12135,Infracción a la Ley Mercado de Valores,"Sanciona al que:a) actuando por cuenta de un emisor de valores de oferta pública proporcionare información falsa al mercado sobre la situación financiera, jurídica, patrimonial o de negocios del respectivo emisor; El que a sabiendas otorgare una clasificación de riesgo que no corresponda al riesgo de los valores que clasifique; El que, siendo socio de una empresa de auditoría externa, dictaminare falsamente o entregare antecedentes falsos sobre la situación financiera o patrimonial u otras materias sobre las cuales hubieren manifestado su opinión, certificación, dictamen o informe de una entidad sujeta a la fiscalización de la Comisión para el Mercado Financiero; El director, gerente o apoderado de una bolsa de valores que diere certificación falsa sobre las operaciones que se realicen en ella y el corredor de bolsa o agente de valores que diere certificación falsa sobre las operaciones en que haya intervenido; El que efectuare transacciones en valores con el objeto de mantener o alterar artificialmente en el mercado el precio de uno o varios valores; El que efectuare cotizaciones o transacciones ficticias, divulgare información falsa o se valiere de cualquier otra conducta engañosa semejante de un modo apto para transmitir señales falsas al mercado en cuanto a la oferta, la demanda o el precio de uno o varios valores, o que de otro modo sean idóneas para incidir en las decisiones del público inversor; El que, fuera de los casos anteriores, proporcionare información falsa al mercado por cuenta de una persona sujeta a la fiscalización de la Comisión para el Mercado Financiero, en registros, prospectos, declaraciones o informes exigidos por ley o por la referida autoridad con carácter general, de un modo apto para incidir en las decisiones del público inversor u ocultar aspectos relevantes para conocer el patrimonio o la situación financiera o jurídica de la persona.b) El que realizare una operación usando información privilegiada, ya sea adquiriendo o cediendo, por cuenta propia o de otro, directa o indirectamente, los valores a los que esa información se refiere, o bien cancelando o modificando una orden relativa a esos valores. Asimismo quien revele indebidamente información privilegiada.c) El que defraudare a otro adquiriendo acciones de una sociedad anónima abierta, sin efectuar una oferta pública de adquisición de acciones en los casos que ordena la ley; indebidamente utilizare en beneficio propio o de otros valores entregados en custodia o su producto; El que, conociendo o debiendo conocer el estado de insolvencia en que se encuentra un emisor de valores, acordare, decidiere o permitiere que éste haga oferta pública de valores, efectuare una oferta pública sobre esos valores o continuare intermediándolos, habiendo sido suspendida su transacción por la Comisión para el Mercado Financiero; El que, fuera del caso previsto en el inciso segundo del artículo 60, revelare indebidamente a otro la información de un emisor que hubiere conocido en razón de su cargo o posición en una sociedad clasificadora o una empresa de auditoría externa.d) El que sin la correspondiente autorización o registro realizare oferta pública de valores o actuare como corredor de bolsa, agente de valores, empresa de auditoría externa o clasificadora de riesgos; El que sin la correspondiente autorización o registro usare las denominaciones de corredor de bolsa, agentes de valores o clasificadora de riesgos, o el que de cualquier otro modo se atribuya la calidad de aquellas entidades; El que eliminare, alterare, modificare, ocultare o destruyere registros, documentos, soportes tecnológicos o antecedentes de cualquier naturaleza, impidiendo o dificultando con ello las posibilidades de fiscalización de la Comisión para el Mercado Financiero; El director, administrador, gerente o ejecutivo principal de un emisor de valores de oferta pública, de una bolsa de valores o de un intermediario de valores, que entregare antecedentes falsos o efectuare declaraciones falsas al directorio o a los órganos de la administración de la entidad a la que pertenece, o a quienes realicen la auditoría externa o clasificación de riesgo de esa entidad; El que, prestando servicios en una sociedad clasificadora o empresa de auditoría externa, alterare, ocultare o destruyere información de un emisor clasificado o auditado; El que fuera de los casos previstos en el artículo 59 proporcionare a la Comisión para el Mercado Financiero información falsa relativa a un emisor sujeto su fiscalización.",INFRACCIÓN A OTROS TEXTOS LEGALES,70112,Fraude financiero contra personas naturales o jurídicas,alta,"El delito CNP se centra en conductas relacionadas con el fraude financiero en el mercado de valores, incluyendo información falsa, transacciones engañosas y manipulación del mercado, lo cual se alinea con la definición de 'fraude financiero contra personas naturales o jurídicas' en el ICCS 70112. Además, el código incluye fraude bursátil, que es directamente relevante para el delito descrito.",
12136,Enseñanza no autorizada de artes marciales,"Castiga a quienes sin autorización impartieren enseñanza o adiestramiento de cualquier técnica, procedimiento o sistema de combate, lucha o defensa personal.",INFRACCIÓN A OTROS TEXTOS LEGALES,2011,Agresión,alta,"El delito CNP se centra en la enseñanza no autorizada de artes marciales, lo cual puede implicar el uso de la fuerza o la amenaza de causar daños, lo que se alinea con la definición de 'Agresión' en el ICCS 2011. No se aplican exclusiones relevantes que descarten este código.",
12137,Corte o destrucción de árboles o arbustos,"Castiga la corta, destrucción o incendio ilegal de árboles o arbustos en contravención a las Leyes y reglamentos.",INFRACCIÓN A OTROS TEXTOS LEGALES,10041,Tala ilegal,alta,"El delito CNP se refiere a la corta, destrucción o incendio ilegal de árboles o arbustos, lo cual se alinea con la definición de 'Tala ilegal' en el ICCS 10041, que incluye el corte y quema ilegal. No hay exclusiones que descarten este candidato, y la sección ICCS 'Actos contra el entorno natural' es compatible con el marco del delito.",
12138,Caza y comercialización de especies prohibidas,"a) Cazaren, capturaren o comerciaren especies de la fauna silvestre cuya caza o captura se encuentre prohibida;b) Comerciaren indebidamente con especies de las señaladas en el inciso segundo del artículo 22;c) Infringieren lo dispuesto en el inciso primero del artículo 25;d) Se valieren de métodos de atracción o captura, o de terceros, para proveerse de animales a que se refiere la letra a), provenientes del medio natural, vivos o muertos, o de partes o productos de los mismos;e) Se valieren de métodos de atracción o captura, o de terceros, para proveerse de animales provenientes de cotos, criaderos, centros de reproducción, de rehabilitación o de exhibición, a menos que ello constituya otro delito que tenga una pena superior;f) Fueren sorprendidos en actividades de caza o de captura encontrándose suspendido o cancelado el permiso correspondiente; y g) Fueren sorprendidos cazando fuera de coto con arma de caza mayor, sin estar en posesión de la autorización correspondiente.ART. 31. Sanciona a quienes cazaren, capturaren o comerciaren habitualmente especies de la fauna silvestre cuya caza o captura esté prohibida o de las señaladas en el artículo 22.ART. 22: Todo tenedor de animales, vivos o muertos, pertenecientes a especies clasificadas en alguna categoría de conservación en conformidad al artículo 37 de la ley N° 19.300 y protegidas deberá acreditar su legítima procedencia o su obtención en conformidad con esta ley, a requerimiento de autoridad competente.",INFRACCIÓN A OTROS TEXTOS LEGALES,10032,Comercio o posesión de especies animales prohibidas o controladas,alta,"El delito CNP se centra en la comercialización y caza de especies prohibidas, lo que se alinea con la glosa de 10032 que menciona comercio o posesión de especies animales prohibidas o controladas. Además, las exclusiones de 10032 no descartan el delito CNP, mientras que otras categorías como 10031 o 10033 no abarcan la caza ilegal y el comercio de especies prohibidas con la misma precisión.",
12139,Infracciones al Código Aeronáutico,"Castiga la infracción a diversas disposiciones legales relativas a navegación aérea y delitos contra la seguridad de la aviación civil. Sanciona además, al que ceda su derecho a ser transportado en un vuelo de cabotaje, o facilite dicha cesión, con fines de lucro, como actividad comercial o en forma habitual.",INFRACCIÓN A OTROS TEXTOS LEGALES,907,Infracciones de tráfico no lesivas,alta,"El delito CNP se refiere a infracciones al Código Aeronáutico, que incluyen conductas relacionadas con la seguridad de la aviación civil. El código ICCS 907 abarca infracciones de tráfico no lesivas, que incluyen violaciones de normas de seguridad, lo cual es compatible con el delito descrito. No se aplican exclusiones que descarten este código.",
12140,Tráfico de órganos (incluye provenientes de aborto),"Castiga a quien facilitare o proporcionare a otro, con ánimo de lucro, algún órgano propio o de tercero para ser usado con fines de trasplante, así como a quien ofreciere o proporcionare dinero o recompensa con el objeto de obtener algún órgano o el consentimiento necesario para la extracción, para sí o para un tercero. Sanciona también al que extraiga órganos de un cadáver con fines de trasplante sin cumplir con las disposiciones de la Ley, a quien destine dichos órganos a un uso distinto al permitido por la Ley o el Código Sanitario, así como a quien destine, en cualquier momento, con ánimo de lucro o para fines distintos de los autorizados, órganos, tejidos o fluidos humanos provenientes de una intervención propia de la interrupción del embarazo.",INFRACCIÓN A OTROS TEXTOS LEGALES,2043,Trata de personas con fines de extracción de órganos,alta,"El delito CNP se enfoca en el tráfico de órganos, incluyendo la extracción de órganos de cadáveres y la obtención de órganos para trasplante, lo cual se alinea directamente con la glosa de 2043: 'Trata de personas con fines de extracción de órganos'. Además, la sección ICCS (Actos que causan danos o que tienen la intención de causar danos a las personas) es compatible con el marco del delito. Las exclusiones de 2043 no descartan el delito CNP, ya que no se menciona ninguna situación que coincida con las exclusiones aplicables.",
12141,Infracción al estatuto de capacitación y empleo,Fingir inscripción en el Registro Nacional de OTEC y ejercer actos propios de tales organismos; percibir indebidamente alguno de los beneficios contemplado en los programas desarrollados con cargo al Fondo Nacional de Capacitación.,INFRACCIÓN A OTROS TEXTOS LEGALES,808,Actos contrarios al derecho laboral,alta,"El delito CNP se relaciona con la falsificación de inscripción en el Registro Nacional de OTEC y la percepción indebida de beneficios, lo cual se enmarca en el derecho laboral. El código ICCS 808 abarca actos contrarios al derecho laboral, incluyendo el fraude y engaño en el ámbito laboral, lo cual es compatible con la descripción del delito. No se aplican exclusiones que descarten este código.",
12142,Infracción en el otorgamiento prestaciones de salud,Obtener beneficios de salud sin ser beneficiario y simulando engaño; Obtener mayores beneficios a los que le corresponden; Cooperare o facilitar la comisión de estos delitos,INFRACCIÓN A OTROS TEXTOS LEGALES,701,Fraude,alta,"El delito CNP se centra en obtener beneficios de salud mediante engaño o simulación, lo cual se alinea con la definición de fraude en el ICCS 701, que abarca la obtención de beneficios mediante medios engañosos o conducta deshonesta. No se aplican exclusiones que descarten este delito.",
12143,Transporte o distribución de gas e instalaciones clandestinas,"Obstruir o deteriorar redes de transporte o de distribución de gas, o interrumpir tales servicios; mantener instalaciones clandestinas o conexiones directas o ejecutar otra acción destinada a sustraer gas; intervenir o modificar el medidor para alterar sus lecturas; practicar la reposición ilícita del suministro.",INFRACCIÓN A OTROS TEXTOS LEGALES,NINGUNO,,alta,"El delito CNP se refiere a la obstrucción o deterioro de redes de transporte o distribución de gas, instalaciones clandestinas, conexiones directas, intervención o modificación de medidores. Ningún candidato ICCS aborda directamente el transporte o distribución de gas como móvil del delito. Los candidatos relacionados con tabaco, drogas o productos ilícitos no son relevantes. El código 704 se refiere a bienes obtenidos de delitos, lo cual no se ajusta al móvil del delito descrito. El código 8042 aborda actos contrarios a disposiciones comerciales, lo cual tampoco se ajusta al móvil del delito. Por lo tanto, no hay un código ICCS que se ajuste al móvil del delito descrito.",
12144,Interrupción de servicio eléctrico,"Cortar los conductores de electricidad, arrancar o destruir postes o ejecutar algún otro acto tendiente a interrumpir el servicio eléctrico.",INFRACCIÓN A OTROS TEXTOS LEGALES,504,Daños a la propiedad,alta,"El delito CNP (interrupción de servicio eléctrico) se ajusta a la descripción de daños a la propiedad en el ICCS 504, que incluye actos como sabotaje y destrucción intencional de bienes. La interrupción del servicio eléctrico mediante actos como cortar conductores o destruir postes se clasifica como daño a la propiedad, lo cual se incluye en la sección ICCS 504. No se aplica la exclusión de daño a sistemas informáticos (0903) ni de daño al medio ambiente (10), ya que el delito no implica daño a sistemas informáticos ni al medio ambiente.",Robo en inmuebles con fuerza en las cosas (0501); el daño a sistemas o datos informáticos se codifica como un acto contra sistemas informáticos (0903); matar o hacer daño a animales (10091); daño al medio ambiente (10)
12145,Loteos irregulares,"Castiga al propietario, loteador o urbanizador que realice cualquier clase de actos o contratos que tengan por finalidad última o inmediata la transferencia del dominio irregularmente, como ventas, promesas de venta, reservas de sitios, adjudicaciones en lote o constitución de comunidades o sociedades tendientes a la formación de nuevas poblaciones.",INFRACCIÓN A OTROS TEXTOS LEGALES,509,Otros actos contra la propiedad solamente,alta,"El delito CNP 12145 se refiere a loteos irregulares, que implican actos de transferencia de dominio irregularmente. El código ICCS 509 abarca otros actos contra la propiedad solamente, que incluyen adquisición ilícita de viviendas o terrenos, lo cual se alinea con la naturaleza del delito CNP. No se aplica la exclusión de daños a la propiedad (0504) ni de hurto (0502), ya que el delito CNP no implica sustracción física de bienes, sino transferencia irregular de dominio.",Daños a la propiedad (0504); adquisición ilícita de viviendas o terrenos (incluido en inclusiones)
12146,Infracción a la Ley Orgánica Constitucional sobre Votaciones Populares y Escrutinios,Castigan los diversos delitos y faltas contemplados en la Ley Orgánica Constitucional de Votaciones Populares y Escrutinios.,INFRACCIÓN A OTROS TEXTOS LEGALES,8071,Actos encaminados a influir indebidamente en los votantes en elecciones,alta,"El delito CNP se refiere a infracciones en el contexto de votaciones populares y escrutinios, lo cual se alinea con el código ICCS 8071 que abarca actos encaminados a influir indebidamente en los votantes en elecciones. La descripción del delito CNP incluye conductas que buscan afectar el proceso electoral, lo cual se refleja en la inclusión de 'compra de votos' y 'coacción del voto' en el código ICCS 8071. No hay exclusiones que descarten este código en relación con el delito CNP.",
12147,Ejercicio irregular de martillero público,"Sanciona a quien realice actividades de martillero con infracción a la Ley, al martillero que viole las prohibiciones legales y a la persona que se concierte con éste último.",INFRACCIÓN A OTROS TEXTOS LEGALES,8019,Otros actos contrarios a las normas de conducta orientadas al mantenimiento del orden público,alta,"El delito CNP se relaciona con la violación de normas legales específicas, lo que lo sitúa dentro de la categoría de actos contrarios a normas de conducta orientadas al mantenimiento del orden público. El código ICCS 8019 abarca actos contrarios a normas de conducta orientadas al mantenimiento del orden público no descritos en otras categorías, lo cual se ajusta al delito descrito. No se aplican exclusiones relevantes que descarten este código.",
12148,Infracciones a la Ley de Seguridad Nuclear,Sanciona a quien infringe las disposiciones legales y reglamentarias sobre seguridad y protección nuclear.,INFRACCIÓN A OTROS TEXTOS LEGALES,90113,"Posesión o uso ilícitos de materiales químicos, biológicos o radiactivos",alta,"El delito CNP se refiere a la infracción de disposiciones sobre seguridad nuclear, lo que se alinea con la posesión o uso ilícitos de materiales radiactivos en el ICCS 90113. La nota menciona que la posesión ilegal incluye actos conexos tipificados en instrumentos contra el terrorismo, lo cual es compatible con el contexto del delito. No hay exclusiones que descarten este candidato.",
12149,Desacato,Castiga a quien quebrantare lo ordenado cumplir por un tribunal.,INFRACCIÓN A OTROS TEXTOS LEGALES,8062,Incumplimiento de órdenes judiciales,alta,"El delito CNP 12149 (Desacato) se describe como la violación de órdenes judiciales, lo cual coincide directamente con la glosa de 8062 (Incumplimiento de órdenes judiciales). Además, la inclusión de 'desacato' en el ICCS 8062 confirma que este es el código más preciso. No hay exclusiones que descarten este delito.",
12150,Uso ilícito del fuego,"Castiga al que emplee el fuego en contravención a lo establecido en el artículo 17 del Decreto 4363 (Ley de Bosques) y su respectivo reglamento. Asimismo, sanciona al que rozare a fuego infringiendo lo dispuesto en el artículo precedente y en el reglamento que menciona dicha disposición y a consecuencia de ello destruyere bosques, mieses, pastos, montes, cierros, plantíos, ganados, construcciones u otros bienes pertenecientes a terceros. Sanciona al que emplee el fuego, en contravención a las disposiciones del Decreto 4363 (Ley de Bosques) y sus reglamentos, y siempre que de ello no se haya seguido incendio. Castiga al que rozare a fuego infringiendo las disposiciones legales y reglamentarias y a consecuencia de ello destruyere bosques, mieses, pastos, montes, cierros, plantíos o formaciones xerofíticas de aquellas definidas en la Ley Nº 20.283, ganado, construcciones u otros bienes pertenecientes a terceros o afectare gravemente el patrimonio forestal del país. Sanciona al que encienda fuego o lo utilice fuentes de calor en las Áreas Silvestres Protegidas en todos aquellos lugares no autorizados y señalizados por la autoridad a cuyo cargo se encuentre la administración de las mismas. Castiga al que por imprudencia o negligencia en el uso del fuego u otras fuentes de calor en zonas rurales o terrenos urbanos o semi urbanos destinados al uso público, provoque incendio que cause daño en los bienes a que alude el inciso segundo del artículo 22 del Decreto 4363 (Ley de Bosques).",INFRACCIÓN A OTROS TEXTOS LEGALES,1009,Otros actos contra el entorno natural,alta,"El delito CNP se relaciona con el uso ilícito del fuego en áreas protegidas y zonas rurales, causando daño al entorno natural. El código ICCS 1009 abarca otros actos contra el entorno natural no descritos en otras categorías, lo que lo hace compatible con el móvil del delito. Las exclusiones aplicadas descartan otros códigos como 10041 (tala ilegal) y 5049 (daños a bienes), ya que el móvil principal es la destrucción del entorno natural, no la propiedad.",Aplicar todas las exclusiones enumeradas en 1001 a 1008
12151,Uso malicioso de medios de pago u obtención maliciosa de devoluciones.  Art. 7° letras a) y b) Ley 20.009,,INFRACCIÓN A OTROS TEXTOS LEGALES,70212,Falsificación de medios de pago distintos del efectivo,alta,"El delito CNP se refiere al uso malicioso de medios de pago u obtención maliciosa de devoluciones, lo cual se alinea con la falsificación de medios de pago distintos del efectivo (70212), ya que ambos involucran el uso fraudulento de medios de pago. Además, el código 70212 excluye la falsificación de medios de pago en efectivo (70211), lo cual no es aplicable en este caso.",Falsificación de medios de pago en efectivo (070211)
12152,Delitos de la Ley 17.322 sobre cotizaciones,"Sanciona al que en perjuicio del trabajador o de sus derechohabientes se apropiare o distrajere el dinero proveniente de las cotizaciones que se hubiere descontado de la remuneración del trabajador. Sanciona al empleador que, sin el consentimiento del trabajador, omita retener o enterar las cotizaciones previsionales de un trabajador o declare ante las instituciones de seguridad social pagarle una renta imponible o bruta menor a la real, disminuyendo el monto de las cotizaciones que debe descontar y enterar. La conducta será sancionada igualmente, si el consentimiento del trabajador ha sido obtenido por el empleador con abuso grave de su situación de necesidad, inexperiencia o incapacidad de discernimiento.",INFRACCIÓN A OTROS TEXTOS LEGALES,808,Actos contrarios al derecho laboral,alta,"El delito CNP se relaciona con el derecho laboral, específicamente con la violación de obligaciones laborales del empleador hacia el trabajador. El código ICCS 808 abarca actos delictivos contrarios al derecho laboral, lo cual incluye delitos relacionados con el empleo, salario mínimo, trabajo infantil, traslado arbitrario del empleo y despido arbitrario, que son precisamente los aspectos cubiertos por el delito CNP. Además, las exclusiones de 808 no aplican al caso.",
12153,Infracciones a la seguridad social,"Percibir indebidamente el subsidio, ocultando datos, proporcionando antecedentes falsos, o recibiendo un subsidio doble sin tener derecho para hacerlo. Sanciona a los directores, gerentes, apoderados, liquidadores u operadores de mesa de dinero de una Administradora de Fondos de Pensiones que, poseyendo información privilegiada de aquélla que trata el Título XXI de la ley N° 18.045 en razón de su cargo o posición, recomendaren a otro la realización de las operaciones a que se refiere la letra a) del inciso primero del artículo 159.Está prohibido valerse, directa o indirectamente, en beneficio propio o de terceros, de la información a que tengan acceso en el desempeño de esta función, durante el lapso que dure la reserva establecida en el inciso primero del artículo 109 del DL 3.500.",INFRACCIÓN A OTROS TEXTOS LEGALES,7033,Abuso de funciones,alta,"El delito CNP se centra en el uso indebido de información privilegiada para obtener beneficios, lo que se alinea con el abuso de funciones descrito en el ICCS 7033. El movil del delito es el aprovechamiento de la posición para obtener beneficios indebidos, lo cual se refleja en la definición de abuso de funciones. No se aplican exclusiones que descarten este código.",
12154,Daños o apropiación sobre monumentos nacionales Art. 38-38 bis Ley 17.288,,INFRACCIÓN A OTROS TEXTOS LEGALES,8049,Otros actos contra la administración pública o contra disposiciones regulatorias,alta,"El delito CNP se refiere a daños o apropiación sobre monumentos nacionales, lo que se alinea con la inclusión de 'daño o destrucción de monumentos culturales' en el código ICCS 8049. Además, el código 8049 se encuentra en la sección de actos contra el orden público, la autoridad y las disposiciones del Estado, lo cual es compatible con el marco jurídico del delito CNP.",
12155,Infracción en la utilización de gas como combustible en vehículos,"Se refiere a quien adapte clandestinamente vehículos motorizados al uso de gas, esto es, sin autorización del Ministerio de Transportes y Telecomunicaciones.",INFRACCIÓN A OTROS TEXTOS LEGALES,907,Infracciones de tráfico no lesivas,alta,"El delito CNP se refiere a una infracción en la utilización de gas como combustible en vehículos, lo cual no implica daño a personas ni intención de causar daño. El código ICCS 907 abarca infracciones de tráfico no lesivas, que incluyen delitos relacionados con la matriculación, conducción, registro o inspecciones técnicas de vehículos, lo cual se alinea con la descripción del delito CNP. No se aplican exclusiones que descarten este código.",
12156,"Acceso, divulgación y uso indebido de información genética con ocasión de tratamiento de ADN",Se refiere a quienes que intervienen en los procesos de registro de ADN en razón de su cargo permitan a otros el acceso a registros o exámenes o los divulguen o usen indebidamente.,INFRACCIÓN A OTROS TEXTOS LEGALES,903,Actos contra sistemas informáticos,alta,"El delito CNP se refiere al acceso, divulgación y uso indebido de información genética en el contexto de registros de ADN, lo cual se alinea con el acceso, interceptación o uso indebido de datos informáticos descrito en el ICCS 903. Las exclusiones de ICCS 903 no aplican al delito CNP, ya que no se trata de pornografía infantil, robo de programas o fraude con sistemas informáticos.",
12157,Obstrucción a la justicia con ocasión de tratamiento de ADN,"Se refiere al que alterare las muestras biológicas objeto de examen de ADN, o falseare el resultado o mintiera en el informe pericial o adulterare el contenido. O bien el que elimine o altere huellas genéticas o de sus datos asociados en el Sistema de Registros de ADN.",INFRACCIÓN A OTROS TEXTOS LEGALES,8061,Obstrucción de la justicia,alta,"El delito CNP se refiere a la obstrucción a la justicia mediante alteración de muestras biológicas o falsificación de resultados periciales, lo cual se alinea con la definición de 'Obstrucción de la justicia' en el ICCS 8061. Este código incluye la alteración o falsificación de pruebas, que coincide con la descripción del delito nacional. No se aplican exclusiones que descarten este código.",
12158,Delitos de la Ley de Sociedades Anónimas,"Sanciona a los directores, gerentes, administradores o ejecutivos principales de una sociedad anónima que en la memoria, balances u otros documentos destinados a los socios, a terceros o a la Administración, exigidos por ley o por la reglamentación aplicable, que deban reflejar la situación legal, económica y financiera de la sociedad, dieren o aprobaren dar información falsa sobre aspectos relevantes para conocer el patrimonio y la situación financiera o jurídica de la sociedad; A quienes lleven la contabilidad de la sociedad, o los peritos, auditores externos o inspectores de cuenta ajenos a la sociedad, que colaboraren al hecho descrito precedentemente.",INFRACCIÓN A OTROS TEXTOS LEGALES,701,Fraude,alta,"El delito CNP se centra en la entrega de información falsa en documentos de una sociedad anónima, lo que se alinea con el fraude descrito en el ICCS 701, que abarca obtención de beneficios o evasión de responsabilidades mediante medios engañosos o conducta deshonesta. La inclusión de 'contabilidad falsa' en el ICCS 701 también refuerza esta coincidencia.",fraude electoral (08079); enriquecimiento ilícito (07035)
12159,Delitos contenidos en Leyes de Prenda Especiales,Delitos previstos en la nueva Ley de prenda sin desplazamiento incorporada por la Ley 20.190 y en la Ley 18.690 sobre almacenes generales de depósito.,INFRACCIÓN A OTROS TEXTOS LEGALES,1102,Actos contrarios a las leyes u otras disposiciones sobre menores,alta,"El delito CNP se refiere a infracciones previstas en leyes especiales sobre prenda y almacenes generales de depósito, lo cual se alinea con el ICCS 1102 que abarca actos contrarios a leyes u otras disposiciones sobre menores. Aunque no se menciona directamente menores, la sección y la glosa del ICCS 1102 son más relevantes para delitos que se basan en normas legales específicas, lo cual coincide con la familia del delito CNP (INFRACCIÓN A OTROS TEXTOS LEGALES).",
12160,Fraudulenta atribución de la calidad de indígena,"Sanciona a quien, atribuyéndose la calidad indígena sin serlo, obtenga algún beneficio económico que la Ley 19.253 consagra sólo para los indígenas.",INFRACCIÓN A OTROS TEXTOS LEGALES,701,Fraude,alta,"El delito CNP se caracteriza por la atribución fraudulenta de la calidad de indígena para obtener beneficios económicos, lo cual se alinea con la definición de fraude en el ICCS 701, que abarca la obtención de beneficios mediante medios engañosos o conducta deshonesta. No se aplican exclusiones que descarten este delito.",
12161,Infracción a la Ley sobre Genoma Humano,Clonar o iniciar un proceso de clonación de seres humanos y realizar cualquier procedimiento eugenésico. Violar la reserva de la información sobre el genoma humano. Falsificar el acta de consentimiento de investigación científica en ser humano. Usar un acta de consentimiento de investigación científica en ser humano falsa.,INFRACCIÓN A OTROS TEXTOS LEGALES,2119,Otras transgresiones contra las personas,alta,"El delito CNP se centra en la violación de la intimidad y la privación de la autonomía individual, lo que se alinea con la definición de 'Otras transgresiones contra las personas' en el ICCS 2119. La intención del delito es intrusión ilícita en la intimidad, lo que corresponde al movil del delito descrito en la sección ICCS 0211. No se aplican exclusiones que descarten este candidato.",
12162,Incumplimiento malicioso en el pago pensiones alimenticias,,INFRACCIÓN A OTROS TEXTOS LEGALES,804,Actos contrarios a las disposiciones relativas a los ingresos públicos u otras disposiciones regulatorias,alta,"El delito CNP se refiere al incumplimiento malicioso en el pago de pensiones alimenticias, lo cual se relaciona con actos contra disposiciones regulatorias. El código ICCS 804 abarca actos contra disposiciones relativas a los ingresos públicos u otras disposiciones regulatorias, lo que se ajusta al marco legal del delito. No se aplican exclusiones que descarten este código.",
12163,Delitos relativos al pago de pensiones alimenticias,"El demandado por pensión de alimentos que oculte su fuente de ingreso, que presente documentos falsos para acreditar fuente de ingreso o incluya datos inexactos u omita información relevante en la declaración jurada exigida por el art. 5.",INFRACCIÓN A OTROS TEXTOS LEGALES,7023,Actos de falsificación de documentos,alta,"El delito CNP implica la presentación de documentos falsos o información inexacta para ocultar ingresos, lo que se alinea con la falsificación de documentos en el ICCS 7023. No se aplican exclusiones que descarten este código, ya que el delito no se encauza en la utilización de documentos de identidad alterados (excluido en 7023) ni en otros casos mencionados.",
12170,Delitos contra la Ley de Bosque Nativo,Cualquier delito que se origine en la infracción de esta Ley.,INFRACCIÓN A OTROS TEXTOS LEGALES,1009,Otros actos contra el entorno natural,alta,"El delito CNP se relaciona con la infracción de la Ley de Bosque Nativo, lo que se alinea con el código ICCS 1009, que abarca actos ilícitos que pueden causar daño al entorno natural. La sección ICCS correspondiente (Actos contra el entorno natural) es compatible con el marco del delito. Además, las exclusiones de 1009 no descartan el delito CNP, ya que este no se ajusta a las exclusiones mencionadas (como actos lesivos de naturaleza sexual o hurto de mascotas).",
12171,"Fabricación, acopio o comercialización de hilo curado","Castiga al que fabrique, acopie o comercialice hilo curado",INFRACCIÓN A OTROS TEXTOS LEGALES,60222,"Producción, tráfico o distribución ilícitos de productos de tabaco",alta,"El delito CNP se refiere a la fabricación, acopio o comercialización de hilo curado, lo cual se relaciona con la producción y distribución ilícitos de productos de tabaco, según la glosa y descripción del código ICCS 60222. No hay exclusiones que descarten este código para el delito descrito.",
12172,"Uso, facilitación o transporte de hilo curado","Castiga a quien utilice, transporte o facilite el uso de hilo curado y a quien a sabiendas, infrinja lo dispuesto en los artículos 2º  y 3º de la Ley 20700, respecto al uso y fabricación de hilo de competencia y la actividad del volantinismo.",INFRACCIÓN A OTROS TEXTOS LEGALES,60229,"Otros actos ilícitos de producción, manipulación, posesión o uso de productos de tabaco",alta,"El delito CNP se refiere al uso, facilitación o transporte de hilo curado, lo cual se relaciona con la producción, manipulación o posesión de productos de tabaco. El código ICCS 60229 abarca estos actos ilícitos de producción, manipulación, posesión o uso de productos de tabaco, que no están descritos en otras categorías. No hay exclusiones que descarten este código en relación con el delito CNP.",
12173,Asociación ilícita,"Sanciona a los que se asociaren u organizaren con el objeto de ocultar o disimular el origen ilícito de determinados bienes, a sabiendas de que provienen, directa o indirectamente, de la perpetración de hechos constitutivos de alguno de los delitos contemplados en la Ley Nº 19.366, que sanciona el tráfico ilícito de estupefacientes y sustancias psicotrópicas; en la Ley Nº 18.314, que determina las conductas terroristas y fija su penalidad; en el artículo 10 de la Ley Nº 17.798, sobre control de armas; en el Título XI de la Ley Nº18.045, sobre mercado de valores; en el Título XVII del decreto con fuerza de Ley Nº 3, de 1997, del Ministerio de Hacienda, Ley General de Bancos; en los Párrafos 4, 5, 6, 9 y 9 bis del Título V del Libro II del Código Penal y, en los artículos 141, 142, 366 quáter, 367, 411 bis, 411 ter, 411 quáter y 411 quinquies del Código Penal; o bien, a sabiendas de dicho origen, oculte o disimule estos bienes. Asimismo, castiga a las personas que adquieran, posean, tengan o usen los referidos bienes, con ánimo de lucro, cuando al momento de recibirlos se ha conocido su origen ilícito.",INFRACCIÓN A OTROS TEXTOS LEGALES,7049,Otros actos relacionados con el producto del delito,alta,"El delito CNP se centra en la ocultación o disimulación de bienes provenientes de delitos, lo cual se alinea con la definición de 7049, que abarca la recepción, manipulación o procesamiento de dinero o bienes derivados de un delito. Además, las exclusiones de 7049 no descartan el delito CNP, ya que no mencionan casos específicos que coincidan con la descripción del CNP.",
12174,Lavado de dinero persona jurídica,"Sanciona a la persona jurídica que (en relación al artículo 1° de la Ley 20.393), oculte o disimule de cualquier forma el origen ilícito de determinados bienes, a sabiendas de que provienen, directa o indirectamente, de la perpetración de hechos constitutivos de delitos; o bien, ocultar o disimular estos bienes. Adquirir, poseer, tener o usar los referidos bienes, con ánimo de lucro, cuando al momento de recibirlos ha conocido su origen ilícito. Desconocer el autor de las conductas descritas precedentemente, el origen ilicitito de los bienes por negligencia inexcusable. Si los bienes provienen de un hecho realizado en el extranjero, que sea punible en su lugar de comisión y en Chile constituya alguno de los delitos señalados precedente. Se entiende por bienes los objetos de cualquier clase apreciables en dinero, corporales o incorporales, muebles o inmuebles, tangibles o intangibles, como asimismo los documentos o instrumentos legales que acreditan la propiedad u otros derechos sobre los mismos. Hechos constitutivos: Delitos contemplados en la ley Nº 20.000, que Sanciona el tráfico ilícito de estupefacientes y sustancias psicotrópicas; en la ley Nº 18.314, que Determina conductas terroristas y fija su penalidad; en el artículo 10 de la ley Nº 17.798, sobre Control de Armas; en el Título XI de la ley Nº 18.045, sobre Mercado de Valores; en el inciso primero del artículo 39 y en el Título XVII del decreto con fuerza de ley Nº 3, de 1997, del Ministerio de Hacienda, Ley General de Bancos; en los artículos 168, en relación con el artículo 178 números 2 y 3; 168 bis y 169, todos del decreto con fuerza de ley Nº 30, de 2004, del Ministerio de Hacienda, que aprueba el texto refundido, coordinado y sistematizado del decreto con fuerza de ley Nº 213, de 1953, del Ministerio de Hacienda, sobre Ordenanza de Aduanas; en el inciso segundo del artículo 81 de la ley Nº 17.336, sobre Propiedad Intelectual; en los artículos 59 y 64 de la ley Nº 18.840, orgánica constitucional del Banco Central de Chile; en el Título I de la ley 21.459, que Establece normas sobre delitos informáticos, deroga la ley N° 19.223 y modifica otros cuerpos legales con el objeto de adecuarlos al Convenio de Budapest; en el párrafo tercero del número 4º del artículo 97 del Código Tributario y en los números 8 y 9 del mismo artículo respecto de los delitos contemplados en los Párrafos 4 bis y IV ter del Título IX del Libro II del Código Penal; en los Párrafos 4, 5, 6, 9 y 9 bis del Título V y 10 del Título VI, todos del Libro II del Código Penal; en los artículos 141, 142, 367, 367 quáter, 367 septies, 411 bis, 411 ter, 411 quáter, 411 quinquies, y en los artículos 467 número 1 del inciso primero e inciso final, 468 y 470, numerales 1°, 8° y 11, en relación con el referido número 1 del inciso primero y con su inciso final del artículo 467, todos del Código Penal; en las letras f) y h) del artículo 7 de la ley Nº 20.009; en los artículos 305, 306, 307, 308 y 310, en relación con los números 2 y 5 del artículo 305, todos del Código Penal; en los artículos 139, 139 bis y 139 ter de la ley N° 18.892, General de Pesca y Acuicultura; en los artículos 30 y 31 de la ley N° 19.473; en el artículo 21 del decreto N° 4.363, de 1931, del Ministerio de Tierras y Colonización, que aprueba texto definitivo de la Ley de Bosques; en el artículo 11 de la ley Nº 20.962, que aplica Convención sobre el Comercio Internacional de Especies Amenazadas de Flora y Fauna Silvestre; o bien, a sabiendas de dicho origen, oculte o disimule estos bienes.",INFRACCIÓN A OTROS TEXTOS LEGALES,7041,Blanqueo de dinero,alta,"El delito CNP se enfoca en la ocultación o disimulación del origen ilícito de bienes, así como en la adquisición, posesión o uso de bienes con conocimiento de su origen ilícito. La glosa de 7041 coincide directamente con esta descripción, y su inclusión abarca la conversión o transferencia de bienes con el propósito de ocultar su origen ilícito, lo cual es central en el delito CNP. No se aplican exclusiones que descarten este código.",
12175,Infracción al deber de información de la Ley 19.913,"Sanciona a quienes, estando obligados a informar o a mantener reserva de ella, informen al afectado o a terceras personas, la circunstancia de haberse requerido o remitido información a la Unidad de Análisis Financiero, como asimismo, proporcionarles cualquier otro antecedente al respecto, y a aquellos que maliciosamente destruyan, alteren u oculten los antecedentes o documentos que deban entregar, o entreguen antecedentes o documentos falsos.",INFRACCIÓN A OTROS TEXTOS LEGALES,701,Fraude,alta,"El delito CNP implica la divulgación de información sensible a la Unidad de Análisis Financiero, lo cual puede considerarse como un acto de engaño o fraude, ya que se trata de una acción que busca ocultar información o manipular la percepción de la situación. La sección ICCS 701 (Fraude) abarca actos de engaño o conducta deshonesta para obtener beneficios o evadir responsabilidades, lo cual se alinea con el móvil del delito descrito. Además, las exclusiones de 701 no aplican al caso, ya que no se trata de obtención de dinero sin conducta deshonesta ni de insolvencia fraudulenta.",
12180,Revelación de información obtenida en aplicación monitoreo telemático,"Sanciona a quien revelare indebidamente la información obtenida en la aplicación del sistema de monitoreo telemático, conocida en razón de su cargo",INFRACCIÓN A OTROS TEXTOS LEGALES,9033,Interceptación o acceso ilícitos a datos informáticos,alta,"El delito CNP se refiere a la revelación de información obtenida en el monitoreo telemático, lo cual se alinea con la interceptación o acceso ilícitos a datos informáticos descrito en el ICCS 9033. No se aplican exclusiones que descarten este código.",
12181,Inutilización de dispositivo para monitoreo telemático,"Sanciona al sujeto afecto al sistema de control de monitoreo que dolosamente arrancare, destruyere, hiciere desaparecer o, en general, inutilizare de cualquier forma el dispositivo (Tobillera o sus accesorios).",INFRACCIÓN A OTROS TEXTOS LEGALES,9032,Injerencia ilícita en sistemas o datos informáticos,alta,"El delito CNP se enfoca en la inutilización de dispositivos de monitoreo telemático, lo cual se alinea con la injerencia ilícita en sistemas o datos informáticos (ICCS 9032), ya que implica alterar o dañar dispositivos o datos informáticos sin autorización. Las inclusiones de ICCS 9032 coinciden con la descripción del delito, y no hay exclusiones que descarten este código en relación al delito descrito.",
12182,Daños a monumentos nacionales,Causar daño o afectar de cualquier modo la integridad de un monumento nacional.,INFRACCIÓN A OTROS TEXTOS LEGALES,8049,Otros actos contra la administración pública o contra disposiciones regulatorias,alta,"El delito CNP (Daños a monumentos nacionales) se ajusta a la inclusión de 'daño o destrucción de monumentos culturales' en el código ICCS 8049. Este código abarca actos contra la administración pública o disposiciones regulatorias, lo cual incluye daños a monumentos nacionales. No hay exclusiones que descarten este delito en este código.",
12183,Apropiación de monumentos nacionales,"Apropiarse de un monumento nacional en forma de usurpación, robo, hurto o receptación.",INFRACCIÓN A OTROS TEXTOS LEGALES,8049,Otros actos contra la administración pública o contra disposiciones regulatorias,alta,"El delito CNP (apropiación de monumentos nacionales) se relaciona con actos contra la administración pública o disposiciones regulatorias, lo cual se alinea con la sección ICCS 8049. La glosa del ICCS 8049 incluye 'daño o destrucción de monumentos culturales', lo cual es directamente relevante. Además, la exclusión de 'aplicar todas las exclusiones enumeradas en 0804' no descarta el delito CNP, ya que no se menciona como exclusión específica.",
12184,Conducción bajo la influencia del alcohol causando lesiones graves gravísimas,"Castiga la conducción, operación o desempeño ejecutados bajo la influencia del alcohol causando lesiones gravísimas.",LEY DE TRÁNSITO,20721,Utilización de un vehículo bajo los efectos del alcohol,alta,"El delito CNP se refiere a la conducción bajo influencia del alcohol que causa lesiones graves. El código ICCS 20721 aborda la utilización de un vehículo bajo los efectos del alcohol y menciona lesiones corporales, lo cual coincide con el móvil del delito. No hay exclusiones que descarten este código para el caso descrito.",
12185,Conducción bajo la influencia del alcohol causando muerte,"Castiga la conducción, operación o desempeño ejecutados bajo la influencia del alcohol causando muerte.",LEY DE TRÁNSITO,10321,Homicidio por tránsito vehicular,alta,"El delito CNP se ajusta a la definición de 'Homicidio por tránsito vehicular' en el ICCS 10321, que abarca la muerte causada por conducción peligrosa o negligente bajo la influencia del alcohol. Las exclusiones no descartan este delito, ya que el caso sí implica la muerte como consecuencia de la conducción bajo influencia del alcohol.",
12186,Comercialización o distribución de señal protegida de televisión,Sanciona la comercialización y distribución de señal protegida de televisión y/o dispositivos destinados a su decodificación.,INFRACCIÓN A OTROS TEXTOS LEGALES,803,Actos relacionados con la libertad de expresión o el control de la expresión,alta,"El delito CNP se relaciona con la restricción de la libertad de expresión al comercializar señales protegidas de televisión, lo cual se alinea con la glosa de 803. Las exclusiones no descartan este delito, y la sección ICCS es compatible con el marco jurídico del delito.",
12187,Fraudes en transacciones electrónicas,,INFRACCIÓN A OTROS TEXTOS LEGALES,7011,Fraude financiero,alta,"El delito CNP se refiere a fraude en transacciones electrónicas, lo cual se alinea directamente con el fraude financiero descrito en el código ICCS 7011. Este código incluye transacciones financieras como cuentas bancarias, tarjetas de crédito y sistemas bancarios en línea, lo cual es relevante para el fraude electrónico. No hay exclusiones que descarten este delito en este código.",
12188,Obtención simulada o engañosa de beneficios para cuidadores de niños o niñas durante la pandemia del Covid-19,"Sanciona a los trabajadores al cuidado personal de niños o niñas, que obtuvieren mediante simulación o engaño complementos y/o prestaciones a los beneficios otorgados por la ley y quienes de igual forma, obtuvieren un beneficio mayor al que les corresponda, y  a quienes faciliten los medios para la comisión de tales delitos.",INFRACCIÓN A OTROS TEXTOS LEGALES,701,Fraude,alta,"El delito CNP se centra en la obtención simulada o engañosa de beneficios, lo que se alinea directamente con la definición de fraude en el ICCS 701. La sección ICCS correspondiente (Actos que conllevan fraude, engaño o corrupción) también coincide con el marco jurídico del delito. No se aplican exclusiones que descarten este código para el delito descrito.",
12189,Uso malicioso de recetas médicas digitales,Sanciona el uso malicioso de recetas presentadas en forma digital y la adquisición maliciosa de medicamentos con recetas digitales.,INFRACCIÓN A OTROS TEXTOS LEGALES,6019,Otros actos ilícitos relacionados con drogas o precursores sujetos a fiscalización,alta,"El delito CNP se refiere al uso malicioso de recetas médicas digitales, lo que se alinea con la inclusión de 'emisión, manipulación o venta de recetas médicas falsificadas o alteradas' en el código ICCS 6019. No se aplica la exclusión de delitos aduaneros ni de importación/exportación, ya que el delito no implica tráfico de drogas ni precursores.",Delitos de importación o exportación (08042); delitos aduaneros (08041)
12190,Acuerdos abusivos del directorio de S.A,"Sanciona al que prevaliéndose de su posición mayoritaria en el directorio de una sociedad anónima adoptaren un acuerdo abusivo, para beneficiarse o beneficiar económicamente a otro, en perjuicio de los demás socios y sin que el acuerdo reporte un beneficio a la sociedad.",INFRACCIÓN A OTROS TEXTOS LEGALES,8042,Actos contrarios a disposiciones comerciales o financieras,alta,"El delito CNP se relaciona con acuerdos abusivos en el directorio de una sociedad anónima, lo que puede considerarse como un acto contrario a disposiciones comerciales o financieras. El código ICCS 8042 abarca delitos empresariales, incluyendo aquellos relacionados con la competencia, lo que se alinea con el contexto del delito descrito. Además, las exclusiones de 8042 no aplican al caso, ya que el delito no se relaciona con corrupción, fraude o actos contra la salud.",
12200,Delitos de la Ley 18.450 sobre riego o drenaje,"Sanciona al que, con el propósito de acogerse a la bonificación fijada en la Ley Nº18.450, que aprueba normas para el fomento de la Inversión Privada en Obras de Riego y Drenaje, proporcione antecedentes falsos o adulterados.",INFRACCIÓN A OTROS TEXTOS LEGALES,702,Falsificación,alta,"El delito CNP se enfoca en la falsificación de antecedentes para obtener beneficios bajo una ley específica, lo que se alinea con la definición de falsificación en el ICCS 702. No se aplican exclusiones que descarten este código.",
12201,"Uso malicioso de tarjeta, clave o dispositivo financiero","Se sanciona al que use maliciosamente una tarjeta de pago o clave y demás credenciales de seguridad o autenticación, bloqueadas para realizar pagos, transacciones electrónicas, giros en cajeros automáticos, o cualquier otra operación que corresponda exclusivamente al titular o usuario de ellas. Asimismo, se sanciona al que obtenga maliciosamente, para sí o para un tercero, la cancelación indebida de los cargos o la restitución indebida de fondos a que se refiere el artículo 5 de la Ley 20.099, sea proporcionando datos o antecedentes falsos en la declaración jurada, desconociendo falsamente una o más operaciones con medios de pago de su titularidad, simulando la existencia de operaciones no autorizadas, provocándolas intencionalmente, o presentándolas ante el emisor como ocurridas por causas o en circunstancias distintas a las verdaderas.",INFRACCIÓN A OTROS TEXTOS LEGALES,7011,Fraude financiero,alta,"El delito CNP se centra en el uso malicioso de tarjetas y credenciales de pago, lo que se alinea con el fraude financiero descrito en el ICCS 7011. El movil del delito es el engaño para obtener beneficios económicos, lo cual coincide con la definición de fraude financiero. No se aplican exclusiones que descarten este código.",
12202,Obtención maliciosa o restitución de los fondos de operaciones reclamadas,"Se sanciona al que use maliciosamente una tarjeta de pago o clave y demás credenciales de seguridad o autenticación, bloqueadas para realizar pagos, transacciones electrónicas, giros en cajeros automáticos, o cualquier otra operación que corresponda exclusivamente al titular o usuario de ellas.",INFRACCIÓN A OTROS TEXTOS LEGALES,7011,Fraude financiero,alta,"El delito CNP se describe como el uso malicioso de credenciales de seguridad para realizar transacciones electrónicas, lo que se alinea directamente con el fraude financiero descrito en el ICCS 7011. Este código incluye el uso de tarjetas de pago, cheques, y sistemas bancarios en línea, lo cual coincide con la descripción del delito. No hay exclusiones que descarten este código en relación con el delito CNP.",
12203,Empleo de violencia innecesaria,"El militar que, con motivo de ejecutar alguna orden superior o en el ejercicio de funciones militares, empleare o hiciere emplear, sin motivo racional, violencias innecesarias para la ejecución de los actos que debe practicar.",INFRACCIÓN A OTROS TEXTOS LEGALES,110139,Otros crímenes de guerra,alta,"El delito CNP describe el uso de violencia innecesaria por parte de un militar en el ejercicio de sus funciones, lo cual se alinea con la inclusión del ICCS 110139 que menciona el uso de armas o métodos de guerra que causan daños superfluos o sufrimientos innecesarios. No hay exclusiones que descarten este delito.",
12999,Delitos contemplados en otros textos legales,Otros delitos de Leyes no codificadas,INFRACCIÓN A OTROS TEXTOS LEGALES,1109,Otros actos delictivos no clasificados en otra parte,alta,"El delito CNP se describe como 'Otros delitos de Leyes no codificadas', lo cual se alinea con la glosa de 1109 que abarca 'actos que se consideren delitos y se definan en el derecho nacional y no estén descritos ni clasificados en las categorías 1101 y 1102'. No hay exclusiones que descarten este candidato, y la sección ICCS es compatible con delitos no clasificados en otras categorías.",
13001,Lesiones leves,"Se castiga como falta. Son aquéllas que en concepto del tribunal, no se hallaren comprendidas en el artículo 399 del Código Penal (es decir, que no corresponda considerarlas lesiones menos graves) atendidas la calidad de las personas y circunstancias del hecho.",CONTRA LAS PERSONAS,20112,Agresión leve,alta,"El delito CNP 13001 (Lesiones leves) se describe como aplicación de fuerza física que no provoca heridas ni lesiones corporales leves, lo que coincide con la definición de 'Agresión leve' en el ICCS 20112. Además, el ICCS 20112 incluye conductas como bofetadas, golpes, empujones, que son consistentes con la glosa del delito CNP. No se aplica la exclusión de 'Amenaza de infligir lesiones corporales leves' (020122) ya que el delito CNP no implica amenaza, sino aplicación de fuerza física.",Amenaza de infligir lesiones corporales leves (020122)
13002,Faltas Código Penal conocidas por juzgados del crimen,,FALTAS,704,Actos relacionados con el producto del delito,alta,"El delito CNP 13002 se clasifica como 'Faltas Código Penal conocidas por juzgados del crimen', lo que sugiere un acto que no alcanza el nivel de delito grave, pero que tiene relación con el sistema de justicia. El código ICCS 704 corresponde a 'Actos relacionados con el producto del delito', que incluye la recepción, manipulación o procesamiento de bienes obtenidos de la comisión de un delito. Este código es compatible con el marco legal del CNP, ya que se refiere a actos que involucran el producto del delito, sin embargo, la exclusión menciona que el delito cometido para obtener los bienes o el dinero no se codifica en este nivel. Aunque no se especifica el delito cometido, la glosa del CNP sugiere que se trata de un acto relacionado con el sistema de justicia, lo que lo hace compatible con el código 704.",El delito cometido para obtener los bienes o el dinero no se codifica en este nivel
13005,Consumo y otras faltas Ley de Drogas,,FALTAS,60211,Posesión o uso ilícitos de productos alcohólicos,alta,"El delito CNP se refiere al consumo y otras faltas de drogas, lo que se alinea con la glosa de 60211 que abarca la posesión o uso ilícitos de productos alcohólicos para consumo personal. La exclusión menciona infracciones relacionadas con el consumo o la venta de alcohol a menores, pero el delito CNP no menciona menores, por lo que no se descarta. La sección ICCS es compatible con el marco de drogas sujetas a fiscalización.",Infracciones relacionadas con el consumo o la venta de alcohol a menores (11021)
13016,Infracción a la Ley Electoral,,FALTAS,8079,Otros actos relacionados con las elecciones democráticas,alta,"El delito CNP (Infracción a la Ley Electoral) se relaciona con actos que afectan el proceso electoral, lo cual se alinea con la glosa de 8079. La sección ICCS es compatible (Actos contra el orden público, la autoridad y las disposiciones del Estado). Además, las inclusiones de 8079 mencionan 'violación de las leyes de financiación de campañas electorales' y 'manipulación ilícita del proceso democrático durante períodos electorales', lo que se ajusta al delito descrito. No se aplican exclusiones que descarten el delito CNP.",
13017,Infracción a la Ley 16.643 de Abusos de Publicidad,,FALTAS,60219,"Otros actos ilícitos de producción, manipulación, posesión o uso de productos alcohólicos",alta,"El delito CNP 13017 se refiere a la infracción a la Ley 16.643 de Abusos de Publicidad, lo cual se relaciona con la promoción o publicidad ilícita de productos alcohólicos, que es una inclusión del código ICCS 60219. Este código abarca precisamente los actos ilícitos de promoción de productos alcohólicos, lo que coincide con el móvil del delito descrito.",
13018,Violencia en los estadios,,INFRACCIÓN A OTROS TEXTOS LEGALES,8011,Delitos relacionados con la alteración violenta del orden público,alta,"El delito CNP 13018 (Violencia en los estadios) se relaciona con la alteración violenta del orden público, lo cual coincide con la descripción del código ICCS 8011. Además, la inclusión de 'comportamiento violento en competiciones deportivas' en el código ICCS 8011 lo hace especialmente relevante. No se aplican exclusiones que descarten este código.",
13021,Ofensas al pudor,Castiga a quien públicamente ofendiere el pudor con acciones o dichos deshonestos.,FALTAS,8029,Otros actos contrarios a las normas de conducta sexual orientadas al mantenimiento del orden público,alta,"El delito CNP 13021 se relaciona con ofensas al pudor, lo que se alinea con el código ICCS 8029, que abarca actos contrarios a las normas de conducta sexual orientadas al mantenimiento del orden público. La descripción del delito incluye acciones o dichos deshonestos que ofenden el pudor, lo cual se encauza en el marco de normas de conducta sexual. No se aplican exclusiones que descarten este código.",
13022,Disensiones domésticas,Castiga al cónyuge que escandalizare con sus disensiones domésticas después de haber sido amonestado por la autoridad.,FALTAS,809,"Otros actos contra el orden público, la autoridad y las disposiciones del Estado",alta,"El delito CNP se refiere a disensiones domésticas que escandalizan después de una amonestación, lo que se ajusta a actos contra el orden público, la autoridad y las disposiciones del Estado. La inclusión de 'disposiciones penales relacionadas con el derecho de familia' en el código ICCS 809 lo hace relevante. No se aplican exclusiones que descarten este delito.",
13023,Alterar el orden público,Contravenir las reglas que dictare la autoridad para conservar el orden público o evitar que éste se altere.,FALTAS,8012,Actos relacionados con las normas y preceptos sociales y religiosos orientados al mantenimiento del orden público,alta,"El delito CNP se describe como alterar el orden público, lo cual coincide con la glosa de 8012 que menciona actos relacionados con normas y preceptos sociales y religiosos orientados al mantenimiento del orden público. Además, la inclusión de 'alteración del orden público' en 8012 confirma la pertinencia. No hay exclusiones que descarten el delito CNP en este código.",
13024,Ocultación de identidad,,FALTAS,7019,Otros actos de fraude,alta,"La glosa 'Ocultación de identidad' se alinea con la descripción de 'Otros actos de fraude' en el ICCS 7019, que incluye la suplantación y el robo de identidad. El delito CNP se enmarca en el marco de fraude y engaño, y no se descarta por exclusiones. El código 7019 es más preciso que 701, ya que el fraude general (701) no abarca específicamente la ocultación de identidad.",
13025,Dejar animales sueltos,Castiga al dueño de animales dañinos que los dejare sueltos o en disposición de causar mal en las poblaciones.,FALTAS,10091,Actos contra los animales,alta,"El delito CNP 'Dejar animales sueltos' se relaciona con el tratamiento o cría ilegal de animales, lo cual se describe en la glosa del código ICCS 10091. Además, la sección ICCS 'Actos contra el entorno natural' es compatible con el marco del delito. No se aplican exclusiones que descarten este código.",
13026,Arrojamiento de piedras u otros objetos,"Sanciona a quien tirare piedras u otros objetos arrojadizos en parajes públicos, con riesgo de los transeúntes, o lo hiciere a las casas o edificios, en perjuicio de los mismos o con peligro de las personas.",FALTAS,2079,Otros actos peligrosos,alta,"El delito CNP se caracteriza por el arrojamiento de objetos con riesgo para personas, lo que se ajusta a la definición de acto peligroso en el ICCS 2079. Este código abarca comportamientos que pueden causar lesiones o daños, tal como se define en la nota 72. No se aplican exclusiones que descarten este delito.",
13027,Daño (falta),Castiga a quien cause daño por un valor que no excede una unidad tributaria mensual en bienes públicos o de propiedad privada,FALTAS,5041,Daños a bienes públicos,alta,"El delito CNP 13027 se refiere a daño a bienes públicos o privados, lo cual coincide con la glosa de 5041 (Daños a bienes públicos). La sección ICCS es compatible (Actos contra la propiedad solamente). La exclusión 0504 menciona que no se aplica a daños a bienes públicos, lo cual no descarta el delito CNP, ya que el delito CNP se refiere específicamente a daños a bienes públicos, no a daños a bienes privados. La nota 96 del ICCS 5041 también define bienes públicos como los de propiedad del gobierno, lo cual se alinea con el delito CNP.",
13028,Hurto (falta),"Castiga a quien se apropia de cosa mueble ajena sin mediar fuerza en las cosas ni violencia en las personas, siempre que el delito se refiera a valores que no excedan de media unidad tributaria mensual.",FALTAS,502,Hurto,alta,"El delito CNP describe un hurto sin violencia ni amenaza, lo que coincide con la definición de hurto en el ICCS 502. No hay elementos de violencia o amenaza que lo clasifiquen como robo (401). Las exclusiones del ICCS 502 no descartan el delito CNP, ya que el hurto descrito no entra en las exclusiones como robo o daños a la propiedad.",
13030,Amenaza con arma (falta),Castiga a quien amenazare a otro con armas blancas o de fuego y a quien riñendo con otro las sacare.,FALTAS,2012,Amenaza,alta,"El delito CNP se describe como amenaza con armas blancas o de fuego, lo que se alinea con la definición de 'Amenaza' en el ICCS 2012, que abarca cualquier tipo de amenaza con intención de causar daños. Las exclusiones del ICCS 2012 no descartan el delito CNP, ya que no se menciona amenaza para exigir un curso de acción determinado o amenaza a funcionarios.",
13031,Falta de respeto a la autoridad pública,El particular que faltare el respecto a la autoridad pública.,FALTAS,809,"Otros actos contra el orden público, la autoridad y las disposiciones del Estado",alta,"El delito CNP (Falta de respeto a la autoridad pública) se alinea con la glosa de 809, que incluye insulto al Estado, autoridades y símbolos estatales. La sección ICCS es compatible, y no hay exclusiones que descarten este delito. La glosa del CNP se ajusta a la inclusión de 'insulto al soberano, el Estado, la nación o los símbolos del Estado' en 809.",
13032,"Malversación, defraudación e incendio por menos de 1 UTM",Sin descripción 2023,FALTAS,7032,Malversación o peculado,alta,"El delito CNP 13032 se refiere a malversación, defraudación e incendio por menos de 1 UTM. El código ICCS 7032 corresponde a malversación o peculado, lo cual se alinea directamente con la definición del delito nacional. Además, las inclusiones de 7032 mencionan malversación o peculado en el sector público y privado, lo que se ajusta al delito descrito. No se aplican exclusiones que descarten este código.",
13033,Riña pública,Riña en público sin armas.,FALTAS,8011,Delitos relacionados con la alteración violenta del orden público,alta,"El delito CNP (Riña pública) se ajusta a la definición de 'Delitos relacionados con la alteración violenta del orden público' en el ICCS 8011, que incluye riña y altercado público. No se aplican exclusiones que descarten este delito, ya que no implica uso de armas ni conductas sexuales.",
13034,Infracción a reglamento de carruajes públicos o particulares,,FALTAS,907,Infracciones de tráfico no lesivas,alta,"El delito CNP se refiere a una infracción a reglamentos de carruajes, lo que corresponde a una infracción de tráfico no lesiva, descrita en el ICCS 907. No hay consecuencias graves como lesiones o muerte, lo que lo excluye de 10321 y 2063. Las exclusiones de 2063 y 10321 no aplican aquí, ya que no hay negligencia que cause daños a personas.",
13035,Desórdenes en espectáculos públicos,El que asistiendo a un espectáculo público provocare algún desorden o tomare parte en él,FALTAS,8012,Actos relacionados con las normas y preceptos sociales y religiosos orientados al mantenimiento del orden público,alta,"El delito CNP se refiere a provocar desorden en espectáculos públicos, lo cual se alinea con el ICCS 8012 que abarca actos contrarios a normas sociales y religiosas orientadas al mantenimiento del orden público. Las inclusiones como 'desorden público' y 'perturbación de la tranquilidad pública' coinciden directamente con la descripción del delito CNP. No se aplican exclusiones que descarten este código.",
13036,Lesiones leves 494 nº 5 Código Penal,,FALTAS,20112,Agresión leve,alta,"El delito CNP describe lesiones leves causadas por aplicación intencional o imprudente de fuerza física, lo que coincide con la definición de 'Agresión leve' en el ICCS 20112. La nota 81 del ICCS 20112 menciona que la fuerza física leve incluye golpes, bofetadas, etc., que pueden causar lesiones leves, lo que se alinea con el delito CNP. No hay exclusión que descarte este candidato.",
13037,Caza y pesca con violencia,El que con violencia en las cosas entrare a cazar o pescar en lugar abierto contra expresa prohibición intimada personalmente.,FALTAS,10042,"Caza, pesca o recolección ilegales de fauna y flora silvestres",alta,"El delito CNP se centra en la caza y pesca con violencia en lugar abierto contra prohibición, lo que se alinea con la glosa de 10042 que menciona caza, pesca o recolección ilegales de fauna y flora silvestres. No hay exclusiones que descarten este delito en relación con el código ICCS elegido.",
13038,Ganado que entra a predio ajeno causando daños,Sanciona al dueño de ganados que entraren en heredad ajena cerrada y causaren daño.,FALTAS,504,Daños a la propiedad,alta,"El delito CNP se refiere a daños causados a la propiedad por ganado que entra a un predio ajeno. El código ICCS 504 corresponde a daños a la propiedad, lo cual es compatible con el móvil del delito, que es causar daños a la propiedad. No hay exclusiones que descarten este código para el caso descrito.",
13049,Obstrucción a la investigación de delito o infracción de la Ley de Violencia en los Estadios,Negativa injustificada de toda persona natural o jurídica a entregar información o antecedes que permitan identificar a los responsables de una infracción o delito que se haya producido con motivo u ocasión de la realización de un espectáculo de fútbol profesional o hecho o actividad conexa al mismo.,INFRACCIÓN A OTROS TEXTOS LEGALES,8061,Obstrucción de la justicia,alta,"El delito CNP se relaciona con la negativa injustificada de entregar información para identificar responsables de infracciones en contextos de eventos deportivos. Esto se alinea con la definición de 'Obstrucción de la justicia' en el ICCS 8061, que abarca actos encaminados a obstaculizar procedimientos de justicia, incluyendo la negativa a colaborar. No se aplican exclusiones que descarten este código.",
13050,Lesiones a las personas o daño a la propiedad con motivo u ocasión de un espectáculo de fútbol profesional,"Causar, con motivo u ocasión de un espectáculo de fútbol profesional, dentro del recinto deportivo o en sus inmediaciones, o en el desarrollo de hechos o circunstancias conexas, de acuerdo a lo previsto en el inciso segundo del artículo 1º, lesiones a las personas o daños a la propiedad.",INFRACCIÓN A OTROS TEXTOS LEGALES,207,Actos peligrosos,alta,"El delito CNP implica causar lesiones a personas con motivo de un espectáculo de fútbol, lo que se alinea con el concepto de actos peligrosos que pueden causar daño. La sección ICCS correspondiente (Actos que causan danos o que tienen la intención de causar danos a las personas) es compatible. Además, la nota 72 del ICCS 207 define un acto peligroso como aquel que puede causar o es probable que cause lesiones, lo cual se ajusta al delito descrito.",Actos o comportamientos peligrosos que causen la muerte (01); Lesiones corporales provocadas por un acto negligente (0206)
13051,Otros delitos sobre Ley 19.327 sobre Violencia en los Estadios,"Se refiere a cometer cualquiera de las figuras de los Arts. 12 inciso segundo, 14, 16 letra b) párrafo segundo, 16 letra b) párrafo séptimo y 17 de la Ley 19.327.",INFRACCIÓN A OTROS TEXTOS LEGALES,8011,Delitos relacionados con la alteración violenta del orden público,alta,"El delito CNP se refiere a conductas violentas en contextos de estadios, que se ajustan a la inclusión de 'comportamiento violento en competiciones deportivas' en el código ICCS 8011. No se aplican exclusiones que descarten este delito, ya que no se trata de actos que no sean contrarios al orden público.",
13052,Ocultación de identidad en control investigativo,"Castiga a quien ocultare su verdadero nombre y apellido a la autoridad o a persona que tenga derecho a exigir que los manifieste, o se negare a manifestarlos o diere domicilio falso, en el marco de un control de identidad investigativo realizado en conformidad al art. 85 del CPP.",FALTAS,7019,Otros actos de fraude,alta,"El delito CNP se centra en la ocultación de identidad durante un control investigativo, lo que se alinea con la definición de 'robo de identidad' incluida en la glosa de 7019. Este código abarca la suplantación y la representación engañosa de la identidad, lo cual coincide con el móvil del delito descrito. No se aplican exclusiones que descarten este código.",
13053,Ocultación de identidad en control preventivo,"Castiga a quien ocultare su verdadero nombre y apellido a la autoridad o a persona que tenga derecho a exigir que los manifieste, o se negare a manifestarlos o diere domicilio falso, en el marco de un control de identidad preventivo realizado en conformidad al art. 12 Ley 20.931; Carabineros de Chile, en el marco de sus labores de supervigilancia de las normas de la ley N° 18.290, del Tránsito, podrá realizar controles preventivos de los ocupantes de un vehículo motorizado. En el ejercicio de esta facultad, los funcionarios policiales podrán realizar registros al interior de los maleteros o portaequipajes del respectivo vehículo o en uno de tracción animal y se sancionará a quien impida u obstaculice la realización del registro.",FALTAS,7019,Otros actos de fraude,alta,"El delito CNP se relaciona con la ocultación de identidad, lo que se alinea con la glosa de 7019 (Otros actos de fraude), que incluye la ocultación o destrucción de dinero, suplantación y robo de identidad. No se aplica ninguna exclusión relevante para este delito.",
13096,Dirigir reuniones tumultuosas,El que excitare o dirigiere reuniones tumultuosas en ofensa de alguna persona o del sosiego de las poblaciones.,FALTAS,8019,Otros actos contrarios a las normas de conducta orientadas al mantenimiento del orden público,alta,"El delito CNP se relaciona con la organización de reuniones tumultuosas, lo que se alinea con la inclusión de 'organización de una reunión no autorizada' en el código ICCS 8019. La sección ICCS corresponde al orden público, lo que es compatible con el marco del delito. No se aplican exclusiones relevantes.",
13097,Otras faltas Código Penal,Incluye aquellas faltas establecidas en el Código Penal y que no están contempladas en ningún otro código de la clasificación.,FALTAS,1109,Otros actos delictivos no clasificados en otra parte,alta,"El delito CNP 13097 se describe como 'Otras faltas Código Penal' que no están contempladas en ningún otro código. El código ICCS 1109 corresponde a 'Otros actos delictivos no clasificados en otra parte', lo cual se ajusta a la definición del delito CNP. No hay exclusiones que descarten este código para el delito descrito.",
13098,Otras faltas leyes especiales,,FALTAS,1109,Otros actos delictivos no clasificados en otra parte,alta,"El delito CNP se describe como 'Otras faltas leyes especiales' sin especificar el móvil ni consecuencias. El código ICCS 1109 se refiere a 'Otros actos delictivos no clasificados en otra parte', lo cual es compatible con la falta de especificación del móvil y la naturaleza general del delito. No se aplican exclusiones que descarten este código.",
13099,Otros que no dan motivo a ingreso de sumario,,FALTAS,1109,Otros actos delictivos no clasificados en otra parte,alta,"El delito CNP se describe como 'Otros que no dan motivo a ingreso de sumario', lo que sugiere un delito leve o formal, sin intención grave. El código ICCS 1109 se refiere a 'Otros actos delictivos no clasificados en otra parte', lo cual es compatible con la naturaleza general del delito descrito. No hay exclusiones que descarten este código en relación con el delito CNP.",
13100,Impedir ejercicio de funciones a inspectores municipales,El que impidiere el ejercicio de las funciones fiscalizadoras de los inspectores municipales.,FALTAS,7033,Abuso de funciones,alta,"El delito CNP (Impedir ejercicio de funciones a inspectores municipales) se ajusta al concepto de 'Abuso de funciones' en el ICCS 7033, que abarca la realización u omisión de un acto en violación de la ley por parte de un funcionario público en el ejercicio de sus funciones. La sección ICCS correspondiente (Actos que conllevan fraude, engaño o corrupción) es compatible con el marco legal del delito. No se aplican exclusiones que descarten este candidato.",
13101,Transporte de desechos a vertederos clandestinos,"Sanciona a la persona que encarga o realiza el transporte, traslado o depósito de desechos tóxicos, peligrosos o infecciosos, en cualquier tipo de vehículo.",FALTAS,1002,Actos relacionados con el traslado o vertimiento de desechos,alta,"El delito CNP se refiere al transporte de desechos tóxicos, peligrosos o infecciosos a vertederos clandestinos, lo cual se alinea con la definición de 'actos relacionados con el traslado o vertimiento ilícitos de desechos' en el ICCS 1002. La sección 'Actos contra el entorno natural' es compatible con el marco del delito, y no se aplican exclusiones que descarten este código.",
13103,Perro potencialmente peligroso no inscrito,Sanciona a los dueños de mascotas o animales de compañía o de animales potencialmente peligrosos de la especie canina deberán inscribirlos en el respectivo registro.,FALTAS,10032,Comercio o posesión de especies animales prohibidas o controladas,alta,"El delito CNP se relaciona con la inscripción de animales potencialmente peligrosos, lo que se alinea con la inclusión de 'posesión de animales peligrosos o controlados' en el código ICCS 10032. La sección ICCS 'Actos contra el entorno natural' es compatible con el marco del delito, que involucra la protección del entorno y la seguridad pública. No se aplican exclusiones que descarten este código.",
13104,"Arrojar basura o desechos en playas, parques nacionales u otros","Sanciona al que ensuciare, arrojare o abandonare basura, materiales o desechos de cualquier índole en playas, riberas de ríos o de lagos, parques nacionales, reservas nacionales, monumentos naturales o en otras áreas de conservación de la biodiversidad declaradas bajo protección oficial.",FALTAS,10021,Actos relacionados con el traslado o vertimiento de desechos dentro de las fronteras nacionales,alta,"El delito CNP se refiere al arrojo de basura en áreas protegidas, lo cual se alinea con el traslado o vertimiento ilícito de desechos dentro de las fronteras nacionales descrito en 10021. La sección ICCS es compatible (Actos contra el entorno natural), y no hay exclusiones que descarten este delito.",
13105,Impedir acceso a playas,"Sanciona con multa al propietario, arrendatario, tenedor u ocupante de un terreno colindante con playas de mar, ríos o lagos, que cierre o impida u obstaculice de algún modo el acceso gratuito a éstos, para fines turísticos y de pesca, cuando no existan otras vías o caminos públicos al efecto.",FALTAS,202,Actos contra la libertad,alta,"El delito CNP se centra en impedir el acceso a playas, lo cual se relaciona con limitar la libertad de movimiento de personas. El código ICCS 202 aborda actos que limitan la libertad de una persona, lo cual es compatible con el móvil del delito. No se aplican exclusiones relevantes que descarten este código.",
13106,No informar domicilio por delitos sexuales (NNA),"Sanciona a quien infringe la obligación de los ascendientes, guardadores, maestros y otras personas que ejerzan autoridad o encargo, informar a Carabineros cada tres meses su domicilio actual. Impone pena de multa al infractor.",FALTAS,802,Actos contrarios a las normas de conducta sexual orientadas al mantenimiento del orden público,alta,"El delito CNP se relaciona con la obligación de informar el domicilio, lo cual no implica conducta sexual ni violencia, por lo que no se ajusta a las categorías de violencia sexual (301) ni explotación sexual (302). Sin embargo, se ajusta a los actos contrarios a las normas de conducta sexual orientadas al mantenimiento del orden público (802), ya que el delito se enfoca en la falta de cumplimiento de una norma que busca proteger la seguridad pública. Además, las exclusiones de 802 no aplican al delito CNP, ya que no se trata de actos lesivos de naturaleza sexual ni de prostitución.",
14001,Conducción estado de ebriedad con resultado de muerte o lesiones graves gravísimas,,LEY DE TRÁNSITO,10321,Homicidio por tránsito vehicular,alta,"El delito CNP involucra conducción bajo efectos del alcohol con resultado de muerte o lesiones graves. El código ICCS 10321 (Homicidio por tránsito vehicular) incluye causar la muerte debido a infracciones de normas de seguridad del tránsito, incluyendo el uso de alcohol. No hay exclusiones que descarten este código para el caso descrito.",
14002,Conducción estado de ebriedad con resultado de lesiones graves o menos graves,,LEY DE TRÁNSITO,20721,Utilización de un vehículo bajo los efectos del alcohol,alta,"El delito CNP se refiere a la conducción bajo los efectos del alcohol con resultado de lesiones, lo cual se alinea directamente con la glosa de 20721 que menciona la utilización de un vehículo bajo los efectos del alcohol y lesiones corporales. Además, la sección ICCS (Actos que causan danos o que tienen la intencion de causar danos a las personas) es compatible con el marco del delito. No se aplican exclusiones que descarten este código para el delito descrito.",
14003,Conducción estado de ebriedad con resultado de daños,,LEY DE TRÁNSITO,20721,Utilización de un vehículo bajo los efectos del alcohol,alta,"El delito CNP se refiere a la conducción bajo los efectos del alcohol con resultado de daños. El código ICCS 20721 corresponde a la utilización de un vehículo bajo los efectos del alcohol y menciona explícitamente la posibilidad de infligir lesiones, lo cual se alinea con el movil del delito. No hay exclusiones que descarten este código para el caso descrito.",
14004,Conducción estado de ebriedad con suspensión de licencia,"Sanciona la conducción, operación o desempeño fueren ejecutados en estado de ebriedad, o bajo la influencia de sustancias estupefacientes o sicotrópicas sea que no se ocasione daño alguno, o que con ello se causen daños materiales o lesiones leves. Se entiende lesión leve, para estos efectos, las lesiones que produzcan enfermedad o incapacidad por un tiempo no mayor de siete días. Asimismo, sanciona al conductor condenado con la suspensión o inhabilitación para conducir vehículos de tracción mecánica o animal, y fuere sorprendido conduciendo un vehículo durante la vigencia de la sanción impuesta.",LEY DE TRÁNSITO,2072,Utilización de un vehículo bajo los efectos de sustancias psicoactivas,alta,"El delito CNP se refiere a la conducción en estado de ebriedad o bajo influencia de sustancias, lo cual se alinea con la glosa de 2072 que abarca la utilización de un vehículo bajo los efectos de sustancias psicoactivas. La sección ICCS es compatible, y las exclusiones no descartan el delito.",
14005,Negativa a efectuarse examen,"Sanciona la negativa injustificada de un conductor a someterse a las pruebas respiratorias u otros exámenes científicos destinados a establecer la presencia de alcohol o de sustancias estupefacientes o psicotrópicas en el cuerpo, previstos en el artículo 182 de la misma Ley.",LEY DE TRÁNSITO,2072,Utilización de un vehículo bajo los efectos de sustancias psicoactivas,alta,"El delito CNP se refiere a la negativa a someterse a exámenes para detectar alcohol o sustancias psicoactivas, lo cual se alinea con la descripción de 2072 que abarca la utilización de un vehículo bajo los efectos de sustancias psicoactivas. Aunque no menciona explícitamente la negativa al examen, el marco legal y el movimiento del delito (evadir controles) son compatibles. Las exclusiones de 2072 no aplican al delito CNP.",
14006,Conducción estado ebriedad con resultado de muerte,"Sanciona la conducción, operación o desempeño de vehículos motorizados que fueren ejecutados en estado de ebriedad, o bajo la influencia de sustancias estupefacientes o sicotrópicas y que cause la muerte de otro.",LEY DE TRÁNSITO,10321,Homicidio por tránsito vehicular,alta,"El delito CNP involucra conducción bajo influencia de sustancias psicoactivas que causa la muerte. El código ICCS 10321 corresponde a 'Homicidio por tránsito vehicular', que incluye la muerte causada por conducción peligrosa o infracciones de normas de seguridad del tránsito, lo cual se alinea con el móvil del delito. No se descarta por exclusiones, ya que el código no excluye el caso de muerte como consecuencia.",
14007,Conducción estado ebriedad con resultado de lesiones graves gravísimas,"Sanciona la conducción, operación o desempeño de vehículos motorizados que fueren ejecutados en estado de ebriedad, o bajo la influencia de sustancias estupefacientes o sicotrópicas y que cause lesiones graves gravísimas.",LEY DE TRÁNSITO,20721,Utilización de un vehículo bajo los efectos del alcohol,alta,"El delito CNP se centra en la conducción bajo efectos del alcohol que causa lesiones graves. El código ICCS 20721 aborda específicamente la utilización de un vehículo bajo los efectos del alcohol y lesiones corporales, lo cual coincide con el móvil del delito. No se aplican exclusiones que descarten este código.",
14008,Conducción estado de ebriedad con resultado de lesiones graves,"Sanciona la conducción, operación o desempeño, de vehículos motorizados que causaren lesiones graves",LEY DE TRÁNSITO,20721,Utilización de un vehículo bajo los efectos del alcohol,alta,"El delito CNP se refiere a la conducción bajo efectos del alcohol que causan lesiones graves. El código ICCS 20721 corresponde a la utilización de un vehículo bajo los efectos del alcohol y lesiones corporales, lo que coincide con el móvil del delito. No se aplican exclusiones que descarten este código.",
14009,Conducción estado ebriedad con resultado de lesiones menos graves,"Sanciona la conducción, operación o desempeño, de vehículos motorizados que causaren lesiones menos graves.",LEY DE TRÁNSITO,20721,Utilización de un vehículo bajo los efectos del alcohol,alta,"El delito CNP se refiere a la conducción bajo los efectos del alcohol que causan lesiones menos graves. El código ICCS 20721 corresponde a la utilización de un vehículo bajo los efectos del alcohol y lesiones corporales, lo que coincide con el móvil del delito. No hay exclusiones que descarten este código para el caso descrito.",
14020,Cuasidelito vehículo motorizado,"Sanciona la conducción, operación o desempeño negligentes o con imprudencia temeraria, de vehículos motorizados, que causaren lesiones o muerte.",LEY DE TRÁNSITO,2063,Negligencia relacionada con la conducción de un vehículo,alta,"El delito CNP se refiere a la conducción negligente o con imprudencia temeraria de vehículos motorizados que causan lesiones o muerte. El código ICCS 2063 aborda la negligencia relacionada con la conducción de un vehículo, lo cual coincide con el móvil del delito. Además, las exclusiones del código 2063 no descartan el delito CNP, ya que este no se ajusta a las exclusiones como la negligencia criminal de operadores profesionales o la muerte por negligencia.","Negligencia criminal de pilotos, capitanes de barcos y otros operadores profesionales de vehículos (02062); utilización de un vehículo bajo los efectos de sustancias psicoactivas (02072); causar la muerte de una persona por conducir de forma negligente (010321); aplicar todas las exclusiones enumeradas en 0206"
14021,Marcharse del sitio del suceso sin prestar auxilio a la víctima,"Incumplir la obligación de detener la marcha, prestar ayuda y dar cuenta a la autoridad de todo accidente en que se produzcan lesiones o muerte.",LEY DE TRÁNSITO,2069,Otros actos de negligencia,alta,"El delito CNP se refiere a la omisión de prestar auxilio a una víctima, lo cual se incluye en la glosa de 2069 como 'otros actos de negligencia'. La sección ICCS corresponde a actos que causan daños o tienen intención de causar daños a las personas, lo que se alinea con el móvil del delito, que es la negligencia. No se menciona muerte ni lesiones graves, lo que descarta candidatos como 10321 y 1032. La exclusión de 2069 no aplica al delito CNP.",
14022,Ocultamiento de placa patente,"Conducir, a sabiendas, un vehículo con placa patente ocultada o alterada o utilice, a sabiendas, una placa patente falsa o que corresponda a otro vehículo.",LEY DE TRÁNSITO,7023,Actos de falsificación de documentos,alta,"El delito CNP se relaciona con la ocultación de placa patente, lo que se ajusta a la falsificación de documentos (7023), ya que implica alterar o usar una placa falsa. No se aplica la exclusión de falsificación de documentos (702) ni de productos falsificados (7022) debido a que la placa patente no es un producto comercial, sino un documento de identificación vehicular. La sección ICCS 7023 es compatible con el marco legal del delito.","utilización de visas o pasaportes alterados o falsificados para entrar ilegalmente en un Estado (0805); copia, utilización o reproducción ilegal u otras violaciones del derecho de autor, patentes, marcas de fábrica o de comercio u otros tipos de propiedad intelectual (0503)"
14050,Otros delitos contra la ley de alcoholes,,LEY DE TRÁNSITO,602,"Actos ilícitos relacionados con bebidas alcohólicas, tabaco u otras sustancias sujetas a fiscalización",alta,"El delito CNP 14050 se relaciona con otros delitos contra la ley de alcoholes, lo que lo sitúa dentro de la sección ICCS de actos relacionados con drogas sujetas a fiscalización. El código ICCS 602 abarca manipulación, posesión o uso ilícitos de productos alcohólicos, tabaco u otras sustancias sujetas a fiscalización, lo cual es compatible con el delito nacional. Además, las exclusiones aplicadas descartan otros candidatos como 11021 (menores) y 20721 (conducción bajo efectos del alcohol), que no son relevantes para el delito descrito.",Infracciones relacionadas con el consumo o la venta de alcohol o tabaco a menores (11021); aplicar todas las exclusiones enumeradas en 06021
14051,Ebriedad,,LEY DE TRÁNSITO,2072,Utilización de un vehículo bajo los efectos de sustancias psicoactivas,alta,"El delito CNP 14051 (Ebriedad) se relaciona con la conducción bajo los efectos de sustancias psicoactivas, lo cual coincide con la glosa de 2072. La sección ICCS es compatible (Actos que causan danos o que tienen la intención de causar danos a las personas). No se menciona en las exclusiones que el delito CNP sea descartado por este código.",
14052,Conducción estado de ebriedad con o sin daños o lesiones leves,"Castiga la conducción, operación o desempeño ejecutados bajo estado de ebriedad, o bajo la influencia de sustancias estupefacientes o sicotrópicas causando daños o lesiones leves.",LEY DE TRÁNSITO,20721,Utilización de un vehículo bajo los efectos del alcohol,alta,"El delito CNP se refiere a la conducción bajo estado de ebriedad, lo cual se alinea directamente con la glosa de 20721. La sección ICCS es compatible (Actos que causan danos o que tienen la intención de causar danos a las personas), y no hay exclusiones que descarten este código para el delito descrito.",
14053,Expendio de bebidas alcohólicas,,LEY DE TRÁNSITO,60212,"Producción, tráfico o distribución ilícitos de productos alcohólicos",alta,"El delito CNP se refiere a la expedición de bebidas alcohólicas, lo cual se alinea con la producción, tráfico o distribución ilícitos de productos alcohólicos descrito en el código ICCS 60212. No se aplican exclusiones que descarten este delito.",
14054,Consumo de bebidas alcohólicas en la vía pública,,LEY DE TRÁNSITO,602,"Actos ilícitos relacionados con bebidas alcohólicas, tabaco u otras sustancias sujetas a fiscalización",alta,"El delito CNP (Consumo de bebidas alcohólicas en la vía pública) se relaciona con el uso ilícito de bebidas alcohólicas, lo cual se incluye en la glosa de 602. Además, la sección ICCS (Actos relacionados con drogas sujetas a fiscalización u otras sustancias psicoactivas) es compatible con el marco legal del delito. Las exclusiones de 602 no descartan el delito CNP, ya que no mencionan el consumo en la vía pública como exclusión.",
14055,Reclamo de clausura,,LEY DE TRÁNSITO,907,Infracciones de tráfico no lesivas,alta,"El delito CNP 'Reclamo de clausura' pertenece a la familia 'LEY DE TRÁNSITO', lo que sugiere una infracción relacionada con el tránsito. El código ICCS 907 corresponde a 'Infracciones de tráfico no lesivas', que incluye actos delictivos cometidos por una persona tipificados en el código y las reglas del tránsito que no provocan lesiones o muerte. Esto se alinea con el movil del delito, que no implica daño físico a terceros. Además, las exclusiones de 907 no aplican al delito descrito, ya que no se menciona lesiones ni muerte.",
14056,Atentado a vehículo motorizado en circulación con objeto contundente u otro semejante,"Atentar contra un vehículo motorizado se encuentre o no en circulación, apedreándolo o arrojándole otros objetos contundentes o inflamables o por cualquier otro medio semejante.",LEY DE TRÁNSITO,40121,Robo de automóviles o vehículos,alta,"El delito CNP describe atentar contra un vehículo motorizado con objetos contundentes o inflamables, lo que se alinea con el robo de automóviles o vehículos (40121), ya que ambos implican actos contra la propiedad con violencia o amenaza de violencia. Las exclusiones de 40121 no aplican al delito CNP, ya que no se trata de un robo sino de un atentado contra el vehículo.",
14057,Conducir vehículo durante la vigencia de alguna sanción impuesta,"Castiga al que conduce vehículo de tracción animal o mecánica, habiendo sido condenado a suspensión o inhabilitación perpetua para conducir durante la vigencia de la sanción impuesta.",LEY DE TRÁNSITO,907,Infracciones de tráfico no lesivas,alta,"El delito CNP se relaciona con la conducción durante la vigencia de una sanción, lo cual se clasifica como una infracción de tránsito no lesiva, según la inclusión del código 907. No hay consecuencias de lesiones o muerte, lo que lo excluye de otros códigos como 2063 o 10321.",Negligencia relacionada con la conducción de un vehículo (02063); utilización de un vehículo bajo los efectos de sustancias psicoactivas (02072); atropello con fuga que cause daños a la propiedad (0504); atropello con fuga que cause lesiones corporales (02063)
14060,Otros delitos contra la Ley de Tránsito,Sin descripción,LEY DE TRÁNSITO,907,Infracciones de tráfico no lesivas,alta,"El delito CNP corresponde a 'Otros delitos contra la Ley de Tránsito' sin descripción específica, lo que lo sitúa dentro de las 'Infracciones de tráfico no lesivas' del ICCS 907, que incluye actos delictivos relacionados con el tránsito que no provocan lesiones o muerte. Además, las exclusiones del ICCS 907 descartan casos con lesiones o muerte, lo cual no aplica en este delito.","Lesiones corporales o posibilidad de infligir lesiones corporales a una persona debido al comportamiento negligente, irresponsable o descuidado de otra persona mientras se tiene el control de un vehículo (02063); utilización de un vehículo bajo los efectos de sustancias psicoactivas (02072); atropello con fuga que cause daños a la propiedad (0504); atropello con fuga que cause lesiones corporales (02063)"
14062,Falsificación medios de pago de transportes. Art. 196 quáter Ley 18.290,Sanciona al que falsifique instrumentos o dispositivos de pago de acreditación y/o rebaja de tarifas u otros beneficios de los servicios de transporte público remunerado de pasajeros.,LEY DE TRÁNSITO,70212,Falsificación de medios de pago distintos del efectivo,alta,"El delito CNP se refiere a la falsificación de medios de pago distintos del efectivo, como tarjetas de transporte, que se alinea directamente con la glosa de 70212. La inclusión de medios de pago distintos del efectivo, como tarjetas de transporte, se ajusta al delito descrito. No hay exclusiones que descarten este candidato.",
14063,Falsificación de medios de pago de transporte. Art. 196 quinquies Ley del Tránsito,Sanciona al que maliciosamente utilizare un instrumento o dispositivo falsificado para tener acceso a servicios de transporte público.,LEY DE TRÁNSITO,70212,Falsificación de medios de pago distintos del efectivo,alta,"El delito CNP se refiere a la falsificación de medios de pago de transporte, que son distintos del efectivo. El código ICCS 70212 abarca la falsificación de medios de pago distintos del efectivo, lo cual coincide con el móvil del delito. No se aplica la exclusión de falsificación de efectivo (70211) ni de fraude financiero (7011), ya que el delito se centra en medios de pago no monetarios.",Falsificación de medios de pago en efectivo (070211); fraude financiero (07011); actos relacionados con el producto del delito (0704)
14064,Comercialización de dispositivos falsificados,"Sanciona al que comercialice o distribuya cualquier instrumento o dispositivo de pago de tarifa, de acreditación de pago y/o de rebaja tarifaria, falsificados",LEY DE TRÁNSITO,70212,Falsificación de medios de pago distintos del efectivo,alta,"El delito CNP se refiere a la comercialización de dispositivos falsificados, específicamente medios de pago distintos del efectivo. El código ICCS 70212 se enfoca en la falsificación de medios de pago distintos del efectivo, lo que coincide directamente con la descripción del delito. Además, las exclusiones de 70212 descartan la falsificación de efectivo, lo cual no aplica en este caso.",Falsificación de medios de pago en efectivo (070211)
14065,Mal uso de información de medios tecnológicos de transporte público,"Sanciona al que indebidamente se apodere, comercialice, encargue, exporte, transmita, importe o distribuya la información contenida en un medio tecnológico de acceso a los servicios de transporte público remunerado de pasajeros, y al que indebidamente y de cualquier modo altere, modifique, dañe o destruya los datos contenidos en dichos medios de acceso, en perjuicio del Sistema de Transporte Público.",LEY DE TRÁNSITO,90322,Injerencia ilícita en datos informáticos,alta,"El delito CNP se enfoca en alterar, dañar o destruir datos en medios tecnológicos de transporte público, lo cual se alinea con la definición de 'Injerencia ilícita en datos informáticos' en el ICCS 90322. Esta categoría abarca actos encaminados a dañar, borrar, deteriorar, alterar o suprimir datos informáticos sin autorización, lo que coincide con el móvil del delito descrito. No se aplican exclusiones que descarten este código.",
14066,Lesionar o amenazar a fiscalizador de transportes,"Sanciona al que lesione a un inspector fiscal del Ministerio de Transportes y Telecomunicaciones, al personal de la Empresa de los Ferrocarriles del Estado y sus filiales, o de Metro S.A., en el ejercicio de sus funciones que realicen servicios de fiscalización, o a quienes sean contratados por empresas operadoras de servicios de transporte público para realizar labores de verificación de pago de tarifa. Asimismo, sanciona al que amenace a las personas señaladas anteriormente.",LEY DE TRÁNSITO,907,Infracciones de tráfico no lesivas,alta,"El delito CNP se relaciona con actos delictivos cometidos en el contexto del tránsito, específicamente contra fiscalizadores de transportes, lo que se alinea con la sección ICCS 'Actos contra la seguridad pública y la seguridad del Estado'. La glosa 'Infracciones de tránsito no lesivas' abarca delitos relacionados con la conducción, inspección técnica y normas de tránsito, lo cual coincide con el contexto del delito nacional. No se aplican exclusiones que descarten este código.",
14087,Conducción en carreras no autorizadas con o sin daños o lesiones leves,"El que condujere un vehículo motorizado participando en carreras no autorizadas, ya sea que no se ocasione daño alguno, o que con ello se causen daños materiales o lesiones leves.",LEY DE TRÁNSITO,907,Infracciones de tráfico no lesivas,alta,"El delito CNP corresponde a una conducción en carrera no autorizada sin daños o lesiones leves, lo que se alinea con la descripción de 'Infracciones de tráfico no lesivas' en el ICCS 907. Este código incluye delitos relacionados con la conducción y normas de tránsito que no provocan lesiones, lo cual es compatible con el delito descrito. El código 2063, aunque cercano, se refiere a negligencia que puede implicar daños, lo cual no se aplica en este caso.",Negligencia relacionada con la conducción de un vehículo (02063)
14088,Conducción en carreras no autorizadas causando lesiones menos graves o graves,El que condujere un vehículo motorizado participando en carreras no autorizadas y se causaren lesiones menos graves o graves.,LEY DE TRÁNSITO,2063,Negligencia relacionada con la conducción de un vehículo,alta,"El delito CNP se describe como conducción en carreras no autorizadas causando lesiones, lo que se alinea con la negligencia relacionada con la conducción de un vehículo (ICCS 2063). La sección ICCS es compatible (Actos que causan danos o que tienen la intencion de causar danos a las personas). Las exclusiones de ICCS 2063 no aplican al delito CNP, ya que no se menciona negligencia criminal de pilotos profesionales ni uso de sustancias psicoactivas.",
14089,Conducción en carreras no autorizadas causando lesiones gravísimas o la muerte,El que condujere un vehículo motorizado participando en carreras no autorizadas y se causaren lesiones indicadas en el número 1° del artículo 397 del Código Penal o la muerte de alguna persona.,LEY DE TRÁNSITO,10321,Homicidio por tránsito vehicular,alta,"El delito CNP se describe como conducción en carreras no autorizadas causando lesiones gravísimas o la muerte, lo cual se alinea con la definición de 'Homicidio por tránsito vehicular' en el ICCS 10321, que abarca la muerte no intencional como resultado de un comportamiento negligente o descuidado durante la conducción. Además, la nota 48 del ICCS 10321 define la negligencia, lo cual se aplica al delito CNP.",
14090,Organizar carreras no autorizadas,El que organizare carreras no autorizadas y/o con ocasión o con motivo de la ejecución de la conducta obtuviere algún beneficio económico para sí o para un tercero.,LEY DE TRÁNSITO,907,Infracciones de tráfico no lesivas,alta,"El delito CNP corresponde a la organización de carreras no autorizadas, lo cual se relaciona con infracciones de tráfico. El código ICCS 907 abarca infracciones de tráfico no lesivas, que incluyen la violación de normas de seguridad en el tránsito, lo cual es compatible con el delito descrito. No se aplican exclusiones que descarten este código.",
14091,Facilitar vehículos motorizados para la participación en carreras clandestinas,El o quienes concertados para su ejecución faciliten vehículos motorizados para la participación de carreras clandestinas.,LEY DE TRÁNSITO,50212,Utilización ilegal de vehículos terrestres de motor,alta,"El delito CNP se enfoca en facilitar vehículos para carreras clandestinas, lo cual se alinea con la utilización ilegal de vehículos terrestres de motor descrita en 50212. No hay exclusión que descarte este delito, ya que no implica violencia, secuestro o daño a personas.",
14092,Sobrepasar en 60 km/h los límites fijados de velocidad máxima,El que condujere un vehículo motorizado y sobrepase en 60 kilómetros por hora los límites de velocidad fijados en los artículos 145 y 146 de la Ley 18.290,LEY DE TRÁNSITO,907,Infracciones de tráfico no lesivas,alta,"El delito CNP corresponde a un exceso de velocidad, lo que se describe como una infracción de tráfico no lesiva, y no implica lesiones ni muerte. El código 907 incluye el exceso de velocidad y otras infracciones de tráfico que no provocan daños. El código 2063 y 2072, aunque relacionados con la conducción, requieren negligencia o uso de sustancias, lo cual no se menciona en el delito CNP. Además, el código 10321 se refiere a homicidio, lo cual no aplica aquí.","Lesiones corporales o posibilidad de infligir lesiones corporales a una persona debido al comportamiento negligente, irresponsable o descuidado de otra persona mientras se tiene el control de un vehículo (02063)"
14099,Otras faltas contra la Ley de Alcoholes,,LEY DE TRÁNSITO,602,"Actos ilícitos relacionados con bebidas alcohólicas, tabaco u otras sustancias sujetas a fiscalización",alta,"El delito CNP se relaciona con faltas contra la Ley de Alcoholes, lo que se alinea con el código ICCS 602 que abarca actos ilícitos relacionados con bebidas alcohólicas, tabaco u otras sustancias sujetas a fiscalización. Este código incluye la producción, manipulación, posesión o uso ilícitos de productos alcohólicos, lo cual es compatible con la glosa del delito nacional. Además, las exclusiones aplicadas descartan otros candidatos como 60212 y 6021 que se enfocan en aspectos más específicos de producción o posesión, mientras que 602 es más general y abarca el marco legal del delito.",aplicar todas las exclusiones enumeradas en 06021 y 06022
15001,Ley 18.314 de Conductas Terroristas,,CONDUCTAS TERRORISTAS,906,Terrorismo,alta,"El delito CNP se relaciona con conductas terroristas, lo que se alinea directamente con la glosa 'Terrorismo' en el código ICCS 906. La sección ICCS corresponde a 'Actos contra la seguridad pública y la seguridad del Estado', que es compatible con el marco jurídico del delito nacional. Además, la nota 133 del código ICCS 906 define claramente el terrorismo como actos cometidos con la intención de causar muerte o lesiones graves a civiles, lo cual se ajusta al delito descrito en el CNP.",
15002,Crímenes y simples delitos seguridad interior del Estado,"Cometen este delito los que se alzaren a mano armada contra el gobierno legalmente constituido con el objeto de promover la guerra civil, de cambiar la constitución del estado o su forma de gobierno, de privar de sus funciones o impedir que entren en el ejercicio de ellas al presidente de la república o al que haga sus veces, a los miembros del congreso nacional o de los tribunales superiores de justicia. Cualquier otra figura delictiva que contemple esta ley de seguridad interior del estado y no se le otorgue competencia para conocerlos a los juzgados criminales.",INFRACCIÓN A OTROS TEXTOS LEGALES,904,Actos contra la seguridad del Estado,alta,"El delito CNP se describe como actos contra la seguridad del Estado, incluyendo alzamientos armados contra el gobierno y promover la guerra civil, lo que coincide directamente con la glosa de 904 (Actos contra la seguridad del Estado). Las exclusiones de 904 no aplican al delito descrito, ya que no se trata de actos como traición, espionaje o conspiración contra el Estado, sino de actos de violencia contra el gobierno.",
15003,Crímenes y simples delitos contra la soberanía nacional y seguridad exterior del Estado,"Toda persona que dentro del territorio de la república conspirare contra su seguridad exterior para inducir a una potencia extranjera a hacer la guerra a Chile. Chileno que milite contra su patria bajo bandera enemiga. Los que ofendieren gravemente el sentimiento patrio o el de independencia política de la nación. Cualquier otra figura delictiva que contemple esta Ley, de competencia de los Juzgados de Garantía.",INFRACCIÓN A OTROS TEXTOS LEGALES,904,Actos contra la seguridad del Estado,alta,"El delito CNP se relaciona con conspiraciones contra la seguridad exterior del Estado, lo que se alinea con el código ICCS 904 (Actos contra la seguridad del Estado). Las inclusiones de este código incluyen traición, conspiración contra el Estado y actos que inducen a una potencia extranjera a hacer la guerra a Chile, lo cual coincide con la descripción del delito CNP. No se aplican exclusiones que descarten este código.",
15007,Delitos de la Ley de Seguridad Interior del Estado contra el orden público y la normalidad de las actividades nacionales,Sanciona a toda persona que provoque desórdenes y/o altere el normal funcionamiento de las actividades nacionales.,INFRACCIÓN A OTROS TEXTOS LEGALES,8012,Actos relacionados con las normas y preceptos sociales y religiosos orientados al mantenimiento del orden público,alta,"El delito CNP se relaciona con la alteración del orden público y desórdenes, lo cual se alinea con la glosa de 8012 que menciona actos contrarios a normas y preceptos sociales y religiosos orientados al mantenimiento del orden público. Las inclusiones de 8012 como alteración del orden público y desorden público coinciden con la descripción del delito CNP. No se aplican exclusiones que descarten este código.",
16400,Difusión indebida de entrevista videograbada,"Sanciona al que fuera de los casos permitidos por la Ley fotografíe, filme, transmita, comparta, difunda, transfiera, exhiba, o de cualquier otra forma copie o reproduzca el contenido de la entrevista investigativa video grabada realizada a niños, niñas y adolescentes que hayan sido víctimas de los delitos sexuales referidos en la Ley o su declaración judicial o su registro, sea total o parcialmente, o maliciosamente difunda imágenes o datos que identifiquen al declarante o su familia.",INFRACCIÓN A OTROS TEXTOS LEGALES,11029,Otros actos contrarios a las leyes u otras disposiciones sobre menores,alta,"El delito CNP se relaciona con la difusión indebida de contenido relacionado con menores víctimas de delitos sexuales, lo cual se alinea con el código ICCS 11029 que abarca actos contrarios a las leyes u otras disposiciones sobre menores. No se aplican exclusiones que descarten este código.",
16401,Peleas de animales como espectáculos,Sanciona la organización de espectáculos de peleas de animales como delito de maltrato y crueldad animal del artículo 291 bis CP.,INFRACCIÓN A OTROS TEXTOS LEGALES,10091,Actos contra los animales,alta,"El delito CNP se refiere a la organización de espectáculos de peleas de animales, lo que se alinea con el código ICCS 10091, que abarca actos contra los animales, incluyendo crueldad y maltrato. No se aplican exclusiones relevantes, ya que el delito no corresponde a hurto de mascotas ni a comercio de especies silvestres.",
16402,Delitos del D.L. 3538 de 1979 que regula mercado financiero,"Sanciona las infracciones al DL 3538 de 1979, modificada por la Ley 21.000 que regula el Mercado Financiero y crea la Comisión Mercado Financiero.",INFRACCIÓN A OTROS TEXTOS LEGALES,8042,Actos contrarios a disposiciones comerciales o financieras,alta,"El delito CNP se refiere a infracciones al DL 3538 de 1979, que regula el mercado financiero. El código ICCS 8042 corresponde a 'Actos contrarios a disposiciones comerciales o financieras', lo cual se alinea con el marco legal del delito nacional. Además, la sección ICCS de este código (Actos contra el orden público, la autoridad y las disposiciones del Estado) es compatible con el marco del delito CNP. No se aplican exclusiones que descarten este código.",
16403,Asociación ilícita para comercio ilegal,"Sanciona a los que se asociaren para cometer alguno de los delitos establecidos en los artículos 79 bis y 81 de la ley N° 17.336 (falsificación, adulteración o copia, distribución,  etc. de obras protegidas por ley de propiedad intelectual) ; 11 de la ley N° 19.227 (uso malicioso de beneficios del fondo nacional de fomento del libro y la lectura); 456 bis A del Código Penal (receptación); 28 de la Ley de Propiedad Industrial, cuyo texto refundido, coordinado y sistematizado fue fijado por el decreto con fuerza de ley N° 3, de 2006, del Ministerio de Economía, Fomento y Reconstrucción, y 97 números 8° y 9° del Código Tributario.",INFRACCIÓN A OTROS TEXTOS LEGALES,503,Delitos contra la propiedad intelectual,alta,"El delito CNP se relaciona con la falsificación, adulteración o copia de obras protegidas por derechos de autor, lo que se alinea con la definición de 'Delitos contra la propiedad intelectual' en el ICCS 503. Además, el delito no cae en las exclusiones de este código, como la creación o posesión de productos falsificados, que son descartados en la sección de exclusiones.","Creación, fabricación, traslado o posesión de productos falsificados de marca, o protegidos por patentes, licencias o de otro modo (07022); hurto (0502); posesión de dinero o bienes robados; recepción, manipulación, enajenación, venta o tráfico de bienes robados; utilización de piezas robadas para producir otros bienes; ocultamiento de bienes robados (0704); robo de identidad (07019); falsificación (0702); actos contra sistemas informáticos que no equivalen a piratería de programas informáticos (0903)"
17001,Delitos que comprometen relaciones internacionales,,INFRACCIÓN A OTROS TEXTOS LEGALES,11013,Crímenes de guerra,alta,"El delito CNP se refiere a actos que comprometen relaciones internacionales, lo cual se alinea con el concepto de crímenes de guerra en el ICCS, que incluyen violaciones graves de las leyes y usos aplicables en conflictos armados. La sección y la descripción del ICCS 11013 son compatibles con el marco jurídico del delito nacional.",
18001,Expendio de bebidas alcohólicas a menores,"Castiga a quien vendiere, obsequiare, ofreciere o suministrare bebidas alcohólicas a un menor de dieciocho años.",FALTAS EXPENDIO Y CONSUMO DE BEBIDAS ALCOHÓLICAS,11021,Delitos en razón de la condición de menor de edad,alta,"El delito CNP se relaciona con la venta de bebidas alcohólicas a menores, lo cual se incluye en la glosa de 11021 como infracciones relacionadas con el consumo de alcohol por menores. Además, la sección ICCS es compatible con el marco legal del delito, y no hay exclusiones que descarten este código.",
18002,Otorgamiento de patentes de alcoholes,"Castiga al alcalde que otorgare patente de alcoholes con infracción a las leyes y al funcionario municipal que emita informes falsos, y que sirvan de base para el otorgamiento de patentes, o que no las elimine en los casos previstos por la Ley.",FALTAS EXPENDIO Y CONSUMO DE BEBIDAS ALCOHÓLICAS,602,"Actos ilícitos relacionados con bebidas alcohólicas, tabaco u otras sustancias sujetas a fiscalización",alta,"El delito CNP se centra en el otorgamiento de patentes de alcoholes, lo cual se relaciona con la regulación y fiscalización de productos alcohólicos. El código ICCS 602 abarca actos ilícitos relacionados con bebidas alcohólicas, tabaco u otras sustancias sujetas a fiscalización, lo que se alinea con el marco legal del delito. Además, las exclusiones de 602 no descartan el delito CNP, ya que no se menciona directamente en las exclusiones.",
18003,Divulgación de datos militantes de partidos políticos,"Los afiliados no podrán divulgar los datos personales del Registro ni utilizarlos con finalidades distintas del ejercicio   de sus derechos como militantes. La infracción de esta prohibición será sancionada con multa de diez a cincuenta unidades tributarias mensuales, de conformidad con el artículo 392 del Código Procesal.",FALTAS L.O.C. DE PARTIDOS POLÍTICOS,80329,Otros actos relacionados con expresiones de creencias y normas sociales controladas,alta,"El delito CNP se refiere a la divulgación de datos personales de militantes de partidos políticos, lo cual se alinea con la inclusión de 'propagación, promoción o divulgación de opiniones o materiales políticos controlados' en el código ICCS 80329. Además, la nota 110 del ICCS 80329 menciona la libertad de expresión, que incluye la difusión de información, lo cual es compatible con el movimiento del delito descrito. No se aplican exclusiones que descarten este código.",
20001,"Envío de explosivos, homicidio, lesiones y secuestros terroristas","Delitos contemplados en el Código Penal y la Ley General de Ferrocarriles, cuando el hecho se cometa con la finalidad de producir en la población o en una parte de ella el temor justificado de ser víctima de delitos de la misma especie, sea por la naturaleza y efectos de los medios empleados, sea por la evidencia que obedece a un plan premeditado de atentar contra una categoría o grupo determinado de personas, sea que se comete para arrancar o inhibir resoluciones de la autoridad o imponerle exigencias.",CONDUCTAS TERRORISTAS,906,Terrorismo,alta,"El delito CNP se describe como un acto cometido con la finalidad de producir temor en la población, lo que se alinea con la definición de terrorismo en el ICCS 906. El código 906 abarca la participación en actividades terroristas y otros actos relacionados con delitos de terrorismo, lo cual coincide con el móvil del delito descrito.",
20002,Apoderamiento o atentado al transporte público,"Establece como delito terrorista apoderarse o atentar en contra de una nave, aeronave, ferrocarril, bus u otro medio de transporte público en servicio, o realizar actos que pongan en peligro la vida, la integridad corporal o la salud de sus pasajeros o tripulantes.",CONDUCTAS TERRORISTAS,906,Terrorismo,alta,"El delito CNP se describe como un acto terrorista que atenta contra el transporte público, lo que se alinea con la definición de 'Terrorismo' en el ICCS 906. La sección ICCS y la nota 133 coinciden con el marco legal del delito CNP. No se aplican exclusiones que descarten este código.",
20003,Atentado terrorista contra Jefe de Estado o autoridad pública,"Establece como delito terrorista el atentado en contra de la vida o la integridad corporal del Jefe de Estado o de otra autoridad política, judicial, militar, policial o religiosa, o de personas internacionalmente protegidas, en razón de sus cargos. Exige concurrencia de alguna de las características señaladas en el artículo 1 de esta misma Ley, es decir, cuando el delito se cometa con la finalidad de producir en la población o en una parte de ella el temor justificado de ser víctima de delitos de la misma especie o cuando se cometa para arrancar resoluciones de la autoridad o imponerle exigencias.",CONDUCTAS TERRORISTAS,906,Terrorismo,alta,"El delito CNP se describe como un atentado terrorista contra autoridades, con intención de generar temor en la población. El código ICCS 906 (Terrorismo) se alinea directamente con esta intención, ya que abarca actos individuales o colectivos relacionados con delitos de terrorismo, incluyendo la intención de causar daños graves a civiles. Las exclusiones no descartan este delito, ya que el CNP no se encauza en exclusiones específicas de 906.",
20004,Atentado terrorista explosivo o incendiario,"Establece como delito terrorista colocar, enviar, activar, arrojar, detonar o disparar armas o artefactos explosivos o incendiarios, armas de gran poder destructivo o de efectos tóxicos, corrosivos o infecciosos o de cualquier tipo, que afecten o puedan afectar la integridad física de personas o causar daño. Exige concurrencia de alguna de las características señaladas en el artículo 1 de esta misma Ley, es decir, cuando el delito se cometa con la finalidad de producir en la población o en una parte de ella el temor justificado de ser víctima de delitos de la misma especie, sea por la naturaleza y efectos de los medios empleados, sea por la evidencia de que obedece a un plan premeditado de atentar contra una categoría o grupo determinado de personas, sea porque se cometa para arrancar o inhibir resoluciones de la autoridad o imponerle exigencias.",CONDUCTAS TERRORISTAS,906,Terrorismo,alta,"El delito CNP se describe como un acto terrorista con el uso de armas o artefactos explosivos o incendiarios con la intención de producir temor en la población. El código ICCS 906 (Terrorismo) abarca la participación en actividades terroristas, lo cual incluye el uso de medios destructivos con fines de terrorismo, tal como se define en la nota 133. Este código es compatible con el móvil del delito, que es causar temor en la población, y no se descarta por exclusiones.",
20005,Asociación ilícita terrorista,"Establece como delito terrorista la asociación ilícita cuando ella tenga por objeto la comisión de delitos que deban calificarse de terroristas conforme a los números 1 al 4 del artículo 2 de la Ley Nº 18.314 y al artículo 1 de esta misma Ley. Exige concurrencia de alguna de las características señaladas en el artículo 1 de esta misma Ley, es decir, cuando el delito se cometa con la finalidad de producir en la población o en una parte de ella el temor justificado de ser víctima de delitos de la misma especie o cuando se cometa para arrancar resoluciones de la autoridad o imponerle exigencias.",CONDUCTAS TERRORISTAS,906,Terrorismo,alta,"El delito CNP se refiere a la asociación ilícita terrorista, que tiene por objeto la comisión de delitos terroristas. El código ICCS 906 abarca la participación en actividades de un grupo terrorista u otros actos individuales o colectivos relacionados con delitos de terrorismo, lo cual se alinea directamente con el móvil del delito descrito. Además, las inclusiones de 906 coinciden con la definición del CNP.",
20006,Recaudar o proveer fondos para la comisión de delitos terroristas por persona natural. Art. 8 Ley 18.314,,CONDUCTAS TERRORISTAS,9062,Financiación del terrorismo,alta,"El delito CNP se enfoca en la recaudación o provisión de fondos para delitos terroristas, lo cual se alinea directamente con la definición de 'Financiación del terrorismo' en el ICCS 9062. La nota 134 del ICCS 9062 destaca que la financiación se refiere a proveer o recolectar fondos con la intención de que se utilicen en actos terroristas, lo cual coincide con el móvil del delito descrito. No hay exclusiones que descarten este código en relación con el delito CNP.",
20007,Recaudar o proveer fondos para la comisión de delitos terroristas por persona jurídica,,CONDUCTAS TERRORISTAS,9062,Financiación del terrorismo,alta,"El delito CNP se refiere a la financiación de actos terroristas, lo cual coincide directamente con la glosa de 9062. La nota 134 del ICCS 9062 define la financiación del terrorismo como proveer o recaudar fondos con la intención de que se utilicen para cometer actos terroristas, lo que se alinea con la glosa del CNP. No se aplican exclusiones que descarten este código.",
20017,Terrorismo individual que adhiere a los fines,"Sanciona a quien cometa algunos de los delitos del artículo 2° en virtud de los cuales se sanciona a una asociación terrorista, en adherencia a los fines de una asociación terrorista o de una agrupación u organización de personas que persiga la comisión de tales delitos con dichos fines, por sí o mediante terceros, y siempre que no forme parte de una asociación terrorista.",INFRACCIÓN A OTROS TEXTOS LEGALES,906,Terrorismo,alta,"El delito CNP se describe como adherencia a los fines de una asociación terrorista, lo que se alinea con la definición de 'Terrorismo' en el ICCS 906, que incluye la participación en actividades de un grupo terrorista o actos individuales relacionados con delitos de terrorismo. La sección ICCS es compatible y las exclusiones no descartan el delito.",
20018,Terrorismo individual sin adherencia,"Sanciona a quien, sin formar parte de una asociación terrorista ni actuar en adherencia a sus fines, cometa algún delito del art. 5° :a) socave o desestabilice las estructuras políticas, sociales o económicas del Estado democrático. b) imponga o inhiba alguna decisión a una autoridad del Estado democrático. c) someta o desmoralice a la población civil o a una parte de ella.",INFRACCIÓN A OTROS TEXTOS LEGALES,906,Terrorismo,alta,"El delito CNP 20018 se describe como terrorismo individual sin adherencia, lo que se alinea directamente con la definición de 'Terrorismo' en el ICCS 906. La nota 133 del ICCS 906 menciona que el terrorismo se refiere a actos cometidos con la intención de causar la muerte o lesiones graves a civiles, lo cual coincide con la intención del delito CNP. Además, el ICCS 906 incluye actos individuales o colectivos relacionados con delitos de terrorismo, lo cual se ajusta al delito CNP que no requiere adherencia a una organización terrorista.",
20019,Favorecer acciones terroristas,"Sanciona: 1) a quien, con conocimiento de que con ello se favorecerá la acción sostenida de una asociación terrorista,  comete alguno de los delitos señalados en los numerales del artículo 9° de esta ley. 2) a quien favorezca la preparación o perpetración, por parte de uno o más integrantes de una asociación terrorista, de uno o más de los delitos  señalados en cualquiera de los numerales del art. 2° de esta ley",INFRACCIÓN A OTROS TEXTOS LEGALES,906,Terrorismo,alta,"El delito CNP 20019 se refiere a favorecer acciones terroristas, lo cual se alinea con la definición de 'Terrorismo' en el ICCS 906, que incluye la participación en actividades de un grupo terrorista, reclutamiento, adiestramiento, financiación, incitación al terrorismo, entre otros. La sección ICCS es compatible (Actos contra la seguridad pública y la seguridad del Estado), y las inclusiones del ICCS 906 abarcan el favorecimiento de acciones terroristas. No se aplican exclusiones que descarten este código.",
20020,Proveer o recolectar fondos para la comisión de delitos terroristas,"Sanciona a quien, por cualquier medio, directa o indirectamente provea o recolecte fondos con la finalidad de que se utilicen en la comisión de cualquier de los delitos señalados en la  ley o a sabiendas de que serán utilizados en su comisión.",INFRACCIÓN A OTROS TEXTOS LEGALES,9062,Financiación del terrorismo,alta,"El delito CNP se enfoca en la financiación de actos terroristas, lo cual coincide directamente con la definición de 'Financiación del terrorismo' en el ICCS 9062. La nota 134 del ICCS 9062 establece que la financiación se refiere a proveer o recolectar fondos con la intención de que se utilicen, o a sabiendas de que serán utilizados, en actos terroristas, lo que se alinea exactamente con la glosa del CNP.",
20021,Conspiración terrorista,"Sanciona la conspiración para cometer alguno de los delitos contemplados en los artículos 3° (Terrorismo individual que adhiere a los fines), 4° (Terrorismo individual sin adherencia), 7° (Atentado terrorista contra jefe de estado o autoridad pública) y 8° (Atentado terrorista explosivo o incendiario) de la Ley N° 21.372.",INFRACCIÓN A OTROS TEXTOS LEGALES,906,Terrorismo,alta,"El delito CNP se refiere a la conspiración para cometer delitos de terrorismo, lo cual se alinea con la definición de 'Terrorismo' en el ICCS 906, que incluye la participación en actividades de grupos terroristas y la intención de causar daños graves. Las exclusiones aplicadas descartan la clasificación como conspiración o actos contra la seguridad del Estado.",Conspiración para cometer asesinato (0101); conspiración para conseguir un aborto ilegal (0105); conspiración contra el Estado (0904); la conspiración para cometer un delito concreto también se registra con la etiqueta de conspiración; aplicar todas las exclusiones enumeradas en 0806
20022,Incitación terrorista,"Sanciona a quien, por cualquier medio, difunda públicamente mensajes o consignas que tengan como finalidad inequívoca incitar a otros a cometer los delitos señalados en los artículos 1 al 8  de la ley y ocasione peligro cierto e inminente de que ellos se cometan.",INFRACCIÓN A OTROS TEXTOS LEGALES,906,Terrorismo,alta,"El delito CNP (Incitación terrorista) se alinea directamente con la definición de 'Terrorismo' en el ICCS 906, que incluye la incitación al terrorismo. La sección ICCS es compatible (Actos contra la seguridad pública y la seguridad del Estado), y el movimiento del delito (incitar a otros a cometer delitos terroristas) se ajusta al móvil delictivo descrito en la inclusión de ICCS 906.",
20099,Otros Ley 18.314,"Cualquier otra falta o delito distinto de los anteriores que se origine en una infracción a esta Ley y que no pueda clasificarse en otro código específico, incluyendo aquellos que se puedan incorporar a ésta en el futuro.",CONDUCTAS TERRORISTAS,9069,Otros actos relacionados con las actividades de un grupo terrorista,alta,"El delito CNP se clasifica bajo la familia de Conductas Terroristas, lo que lo alinea con el código ICCS 9069, que abarca otros actos relacionados con las actividades de un grupo terrorista. La inclusión de incitación al terrorismo y reclutamiento con fines terroristas en el código ICCS 9069 coincide con la naturaleza general del delito CNP, que abarca cualquier falta o delito distinto que no pueda clasificarse en otro código específico, incluyendo aquellos relacionados con el terrorismo.",
21001,Injurias y calumnias por medios de comunicación social,Penalidad especial para las injurias y calumnias cometidas a través de medios de comunicación social.,LIBERTAD DE OPINIÓN E INFORMACIÓN,209,Difamación o insulto,alta,"El delito CNP se refiere a injurias y calumnias cometidas a través de medios de comunicación social, lo cual se alinea con la definición de 'Difamación o insulto' en el ICCS 209. Este código incluye las categorías de difamación, libelo, insulto, calumnia e injuria, que son precisamente los elementos del delito nacional. Además, el código 209 es más general y preciso para este caso, ya que abarca el uso de medios de comunicación social, que no se limita a características o creencias específicas.",
21002,Ultraje público a las buenas costumbres por medios de comunicación social,"Castiga a quienes cometan alguno de los delitos de ultraje público a las buenas costumbres contemplados en los artículos 373 y 374 del Código Penal, a través de un medio de comunicación social. El artículo 373 sanciona a los que de cualquier modo ofendieren el pudor o las buenas costumbres con hechos de grave escándalo o trascendencia no comprendidos expresamente en otros artículos del Código Penal. El artículo 374 sanciona al que vendiere, distribuyere o exhibiere canciones, folletos u otros escritos, impresos o no, figuras o estampas contrarios a las buenas costumbres y al autor del manuscrito, de la figura o de la estampa o el que los hubiere reproducido por un procedimiento cualquiera que no sea la imprenta.",LIBERTAD DE OPINIÓN E INFORMACIÓN,80329,Otros actos relacionados con expresiones de creencias y normas sociales controladas,alta,"El delito CNP se relaciona con la difusión de materiales contrarios a las buenas costumbres, lo que se alinea con la glosa de 80329, que abarca actos de control de expresión no descritos en otras categorías. La nota 110 del ICCS 80329 menciona la libertad de expresión, lo cual es compatible con la familia del delito CNP (LIBERTAD DE OPINIÓN E INFORMACIÓN).",
21003,Divulgación de identidad de menores por medios de comunicación social,"Prohíbe la divulgación, por cualquier medio de comunicación social, de la identidad de menores de edad que sean autores, cómplices, encubridores o testigos de delitos, o de cualquier otro antecedente que conduzca a ella.",LIBERTAD DE OPINIÓN E INFORMACIÓN,11021,Delitos en razón de la condición de menor de edad,alta,"El delito CNP se relaciona con la divulgación de identidad de menores, lo cual se ajusta a la definición de 'Delitos en razón de la condición de menor de edad' en el ICCS 11021. No se aplican exclusiones que descarten este delito, ya que no se menciona en las exclusiones de este código.",
21099,Otras faltas y delitos de la Ley 19.733,"Artículo 31: Sanciona al que, por cualquier medio de comunicación social, realizare publicaciones o transmisiones destinadas a promover odio u hostilidad respecto de personas o colectividades en razón de su raza, sexo, religión o nacionalidad. Artículo  33 inciso segundo: Sanciona la divulgación, por cualquier medio de comunicación social, de la identidad de víctimas de algunos de los delitos contemplados en el Título VII, “Crímenes y simples delitos contra el orden de las familias y contra la moralidad pública”, del Libro II del Código Penal, a menos que consientan expresamente en la divulgación. Artículo 36: Sanciona al que, fuera de los casos previstos por la Constitución o la Ley, y en el ejercicio de funciones públicas, obstaculizare o impidiere la libre difusión de opiniones o informaciones a través de cualquier medio de comunicación social. En este código debe contemplarse también cualquier otra falta o delito distinto de los anteriores que se origine en una infracción a esta Ley y que no pueda clasificarse en otro código específico, incluyendo aquéllos que se puedan incorporar a ésta en el futuro.",LIBERTAD DE OPINIÓN E INFORMACIÓN,80322,Violaciones de las normas sobre intolerancia e incitación al odio,alta,"El delito CNP se centra en la promoción de odio u hostilidad por medio de comunicación social, lo cual se alinea directamente con la glosa de 80322: 'Violaciones de las normas sobre intolerancia e incitación al odio'. Además, la sección ICCS 'Actos contra el orden público, la autoridad y las disposiciones del Estado' es compatible con el marco jurídico del delito. No se aplican exclusiones que descarten este código.",
22100,Maltrato habitual (violencia intrafamiliar),"Se refiere al ejercicio habitual de violencia física, psíquica o económica de quien tenga o haya tenido la calidad de cónyuge del ofensor o una relación de convivencia con él; o sea pariente por consanguinidad o por afinidad en toda la línea recta o en la colateral hasta el tercer grado inclusive, del ofensor o de su cónyuge o de su actual conviviente.",VIOLENCIA INTRAFAMILIAR,3012,Agresión sexual,alta,"El delito CNP se refiere a la violencia intrafamiliar, que se ajusta a la definición de 'agresión sexual' en el ICCS 3012, que incluye actos sexuales no deseados. Las exclusiones aplicadas descartan categorías como violación (03011) y otros actos de violencia sexual no relacionados con la dinámica familiar.",Violación (03011); aplicar todas las exclusiones enumeradas en 0301
22101,Incumplimiento reiterado de pago de pensión alimenticia,"El que estando obligado al pago de pensiones de alimentos, y con el objeto de menoscabar o controlar la posición económica de la mujer incumpliere reiteradamente el pago de la pensión de alimentos, será sancionado con las penas del artículo 14 de esta ley. Se entenderá, en este caso, que existe un incumplimiento reiterado cuando el deudor permanezca por más de 120 días en el Registro Nacional de Deudores de Pensiones de Alimentos."".",VIOLENCIA INTRAFAMILIAR,8062,Incumplimiento de órdenes judiciales,alta,"El delito CNP se centra en el incumplimiento reiterado del pago de pensión alimenticia con el objetivo de menoscabar la posición económica de la mujer. Este movil se alinea con el incumplimiento de órdenes judiciales, ya que el pago de pensiones puede estar vinculado a órdenes judiciales. Además, el código 8062 incluye la violación de órdenes judiciales, lo cual es compatible con el marco legal del delito.",Aplicar todas las exclusiones enumeradas en 0806
22200,Crímenes lesa humanidad y genocidio Ley 20.357,Tipifica crímenes de lesa humanidad y genocidio; define los crímenes y delitos de guerra y castiga los crímenes cometidos en caso de conflicto armado.,INFRACCIÓN A OTROS TEXTOS LEGALES,11015,Crímenes de lesa humanidad,alta,"El delito CNP 22200 tipifica crímenes de lesa humanidad, que coinciden directamente con la glosa del ICCS 11015. La descripción del ICCS 11015 abarca actos como asesinato, exterminación, violación, persecución y otros actos inhumanos cometidos como parte de un ataque generalizado o sistemático contra una población civil, lo cual se alinea con la definición del CNP. No hay exclusiones que descarten este candidato.",
22300,Ley Responsabilidad Penal Personas jurídicas Ley 20.393,,LEY 20.393 SOBRE RESPONSABILIDAD PERSONAS JURÍDICAS,804,Actos contrarios a las disposiciones relativas a los ingresos públicos u otras disposiciones regulatorias,alta,"El delito CNP 22300 se relaciona con la responsabilidad de personas jurídicas, lo que se alinea con el código ICCS 804, que abarca actos contrarios a disposiciones regulatorias, incluyendo delitos de personas jurídicas. No se aplican exclusiones que descarten este código.",
22400,Infracciones a la Ley de Administración Provisional de Sostenedores Educacionales,"Sanciona al que sin autorización del administrador provisional o de cierre, con posterioridad a la designación de éste, ejerza cualquier autoridad que corresponda a funciones directivas, llámese esta asamblea de socios, directorio, junta directiva, gerente general, rector o cualquier otra equivalente; y al que celebre cualquier acto o contrato sobre bienes destinados a la prestación del servicio educativo, que utilice la institución de educación superior sometida a administración provisional o de cierre. Art. 30.",ADMINISTRACIÓN PROVISIONAL DE SOSTENEDORES EDUCACIONALES,8049,Otros actos contra la administración pública o contra disposiciones regulatorias,alta,"El delito CNP se relaciona con actos que violan disposiciones regulatorias sobre la administración provisional de instituciones educativas. El código ICCS 8049 abarca 'otros actos contra la administración pública o contra disposiciones regulatorias', lo cual es compatible con el marco legal del delito. No se aplican exclusiones que descarten este código.",
22401,Infracciones al sistema de aseguramiento de la calidad de la educación (lucro en la educación),Sanciona a quien retarde u omita en la presentación de  declaraciones juradas que señala la Ley (en relación con art. 97 N° 1 del Código tributario) o que las  que presente fueren maliciosamente falsas (en relación con el art. 97 N° 4 (del Código tributario). Artículo 54 bis.,SISTEMA DE ASEGURAMIENTO DE LA CALIDAD DE LA EDUCACIÓN,804,Actos contrarios a las disposiciones relativas a los ingresos públicos u otras disposiciones regulatorias,alta,"El delito CNP se relaciona con la presentación de declaraciones juradas falsas, lo que se alinea con la evasión de impuestos y otros actos contrarios a las disposiciones regulatorias, incluidos en el ICCS 804. No se aplican exclusiones relevantes que descarten este código.",
22403,Desempeñar funciones de vigilantes privados fuera de los casos contemplados en esta ley.,"Se castiga a toda persona natural o jurídica proporcionar u ofrecer, bajo cualquier forma o denominación, servicios de personas que porten o utilicen armas de fuego, con excepción de las empresas de transporte de valores autorizadas en conformidad con esta ley. Esta prohibición se extiende a las convenciones destinadas a proporcionar personal para cumplir labores de vigilancia privada y a los procesos de publicidad, reclutamiento, selección, formación y traslado para tales fines. Además, la infracción de esta prohibición será sancionada con la pena de presidio menor en sus grados mínimo a medio, con multa de 1.000 a 2.000 unidades tributarias mensuales y con la pena accesoria de inhabilitación perpetua para desempeñar actividades de seguridad privada. En caso de reincidencia, multa de 2.000 a 4.000 unidades tributarias mensuales. Se castigan al personal de las empresas de seguridad privada que infrinja el deber de reserva de toda información que dispongan o que le haya sido proporcionada en razón de los servicios que prestan, hasta por un período de cuatro años contado desde que haya cesado la prestación de los servicios. La infracción, además, se castigará con multa de 6 a 10 unidades tributarias mensuales.""",INFRACCIÓN A OTROS TEXTOS LEGALES,9011,Posesión o uso de armas y explosivos,alta,"El delito CNP se centra en la prohibición de ofrecer servicios de vigilancia privada que incluyen el uso de armas de fuego, lo cual se relaciona con la posesión o uso ilícitos de armas y explosivos. El código ICCS 9011 abarca esta situación, ya que incluye la posesión o uso ilícitos de armas de fuego, otras armas o explosivos, y se ajusta al marco de seguridad pública. No se aplican exclusiones que descarten este código.",
22404,Infracción para servidores públicos por divulgación de información reservada,Se castigan a los servidores públicos que se desempeñen en la Subsecretaría de Prevención del Delito deberán guardar secreto o reserva de la información de que tomen conocimiento en el ejercicio de sus funciones. Esta obligación se mantendrá hasta por cuatro años después de que hayan cesado en su cargo.,INFRACCIÓN A OTROS TEXTOS LEGALES,903,Actos contra sistemas informáticos,alta,"El delito CNP se refiere a la divulgación de información reservada por parte de servidores públicos, lo que se alinea con el acceso o interceptación ilícita a datos informáticos, descrito en el código ICCS 903. No se aplican exclusiones relevantes, ya que el delito no implica fraude, engaño o corrupción, ni actos contra la seguridad del Estado.",
22405,Infracción al deber de reserva,"Se castigará a los funcionarios y funcionarias de la Agencia y del CSIRT Nacional, de Defensa o de los que pertenezcan a organismos de la Administración del Estado y a los que, sin ser funcionarios o funcionarias de la Agencia, tomaren conocimiento de las solicitudes para la ejecución de procedimientos especiales de obtención de información de los antecedentes que las justifiquen y de las resoluciones judiciales  que hubieren tomado conocimiento de los antecedentes a que se refiere el inciso 1°, 2°y 4° del ART.33 de la LEY 21663, que revelen información del carácter secreto de su existencia y contenido, aun después del término de sus funciones en los respectivos servicios infracción de las siguientes obligaciones dispuestas en el Título IV de la Ley 21663 relativas al deber de reserva de la información dispuesta en el artículo 33 inciso 1, 2 y 4 de la misma ley. Asimismo, será castigada la Agencia que revele la información que llegue a conocer en el desempeño de sus funciones, cuando ella tenga tal calidad en virtud de una norma legal o porque requerida por ella, le sea entregada bajo tal calidad. Además, se le castigará en caso de no procurar el respeto a los derechos fundamentales de las personas, particularmente el respeto y resguardo del derecho a la vida privada y del derecho a la protección de datos personales.",INFRACCIÓN A OTROS TEXTOS LEGALES,9033,Interceptación o acceso ilícitos a datos informáticos,alta,"El delito CNP se refiere a la revelación de información confidencial, lo que se alinea con la interceptación o acceso ilícitos a datos informáticos (ICCS 9033), ya que ambos involucran la divulgación no autorizada de información sensible. Además, las exclusiones de ICCS 9033 no descartan el delito CNP, ya que no se menciona una situación que se ajuste a las exclusiones aplicables.",
22410,Ocultación o entrega de información falsa a Fiscalía Nacional Económica,"Sanciona a quienes, con el fin de dificultar, desviar o eludir el ejercicio de las atribuciones de la Fiscalía Nacional Económica, oculten información que les haya sido solicitada por la Fiscalía o le proporcionen información falsa.",LEY DE DEFENSA DE LA LIBRE COMPETENCIA,701,Fraude,alta,"El delito CNP se centra en la ocultación o entrega de información falsa a la Fiscalía Nacional Económica con el fin de dificultar o eludir su ejercicio de atribuciones. Este se alinea con el fraude definido en el ICCS 701, que incluye la obtención de beneficios o evasión de responsabilidades mediante medios engañosos. El ICCS 701 también abarca la suplantación, el robo de identidad y la representación engañosa de la identidad, lo cual se ajusta al móvil del delito CNP. Además, el ICCS 701 no excluye directamente este tipo de conducta, a diferencia de otros candidatos como 7041 (blanqueo de dinero) que se enfoca en la ocultación de bienes obtenidos ilegalmente, no en la falsificación de información.","fraude fiscal y fraude a la seguridad social (08041); insolvencia fraudulenta, utilización indebida de información privilegiada y otros actos contrarios a los reglamentos comerciales financieros (08042); fraude electoral (08079); enriquecimiento ilícito (07035)"
22411,Colusión,"Sanciona al que celebre u ordene celebrar, ejecute u organice un acuerdo que involucre a dos o más competidores entre sí, para fijar precios de venta o de compra de bienes o servicios en uno o más mercados; a quienes limiten su producción o provisión; al que divida, asigne o reparta zonas o cuotas de mercado; o afecte el resultado de licitaciones realizadas por empresas públicas, privadas prestadoras de servicios públicos, u órganos públicos.",LEY DE DEFENSA DE LA LIBRE COMPETENCIA,8045,Manipulación del mercado o utilización indebida de información privilegiada,alta,"El delito CNP se refiere a la colusión entre competidores para fijar precios, limitar producción o dividir mercados, lo cual se alinea con la manipulación del mercado descrita en el ICCS 8045. La sección ICCS corresponde a actos contra el orden público, lo que es compatible con el marco del delito. No se aplican exclusiones relevantes que descarten este código.",
22412,Tráfico de residuos peligrosos (Ley 20.920),"Sanciona al que exporte, importe o maneje residuos peligrosos, prohibidos o sin contar con las autorizaciones para ello. Art. 44 Ley 20.920",INFRACCIÓN A OTROS TEXTOS LEGALES,10022,Actos relacionados con el traslado o vertimiento transfronterizos de desechos,alta,"El delito CNP se refiere al tráfico de residuos peligrosos, lo cual se alinea con el código ICCS 10022 que abarca el traslado o vertimiento transfronterizos de desechos. La sección ICCS correspondiente (Actos contra el entorno natural) es compatible con el marco del delito. No se aplican exclusiones que descarten este código.",
22413,Falsificación de rótulos o certificados,"Sanciona la falsificación o utilización maliciosa de los certificados, rótulos o etiquetas otorgados por el Ministerio de Medio Ambiente.",INFRACCIÓN A OTROS TEXTOS LEGALES,702,Falsificación,alta,"El delito CNP se refiere a la falsificación de certificados o rótulos, lo cual se alinea con la definición de 'Falsificación' en el ICCS 702, que abarca la creación o posesión de imitaciones no autorizadas. La exclusión de 'utilización de un visado falsificado' (0805) no aplica en este caso, ya que el delito no implica visados. La sección ICCS correspondiente (Actos que conllevan fraude, engano o corrupción) también es compatible con el móvil del delito.",
22499,Otros delitos D.L. 211,Sanciona cualquier otro delito sancionado en el DL 211.,LEY DE DEFENSA DE LA LIBRE COMPETENCIA,11021,Delitos en razón de la condición de menor de edad,alta,"El delito CNP 22499 se refiere a otros delitos sancionados en el DL 211, que está relacionado con la protección de menores. El código ICCS 11021 corresponde a delitos en razón de la condición de menor de edad, lo cual es compatible con el marco legal del DL 211. No hay exclusiones que descarten este código para el delito descrito.",
22500,Infracciones a la inversión extranjera directa en Chile. Ley 20.848,"Sanciona la obtención maliciosa de la exención tributaria de que trata este número, mediante la presentación de documentos u otros antecedentes erróneos, incompletos o falsos",INFRACCIÓN A OTROS TEXTOS LEGALES,701,Fraude,alta,"El delito CNP se centra en la obtención maliciosa de exención tributaria mediante documentos falsos, lo que se alinea con el fraude como movil principal. El código ICCS 701 (Fraude) incluye la obtención de beneficios mediante engaño o conducta deshonesta, lo cual se ajusta al delito descrito. No se aplican exclusiones que descarten este código.",
22600,Desatender el llamado a reclutamiento D.L. 2306,Sanciona al que no concurre a las citaciones que las autoridades de reclutamiento les hicieren para los efectos de su selección.,INFRACCIÓN A OTROS TEXTOS LEGALES,8062,Incumplimiento de órdenes judiciales,alta,"El delito CNP se refiere a la no concurrencia a citaciones de reclutamiento, lo cual se alinea con el incumplimiento de órdenes judiciales (ICCS 8062), que incluye la violación de órdenes judiciales. El delito no se ajusta a la sección de reclutamiento de niños (110135) ni a actos contra el sistema de justicia (806), ya que no implica un acto contra el sistema de justicia en sí, sino la no cumplimiento de una citación. Las exclusiones de 806 no aplican en este caso.",
22601,Remisos (reclutamiento) D.L.2306,Sanciona a los remisos o seleccionados que no se presenten a reconocer cuartel para cumplir con el servicio militar,INFRACCIÓN A OTROS TEXTOS LEGALES,904,Actos contra la seguridad del Estado,alta,"El delito CNP se relaciona con el servicio militar y la falta de cumplimiento de obligaciones, lo cual se incluye en la sección ICCS 904 (Actos contra la seguridad del Estado). La inclusión menciona 'delitos relacionados con el servicio militar que no equivalen a crímenes de guerra', lo cual se ajusta al delito CNP.",delitos militares que no estén relacionados con el servicio militar
22700,Infracciones Ley 21.063 que crea un seguro para el acompañamiento de niños y niñas que padezcan ciertas enfermedades,Sanciona las infracciones a la Ley 21063 que crea un seguro para el acompañamiento de niños y niñas que padezcan ciertas enfermedades.,INFRACCIÓN A OTROS TEXTOS LEGALES,1102,Actos contrarios a las leyes u otras disposiciones sobre menores,alta,"El delito CNP se refiere a infracciones a leyes que protegen a menores, lo cual se alinea con la glosa de 1102 que abarca actos ilícitos definidos en leyes y reglamentos específicos que se refieren a los menores. No hay exclusiones que descarten este delito.",
22800,Infracciones a la Ley 21.075 sobre el mal uso de aguas grises,"Sanciona al que descargue sustancias químicas o cualquier otra que ponga en peligro la salud de las personas o afecte gravemente el funcionamiento de sistemas de recolección y tratamiento de las aguas grises, sea éste domiciliario o público, o que afecte su destino autorizado.",INFRACCIÓN A OTROS TEXTOS LEGALES,10012,Actos que causan la contaminación o degradación del agua,alta,"El delito CNP se relaciona con la contaminación del agua mediante la descarga de sustancias químicas, lo cual se alinea directamente con la glosa de 10012. Las exclusiones de 10012 no aplican al caso, ya que el delito no involucra traslado o vertimiento ilícitos de desechos, que son excluidos en ese código.",
22900,Infracciones a la Ley 21.086 que perfecciona los beneficios otorgados a bomberos,Sanciona al que fraudulentamente obtuviere o intentare obtener los beneficios consagrados en esta Ley le serán aplicables las penas previstas en los artículos 467 y siguientes del Código Penal.,INFRACCIÓN A OTROS TEXTOS LEGALES,701,Fraude,alta,"El delito CNP se centra en la obtención fraudulenta de beneficios, lo que se alinea con la definición de fraude en el ICCS 701. No se aplican exclusiones relevantes que descarten este código.",
23000,Infracciones a la Ley de Educación Superior,"Sanciona al funcionario de la Superintendencia que infrinja el deber de guardar absoluta reserva y secreto de las informaciones de las que tome conocimiento en el cumplimiento de sus labores, y abstenerse de utilizarlos en beneficio propio o de terceros, sin perjuicio de las informaciones y certificaciones que deba proporcionar de conformidad a la Ley. Además, sanciona al que, administrando a cualquier título recursos de una institución de educación superior, se interesare, directa o indirectamente, en cualquier negociación, acto, contrato u operación que involucre a la institución, con infracción a lo previsto en los artículos 71 a 77 de la Ley 21091.",INFRACCIÓN A OTROS TEXTOS LEGALES,8049,Otros actos contra la administración pública o contra disposiciones regulatorias,alta,"El delito CNP se relaciona con el incumplimiento de deberes de reserva y secreto por parte de un funcionario, lo que se alinea con el concepto de 'otros actos contra la administración pública o contra disposiciones regulatorias' en el ICCS 8049. Además, la sección del ICCS (Actos contra el orden público, la autoridad y las disposiciones del Estado) es compatible con el marco jurídico del delito. No se aplican exclusiones que descarten este código.",
23100,Infracciones a la Ley sobre Protección al Consumidor,Sanciona las infracciones a la Ley de protección al Consumidor.,INFRACCIÓN A OTROS TEXTOS LEGALES,1102,Actos contrarios a las leyes u otras disposiciones sobre menores,alta,"El delito CNP se refiere a infracciones a la Ley de protección al Consumidor, lo cual se relaciona con actos contrarios a leyes u otras disposiciones sobre menores, como la venta de alcohol o tabaco a menores, que están incluidas en 1102. La sección ICCS es compatible y las exclusiones no descartan el delito.",
23200,Infracciones a la Ley 19.132 sobre TVN,Sanciona las infracciones cometidas en contra de la Ley 19.132 sobre Televisión Nacional de Chile.,INFRACCIÓN A OTROS TEXTOS LEGALES,1102,Actos contrarios a las leyes u otras disposiciones sobre menores,alta,"El delito CNP se refiere a infracciones a la Ley 19.132 sobre Televisión Nacional de Chile, lo cual se relaciona con la aplicación de leyes específicas sobre menores, lo que se alinea con la glosa de 1102. No hay exclusión que descarte este delito.",
23300,Infracciones a la Ley 18.287 sobre Juzgado de Policía Local,Sanciona las infracciones en la Ley 18.287 sobre Juzgado de Policía Local y la comercialización de registro de pasajeros infractores.,INFRACCIÓN A OTROS TEXTOS LEGALES,8062,Incumplimiento de órdenes judiciales,alta,"El delito CNP 23300 se refiere a infracciones a la Ley 18.287 sobre Juzgado de Policía Local y la comercialización de registros de pasajeros infractores. Esto se relaciona con el incumplimiento de órdenes judiciales o normas legales que regulan el funcionamiento del sistema de justicia. El código ICCS 8062 se refiere específicamente al incumplimiento de órdenes judiciales, lo cual incluye la violación de órdenes de detención, libertad bajo fianza, etc., que son relevantes para el contexto del CNP. No se aplican exclusiones que descarten este código.",
23400,Infracciones a la Ley 19.220 sobre establecimiento de bolsas de productos agropecuarios,Sanciona las infracciones a la Ley 19.220 que regula establecimiento de bolsas de productos agropecuarios.,INFRACCIÓN A OTROS TEXTOS LEGALES,602,"Actos ilícitos relacionados con bebidas alcohólicas, tabaco u otras sustancias sujetas a fiscalización",alta,"El delito CNP se refiere a infracciones a la Ley 19.220 sobre establecimiento de bolsas de productos agropecuarios, lo cual se relaciona con la regulación de productos sujetos a fiscalización. El código ICCS 602 abarca actos ilícitos relacionados con bebidas alcohólicas, tabaco u otras sustancias sujetas a fiscalización, lo que se ajusta al marco del delito nacional. Además, las exclusiones del código 602 no descartan el delito CNP, ya que no se menciona explícitamente una exclusión que lo afecte.",
23500,Infracciones a la Ley de Identidad de Género,Sanciona las infracciones a la ley 21.120 que Reconoce y da protección al derecho a la identidad de género.,INFRACCIÓN A OTROS TEXTOS LEGALES,210,Discriminación,alta,"El delito CNP 23500 se relaciona con la discriminación por identidad de género, lo que se alinea con la definición de discriminación en el ICCS 210. La inclusión de discriminación basada en género en el ICCS 2102 también respalda esta clasificación. No hay exclusiones que descarten este delito en el contexto del ICCS 210.",
23600,Financiamiento ilegal de candidaturas o de partidos políticos,"ART. 30 DFL. 3 Ley 19.884 sobre trasparencia, límites y control de gastos electorales",INFRACCIÓN A OTROS TEXTOS LEGALES,8079,Otros actos relacionados con las elecciones democráticas,alta,"El delito CNP se relaciona con la financiación ilegal de candidaturas o partidos políticos, lo que se encauza en la sección ICCS de actos contra el orden público, la autoridad y las disposiciones del Estado. El código 8079 incluye la violación de las leyes de financiación de campañas electorales, lo cual coincide con el delito descrito. No se aplican exclusiones que descarten este código.",
23601,Mal uso de fondos fiscales para financiamiento de partido político,"ART. 30 DFL. 3 Ley 19.884 sobre trasparencia, límites y control de gastos electorales. Sanciona al que utiliza los aportes o fondos obtenidos del Fisco para el financiamiento de un partido político, en una finalidad distinta a la cual están destinados",INFRACCIÓN A OTROS TEXTOS LEGALES,807,Actos relacionados con las elecciones democráticas,alta,"El delito CNP se relaciona con la violación de leyes de financiación de campañas electorales, lo cual se incluye en el ICCS 807. El código 807 abarca actos relacionados con las elecciones democráticas, incluyendo la violación de las leyes de financiación de campañas electorales, lo cual coincide con la descripción del delito CNP.",
23602,Rendición falsa de cuenta electoral,"ART. 31 DFL. 3 Ley 19.884 sobre trasparencia, límites y control de gastos electorales. Sanciona al administrador electoral, el administrador general electoral o el administrador general de fondos de un partido político que, a sabiendas, en sus rendiciones de cuentas al Servicio Electoral proporcione antecedentes falsos o certifique hechos falsos.",INFRACCIÓN A OTROS TEXTOS LEGALES,8079,Otros actos relacionados con las elecciones democráticas,alta,"El delito CNP se relaciona con la falsificación de cuentas en el contexto electoral, lo cual se incluye en el ICCS 8079 como 'Otros actos relacionados con las elecciones democráticas'. La sección ICCS corresponde al marco legal del delito, y la inclusión menciona explícitamente 'violación de las leyes de financiación de campañas electorales', lo cual se alinea con la falsificación de cuentas electorales. No se aplican exclusiones que descarten este código.",
23700,Infracciones a la Ley de portabilidad financiera,"Sanciona al que, con perjuicio de tercero, cometiere alguna de las falsedades señaladas en el artículo 193 del Código Penal (falsificación de firma, alterando fechas, documentos, etc.), en cualquier documento que deba emitirse, entregarse o suscribirse en virtud de la portabilidad financiera. Asimismo, castiga al que maliciosamente hiciere uso de los instrumentos falsos o documentos adulterados.",INFRACCIÓN A OTROS TEXTOS LEGALES,7023,Actos de falsificación de documentos,alta,"El delito CNP se enfoca en la falsificación de documentos, incluyendo la alteración de fechas, firmas y otros elementos, lo cual se alinea directamente con la glosa de 7023. Además, las inclusiones de 7023 mencionan falsificación de firmas, lo cual coincide con el artículo 193 del CNP. No hay exclusiones que descarten este código en relación con el delito descrito.",
23725,Percepción ilegal de pensión garantizada universal,"Todo aquel que, con el objeto de percibir el beneficio de la Ley de pensión garantizada universal, para sí o para terceros, proporcione, declare o entregue a sabiendas datos o antecedentes falsos, incompletos o erróneos.",INFRACCIÓN A OTROS TEXTOS LEGALES,7019,Otros actos de fraude,alta,"El delito CNP se centra en la falsificación de datos para obtener un beneficio, lo cual se alinea con la definición de 'Otros actos de fraude' en el ICCS 7019. Este código incluye la representación engañosa de la identidad o situación profesional, suplantación y fraude relacionado con seguros, lo cual se ajusta al fraude en la percepción de una pensión garantizada universal. No se aplica ninguna exclusión relevante.",
23750,Revelación del secreto del sistema de búsqueda de personas desaparecidas,"Sanciona a quien revele o consienta en revelar la información del sistema de búsqueda de personas desaparecidas de la ley 21.500 y/o al funcionario público que, en el desempeño de su cargo, revele o consienta en que otro tome conocimiento de información contenida en dicho Sistema a la cual haya accedido con ocasión del ejercicio de ese cargo",INFRACCIÓN A OTROS TEXTOS LEGALES,904,Actos contra la seguridad del Estado,alta,"El delito CNP se relaciona con la revelación de secretos oficiales, lo cual se incluye en el ICCS 904 (Actos contra la seguridad del Estado). La sección ICCS es compatible, y el móvil del delito es la revelación de información sensible, que se alinea con el concepto de actos contra la seguridad del Estado.",
23775,"Sustracción, ruptura de redes, comercialización de especies de cultivo","Sanciona la sustracción de especies, la ruptura maliciosa de redes y toda acción que provoque o pueda provocar el escape de ejemplares desde centros de cultivo. También sanciona al que conociendo su origen o no pudiendo menos que conocerlo tenga en su poder, a cualquier título, especies salmonídeas obtenidas en vulneración a la normativa vigente, las transporte, compre, venda, transforme o comercialice en cualquier forma, aun cuando ya hubiese dispuesto de ellas.",INFRACCIÓN A OTROS TEXTOS LEGALES,10032,Comercio o posesión de especies animales prohibidas o controladas,alta,"El delito CNP se centra en la comercialización, transporte y posesión de especies salmonídeas obtenidas en vulneración a la normativa, lo que se alinea con la glosa de 10032 que menciona comercio o posesión de especies animales prohibidas o controladas. Además, la nota 140 define especies prohibidas como aquellas que entran en peligro para las personas o afectan el medio ambiente, lo cual se ajusta al contexto del delito CNP.",Hurto de mascotas (050221); delitos relacionados con el tratamiento o la cría de animales (10091); robo de ganado (04014); hurto de ganado (05025)
23785,Homicidio a funcionario de las Fuerzas Armadas en desempeño de funciones de resguardo de la seguridad pública,"El que mate a un miembro de las Fuerzas Armadas, en razón de su función de resguardo de la seguridad pública.",INFRACCIÓN A OTROS TEXTOS LEGALES,908,Otros actos contra la seguridad pública y la seguridad del Estado,alta,"El delito CNP se enmarca en actos contra la seguridad pública y la seguridad del Estado, ya que el homicidio se comete contra un funcionario de las Fuerzas Armadas en desempeño de funciones de resguardo de la seguridad pública. El código 908 abarca actos que pueden poner en peligro la seguridad pública y la seguridad del Estado, lo cual se ajusta al móvil del delito. El código 101, aunque relacionado con homicidio intencional, no abarca el contexto de seguridad pública y seguridad del Estado, que es clave en este caso.",Aplicar todas las exclusiones enumeradas en 0901 a 0907
23786,Maltrato de obra a funcionario de las Fuerzas Armadas en desempeño de funciones de resguardo de la seguridad pública,"El que hiera, golpee o maltrate de obra a un funcionario de las Fuerzas Armadas, en razón de su función de resguardo de la seguridad pública",INFRACCIÓN A OTROS TEXTOS LEGALES,908,Otros actos contra la seguridad pública y la seguridad del Estado,alta,"El delito CNP se centra en el maltrato a un funcionario de las Fuerzas Armadas en ejercicio de sus funciones de seguridad pública. El código ICCS 908 abarca otros actos contra la seguridad pública y la seguridad del Estado, lo cual incluye actos que pueden poner en peligro la seguridad pública, lo cual se alinea con el móvil del delito. No se aplican exclusiones que descarten este código.",
23787,Delitos contra la administración ambiental,"Sanciona a los que: a) El que maliciosamente en la evaluación ambiental de un proyecto presentare información que ocultare, morigerare, alterare o disminuyere los efectos o impactos ambientales futuros determinados en la evaluación ambiental, de un modo tal que pudiere conducir a una incorrecta aprobación de la resolución de calificación ambiental.b) El que maliciosamente fraccionare sus proyectos o actividades para eludir el sistema de evaluación de impacto ambiental o hacer variar la vía de ingreso a él.c) El que maliciosamente presentare a la Superintendencia del Medio Ambiente información falsa o incompleta para acreditar el cumplimiento de obligaciones impuestas en una resolución de calificación ambiental, normas de emisión, planes de reparación, programas de cumplimiento, planes de prevención o de descontaminación, o cualquier otro instrumento de gestión ambiental de su competencia: sanciona además: a) El que incumpliere las sanciones de clausura impuestas por la Superintendencia del Medio Ambiente o las medidas impuestas en virtud de las letras b), c), d) y e) del artículo 48.b) El que impidiere u obstaculizare significativamente las actividades de fiscalización que efectuare la Superintendencia del Medio Ambiente",INFRACCIÓN A OTROS TEXTOS LEGALES,1001,Actos que causan contaminación o degradación del medio ambiente,alta,"El delito CNP se centra en la manipulación de información ambiental y la evasión de regulaciones, lo que se alinea con la sección ICCS 'Actos contra el entorno natural'. El código 1001 abarca la contaminación del entorno natural, incluyendo la manipulación de datos ambientales. Aunque hay exclusiones, el delito no se ajusta a las exclusiones de contaminación por traslado de desechos (1002) ni a otros delitos ambientales específicos.","Contaminación o degradación mediante el traslado o vertimiento ilícitos de desechos (1002); delitos relacionados con la basura (0801); destrucción, daños o degradación intencional de propiedad pública o privada (0504)"
23788,Elaboración de alcoholes no etílicos destinados a bebida,"Sanciona al que elaborare productos utilizando alcoholes no etílicos y los destine a la bebida; al que elaborare productos empleando tratamientos o aditivos prohibidos o en una forma distinta a la autorizada, que conviertan al producto en tóxico o dañino para la salud y los destine a la bebida; Al que sin ser elaborador comprare para vender los productos a que se refieren los incisos anteriores, y los destinare a la bebida.",INFRACCIÓN A OTROS TEXTOS LEGALES,6021,"Producción, manipulación, posesión o uso ilícitos de productos alcohólicos",alta,"El delito CNP se centra en la elaboración de alcoholes no etílicos para bebida, lo que se alinea con la producción, manipulación y distribución ilícitas de productos alcohólicos. El código ICCS 6021 abarca estas actividades y su inclusión menciona la elaboración ilegal de bebidas alcohólicas, lo cual es directamente relevante. No se aplican exclusiones que descarten este código.",
23789,Contravención a medidas de la Ley de Elaboración de Alcoholes,"Sanciona al que contraviniere alguna medida provisional indicada por el Servicio Agrícola y Ganadero PARA asegurar la efectividad de la sanción aplicable y el resultado de la investigación (ordenar la retención de productos, la inmovilización de éstos, y la aposición de sellos en vasijas, recintos y maquinarias).",INFRACCIÓN A OTROS TEXTOS LEGALES,6021,"Producción, manipulación, posesión o uso ilícitos de productos alcohólicos",alta,"El delito CNP se refiere a la contravención a medidas de la Ley de Elaboración de Alcoholes, que incluye la retención, inmovilización y aposición de sellos en productos alcohólicos. Esto se alinea con la descripción de 6021, que abarca la manipulación, posesión, uso, producción, tráfico o distribución ilícitos de productos alcohólicos. Además, las exclusiones de 6021 no descartan el delito CNP, mientras que las inclusiones lo abarcan.",
23790,Otorgamiento de certificados respecto de alcoholes tóxicos,Sanciona al que otorgare certificados de potabilidad respecto de los productos a que se refiere la ley 18455 de elaboración  de alcoholes y que fueren tóxicos o nocivos para la salud.,INFRACCIÓN A OTROS TEXTOS LEGALES,6021,"Producción, manipulación, posesión o uso ilícitos de productos alcohólicos",alta,"El delito CNP se refiere al otorgamiento de certificados de potabilidad respecto de alcoholes tóxicos, lo cual se relaciona con la producción, manipulación o uso ilícitos de productos alcohólicos. El código ICCS 6021 abarca estas acciones y es compatible con la sección ICCS correspondiente. No se aplican exclusiones que descarten este código.",
23800,Obtención fraudulenta beneficios Covid-19,"Sanciona a las personas que obtuvieren beneficios del seguro de desempleo establecidos en la Ley 21.227, durante el estado de excepción constitucional provocado por la Pandemia COVID 19, mediante simulación o engaño, u obtuvieren complementos, prestaciones y/o un beneficio mayor al que les corresponda y a quienes faciliten los medios para la comisión de tales delitos, durante el estado de excepción constitucional. Asimismo, sanciona el acaparamiento, especulación y comercialización fraudulenta de artículos de primera necesidad establecidos en la ley 16.282. También sanciona a los trabajadores independientes que obtuvieren los beneficios establecidos en la Ley 21.424 mediante simulación o engaño y quienes, de igual forma, obtuvieren un beneficio mayor al que les corresponda.",INFRACCIÓN A LEYES ESPECIALES COVID-19,701,Fraude,alta,"El delito CNP se centra en la obtención fraudulenta de beneficios, lo que se alinea con la definición de 'Fraude' en el ICCS 701. No se aplican exclusiones que descarten este código, ya que el delito no corresponde a fraude electoral, insolvencia fraudulenta, fraude fiscal o fraude a la seguridad social, que son excluidos en el ICCS 701.",
23801,Obtención simulada o engañosa de beneficios de protección de la clase media,"Sanciona a las personas que obtuvieren los beneficios de protección de los ingresos de la clase media, establecidos en la ley 21.252, mediante simulación o engaño y a quienes, de igual forma, obtuvieren un beneficio mayor al que les corresponda o realicen maniobras para no devolverlo. Asimismo, sanciona a quienes faciliten los medios para la comisión de tales delitos.",INFRACCIÓN A LEYES ESPECIALES COVID-19,701,Fraude,alta,"El delito CNP se centra en la obtención de beneficios mediante simulación o engaño, lo que se alinea con la definición de 'fraude' en el ICCS 701. Además, el ICCS 701 incluye la obtención de beneficios mediante conducta deshonesta, lo cual coincide con el móvil del delito descrito. El ICCS 709 también es relevante, pero su exclusión de 'fraude fiscal y fraude a la seguridad social' no descarta el delito CNP, mientras que el ICCS 701 no lo excluye.",
23802,Obtención fraudulenta de beneficios tributarios Covid-19,"Sanciona a las personas que obtuvieren un beneficio tributario mayor al que les corresponda en conformidad a la ley de medidas del plan de reactivación económica y empleo (ley 21.256); a aquellas que, sin corresponderle, obtuvieren total o parcialmente beneficios mediante simulación o engaño, y a quienes de igual forma obtuvieren un beneficio mayor al que les corresponda o realicen maniobras para no devolverlo.",INFRACCIÓN A LEYES ESPECIALES COVID-19,701,Fraude,alta,"El delito CNP se ajusta a la definición de 'Fraude' en el ICCS 701, ya que implica obtención de beneficios mediante engaño o simulación. No se ajusta a exclusiones como 'enriquecimiento ilícito' (7035) ni 'fraude fiscal' (08041), que son descartados por la descripción del delito.",Obtención de dinero sin conducta deshonesta pero con la intención de no devolverlo al dueño (0502); fraude electoral (08079); enriquecimiento ilícito (07035)
23803,Obtención fraudulenta de beneficios tributarios o bonos Covid-19 para PYMES,"Sanciona a quien mediante simulación o engaño obtuviere un bono COVID para pymes, mayor al que les corresponda o realice maniobras para no reintegrarlo. También a quien realice procedimientos dolosos encaminados a efectuar imputaciones u obtener devoluciones improcedentes o mayores a las que corresponda.",INFRACCIÓN A LEYES ESPECIALES COVID-19,701,Fraude,alta,"El delito CNP se describe como obtención fraudulenta de beneficios tributarios o bonos Covid-19 mediante simulación o engaño, lo cual se alinea con la definición de 'Fraude' en el ICCS 701. Además, el ICCS 701 incluye casos de engaño para obtener beneficios, lo cual es compatible con el móvil del delito descrito. El ICCS 7019 también podría ser relevante, pero se excluye por estar más orientado a fraude general y no específicamente a beneficios tributarios o bonos.",Obtención de dinero sin conducta deshonesta pero con la intención de no devolverlo al dueño (0502)
23804,Percepción indebida subsidio Covid-19 agua o electricidad,Todo aquel que percibiere indebidamente los subsidios  de agua potable y electricidad generados durante la pandemia de Covid-19 ocultando datos o proporcionando antecedentes falsos.,INFRACCIÓN A LEYES ESPECIALES COVID-19,7032,Malversación o peculado,alta,"El delito CNP se caracteriza por la apropiación indebida de subsidios públicos, lo que se alinea con la definición de 'malversación o peculado' en el ICCS 7032. El movil del delito es la apropiación de bienes confiados, lo que coincide con la descripción del ICCS. No se aplican exclusiones relevantes que descarten este código.",
23900,Infracciones a la Ley Orgánica Constitucional sobre Sistemas de Inscripciones Electorales y Servicio Electoral,Castigan los diversos delitos contemplados en la Ley Orgánica Constitucional sobre Sistemas de Inscripciones Electorales y Servicio Electoral.,INFRACCIÓN A OTROS TEXTOS LEGALES,807,Actos relacionados con las elecciones democráticas,alta,"El delito CNP se relaciona con infracciones a la Ley Orgánica Constitucional sobre Sistemas de Inscripciones Electorales y Servicio Electoral, lo cual se alinea con el concepto de actos relacionados con las elecciones democráticas en el ICCS 807. Las inclusiones de 807, como fraude electoral y violación de leyes de financiación de campañas, son compatibles con el alcance del delito CNP.",
24000,Entrega de información falsa o incompleta sobre el cumplimiento de planes de pago,Sanciona la entrega maliciosa de información falsa o incompleta sobre el cumplimiento de los planes de pago y ajustes,INFRACCIÓN A OTROS TEXTOS LEGALES,701,Fraude,alta,"El delito CNP se relaciona con la entrega de información falsa o incompleta con el propósito de engañar, lo que se alinea con la definición de fraude en el ICCS 701. El movil del delito es la obtención de beneficios o evasión de responsabilidades mediante engaño, lo cual se ajusta a la descripción del fraude. No se aplican exclusiones relevantes que descarten este código.",
24001,Administración maliciosa Institución de Salud Previsional,"Sanciona al que, conociendo el mal estado de sus negocios o con ignorancia inexcusable sobre el mal estado de sus negocios, realizare algún acto en una Institución de Salud Previsional manifiestamente contrario a las exigencias de una administración racional del patrimonio.",INFRACCIÓN A OTROS TEXTOS LEGALES,804,Actos contrarios a las disposiciones relativas a los ingresos públicos u otras disposiciones regulatorias,alta,"El delito CNP se relaciona con actos contrarios a disposiciones regulatorias, específicamente en el ámbito de una institución de salud previsional. El código ICCS 804 abarca actos contrarios a disposiciones relativas a los ingresos públicos u otras disposiciones regulatorias, lo cual se alinea con el móvil del delito descrito. Además, el código 804 incluye delitos de personas jurídicas y actos relacionados con comportamientos regulados, lo cual es relevante para el contexto del delito CNP.","Lesiones corporales o posibilidad de infligir lesiones corporales debido al comportamiento negligente, irresponsable o descuidado de una persona (0206); actos que conllevan fraude, engaño o corrupción (07)"
24050,Infracciones al programa de garantías de apoyo al endeudamiento,"Sanciona los delitos de la ley  N°21.543, Art. 4 y art. 5 transitorio",INFRACCIÓN A OTROS TEXTOS LEGALES,8042,Actos contrarios a disposiciones comerciales o financieras,alta,"El delito CNP se refiere a infracciones al programa de garantías de apoyo al endeudamiento, lo cual se relaciona con actos contrarios a disposiciones comerciales o financieras. El código ICCS 8042 incluye delitos relacionados con inversiones o acciones que no equivalen a fraude, lo que se ajusta al contexto del CNP. No se aplican exclusiones relevantes.",
30000,Delitos del art. undécimo Ley 20.416 que fija normas especiales para las empresas de menor tamaño,"El asesor persona natural o los socios de la sociedad que actúen en calidad de asesor, y que se concertaren con el deudor o con cualquier acreedor actual o pasado o con un tercero para proporcionar alguna ventaja indebida para sí o para las personas antes indicadas. La declaración falsa que formule el deudor acerca de sus acreedores, del monto de las obligaciones o la naturaleza de las mismas, o acerca de la propiedad de los bienes abandonados.",INFRACCIÓN A OTROS TEXTOS LEGALES,701,Fraude,alta,"El delito CNP se centra en la falsificación de información y la obtención de beneficios mediante engaño, lo que se alinea con la definición de fraude en el ICCS 701. Las exclusiones aplicadas descartan categorías como el fraude financiero contra el Estado (70111) y el enriquecimiento ilícito (7035), que no son relevantes para este caso.","insolvencia fraudulenta, utilización indebida de información privilegiada y otros actos contrarios a los reglamentos comerciales financieros (08042); fraude electoral (08079); enriquecimiento ilícito (07035)"
30100,Delitos de la Ley 20.345,Sanciona los delitos que afecten sistemas de compensación y liquidación de instrumentos financieros.,INFRACCIÓN A OTROS TEXTOS LEGALES,8042,Actos contrarios a disposiciones comerciales o financieras,alta,"El delito CNP 30100 afecta sistemas de compensación y liquidación de instrumentos financieros, lo que se alinea con la glosa de 8042: 'Actos contrarios a disposiciones comerciales o financieras'. La sección ICCS correspondiente (Actos contra el orden público, la autoridad y las disposiciones del Estado) también es compatible con el marco legal del delito. No hay exclusiones que descarten este código para el delito descrito.",
99997,Faltas al régimen penitenciario,,FALTAS,806,Actos contra el sistema de justicia,alta,"El delito CNP 99997 se refiere a faltas al régimen penitenciario, lo cual se alinea con el ICCS 806 que abarca actos contra el sistema de justicia, incluyendo delitos relacionados con la reglamentación penitenciaria. Las inclusiones del ICCS 806 incluyen 'delito relacionado con la reglamentación penitenciaria', lo que se ajusta al delito nacional. No hay exclusiones que descarten este delito.",
