cnp_codigo,cnp_glosa,top1_codigo,top1_score,top1_glosa,top2_codigo,top2_score,top2_glosa,top3_codigo,top3_score,top3_glosa,top4_codigo,top4_score,top4_glosa,top5_codigo,top5_score,top5_glosa,top6_codigo,top6_score,top6_glosa,top7_codigo,top7_score,top7_glosa,top8_codigo,top8_score,top8_glosa,top9_codigo,top9_score,top9_glosa,top10_codigo,top10_score,top10_glosa
101,Quebrantamiento,806,0.5407,Actos contra el sistema de justicia,8062,0.5395,Incumplimiento de órdenes judiciales,11021,0.5335,Delitos en razón de la condición de menor de edad,11013,0.5291,Crímenes de guerra,202,0.5267,Actos contra la libertad,11015,0.5263,Crímenes de lesa humanidad,8063,0.524,Intención delictiva,8011,0.5209,Delitos relacionados con la alteración violenta del orden público,1109,0.5194,Otros actos delictivos no clasificados en otra parte,8069,0.5145,Otros actos contra el sistema de justicia
201,Libertad de culto,80321,0.5858,Violaciones de las normas sobre creencias u opiniones religiosas,202,0.5326,Actos contra la libertad,8031,0.5322,Actos contra la libertad de expresión,8039,0.5291,Otros actos relacionados con la libertad de expresión o el control de la expresión,20299,0.5242,Otros actos contra la libertad,803,0.5234,Actos relacionados con la libertad de expresión o el control de la expresión,110134,0.5197,Actos contra la libertad o la dignidad humana en relación con conflictos armados,8021,0.5171,Delitos de prostitución,2029,0.5158,Otros actos contra la libertad,80322,0.5139,Violaciones de las normas sobre intolerancia e incitación al odio
202,Secuestro,20221,0.7384,Secuestro,2022,0.7081,Privación de libertad,20212,0.6809,Secuestro por otro familiar,20211,0.6727,Secuestro por progenitores,2021,0.657,Secuestro de menores,20223,0.6537,Secuestro de vehículos,20219,0.6529,Otras formas de secuestro de menores,20213,0.6444,Secuestro por un tutor legal,20222,0.6367,Retención ilegal,2031,0.6056,Esclavitud
203,Sustracción de menores,11021,0.6865,Delitos en razón de la condición de menor de edad,1102,0.6324,Actos contrarios a las leyes u otras disposiciones sobre menores,2021,0.6251,Secuestro de menores,30223,0.6235,Captación de menores con fines sexuales,30113,0.6228,Violación por presunción legal,30222,0.6128,Prostitución infantil,3022,0.6088,Explotación sexual de menores,20219,0.6029,Otras formas de secuestro de menores,11029,0.5943,Otros actos contrarios a las leyes u otras disposiciones sobre menores,30229,0.5901,Otras formas de explotación sexual de menores
204,Violación de morada,50122,0.667,Robo con entrada ilícita en residencias particulares no permanentes,50121,0.6652,Robo con entrada ilícita en residencias particulares permanentes,5012,0.6362,Robo con entrada ilícita en domicilios particulares,501,0.5934,Robo con entrada ilícita,5019,0.5819,Otros actos de robo con entrada ilícita,5013,0.5577,Robo con entrada ilícita en locales públicos,509,0.5508,Otros actos contra la propiedad solamente,8059,0.5162,Otros actos ilícitos relacionados con la migración,2111,0.5131,Invasión de la intimidad,40112,0.5099,Robo a personas en lugares privados
205,"Apertura, registro o interceptación de correspondencia",9033,0.6196,Interceptación o acceso ilícitos a datos informáticos,903,0.5724,Actos contra sistemas informáticos,5019,0.5641,Otros actos de robo con entrada ilícita,9031,0.5606,Acceso ilícito a sistemas informáticos,2111,0.5441,Invasión de la intimidad,9032,0.5393,Injerencia ilícita en sistemas o datos informáticos,501,0.5306,Robo con entrada ilícita,90322,0.5299,Injerencia ilícita en datos informáticos,2022,0.5289,Privación de libertad,20221,0.5241,Secuestro
206,"Exacciones ilegales (Art. 147, 157 y 241 Código Penal)",703,0.5759,Corrupción,704,0.5701,Actos relacionados con el producto del delito,7049,0.5516,Otros actos relacionados con el producto del delito,7035,0.5442,Enriquecimiento ilícito,601,0.5331,Actos ilícitos relacionados con drogas o precursores sujetos a fiscalización,60121,0.5305,Tráfico ilícito de drogas sujetas a fiscalización no destinadas al consumo personal,7039,0.5258,Otros actos de corrupción,709,0.5252,"Otros actos que conllevan fraude, engaño o corrupción",302,0.5244,Explotación sexual,701,0.5225,Fraude
207,"Detención, destierro o arresto irregular",20222,0.6876,Retención ilegal,2022,0.6608,Privación de libertad,806,0.6214,Actos contra el sistema de justicia,8062,0.6171,Incumplimiento de órdenes judiciales,8059,0.5949,Otros actos ilícitos relacionados con la migración,20221,0.5898,Secuestro,110134,0.5834,Actos contra la libertad o la dignidad humana en relación con conflictos armados,20229,0.5788,Otras formas de privación de libertad,8051,0.577,Delitos de tráfico ilícito de migrantes,805,0.5768,Actos relacionados con la migración
208,Violación de prerrogativas,110134,0.5744,Actos contra la libertad o la dignidad humana en relación con conflictos armados,503,0.5566,Delitos contra la propiedad intelectual,211,0.545,Transgresiones contra las personas,2022,0.5414,Privación de libertad,11013,0.5402,Crímenes de guerra,3011,0.5312,Violación,806,0.5298,Actos contra el sistema de justicia,20229,0.529,Otras formas de privación de libertad,401,0.5225,Robo,8069,0.5217,Otros actos contra el sistema de justicia
209,Condenas irregulares,1109,0.5876,Otros actos delictivos no clasificados en otra parte,11019,0.5675,Otros actos bajo jurisdicción universal,8022,0.5673,Delitos de pornografía,1102,0.5575,Actos contrarios a las leyes u otras disposiciones sobre menores,11013,0.555,Crímenes de guerra,8021,0.5466,Delitos de prostitución,211,0.5435,Transgresiones contra las personas,802,0.5432,Actos contrarios a las normas de conducta sexual orientadas al mantenimiento del orden público,1101,0.5402,Actos bajo jurisdicción universal,11021,0.5377,Delitos en razón de la condición de menor de edad
210,Allanamientos irregulares,7033,0.5649,Abuso de funciones,703,0.5287,Corrupción,801,0.5156,Actos contrarios a las normas de conducta orientadas al mantenimiento del orden público,7031,0.5154,Soborno,808,0.5132,Actos contrarios al derecho laboral,8082,0.5116,Violaciones del derecho laboral individual,804,0.5039,Actos contrarios a las disposiciones relativas a los ingresos públicos u otras disposiciones regulatorias,70311,0.5029,Soborno activo,7035,0.5019,Enriquecimiento ilícito,8021,0.4988,Delitos de prostitución
211,Delito contra libertad de opinión,8031,0.6338,Actos contra la libertad de expresión,803,0.6138,Actos relacionados con la libertad de expresión o el control de la expresión,8039,0.6032,Otros actos relacionados con la libertad de expresión o el control de la expresión,202,0.5853,Actos contra la libertad,20299,0.5827,Otros actos contra la libertad,20229,0.5621,Otras formas de privación de libertad,80321,0.5506,Violaciones de las normas sobre creencias u opiniones religiosas,2029,0.5483,Otros actos contra la libertad,110134,0.5471,Actos contra la libertad o la dignidad humana en relación con conflictos armados,8032,0.5451,Actos relacionados con expresiones de creencias y normas sociales controladas
212,Delito contra libertad de trabajo,808,0.6453,Actos contrarios al derecho laboral,8082,0.6318,Violaciones del derecho laboral individual,2032,0.6162,Trabajo forzoso,202,0.5673,Actos contra la libertad,20323,0.5651,Trabajo forzoso para el Estado o las fuerzas armadas,2042,0.5585,Trata de personas con fines de trabajo o servicios forzosos,8081,0.5554,Violaciones del derecho laboral colectivo,20329,0.5529,Otras formas de trabajo forzoso,2029,0.5508,Otros actos contra la libertad,20299,0.5435,Otros actos contra la libertad
213,Delitos contra libertad de reunión,905,0.5894,Actos relacionados con grupos delictivos organizados,202,0.5763,Actos contra la libertad,8019,0.5594,Otros actos contrarios a las normas de conducta orientadas al mantenimiento del orden público,9051,0.5515,Participación en un grupo delictivo organizado,2022,0.546,Privación de libertad,8011,0.5413,Delitos relacionados con la alteración violenta del orden público,803,0.5388,Actos relacionados con la libertad de expresión o el control de la expresión,9061,0.5367,Participación en un grupo terrorista,8031,0.5338,Actos contra la libertad de expresión,110134,0.5337,Actos contra la libertad o la dignidad humana en relación con conflictos armados
214,Delitos contra la libertad ambulatoria y el derecho de asociación,202,0.5925,Actos contra la libertad,808,0.5902,Actos contrarios al derecho laboral,8081,0.5875,Violaciones del derecho laboral colectivo,8082,0.566,Violaciones del derecho laboral individual,806,0.5636,Actos contra el sistema de justicia,905,0.5548,Actos relacionados con grupos delictivos organizados,803,0.5516,Actos relacionados con la libertad de expresión o el control de la expresión,8031,0.5495,Actos contra la libertad de expresión,801,0.5458,Actos contrarios a las normas de conducta orientadas al mantenimiento del orden público,2022,0.5452,Privación de libertad
215,Delito contra el derecho de petición,110134,0.537,Actos contra la libertad o la dignidad humana en relación con conflictos armados,806,0.5216,Actos contra el sistema de justicia,1101,0.515,Actos bajo jurisdicción universal,8069,0.5107,Otros actos contra el sistema de justicia,809,0.5105,"Otros actos contra el orden público, la autoridad y las disposiciones del Estado",3011,0.5059,Violación,8061,0.5056,Obstrucción de la justicia,202,0.505,Actos contra la libertad,1109,0.4994,Otros actos delictivos no clasificados en otra parte,211,0.4983,Transgresiones contra las personas
216,"Usurpación de propiedad, descubrimiento o producción",503,0.6291,Delitos contra la propiedad intelectual,509,0.6234,Otros actos contra la propiedad solamente,502,0.601,Hurto,4019,0.5894,Otros actos de robo,409,0.5783,Otros actos contra la propiedad que entrañan violencia o amenaza de violencia contra las personas,5019,0.5766,Otros actos de robo con entrada ilícita,7049,0.5683,Otros actos relacionados con el producto del delito,704,0.5571,Actos relacionados con el producto del delito,501,0.5551,Robo con entrada ilícita,2022,0.5527,Privación de libertad
217,Violación de secreto de invento,503,0.6591,Delitos contra la propiedad intelectual,8063,0.5508,Intención delictiva,1109,0.5237,Otros actos delictivos no clasificados en otra parte,9032,0.5221,Injerencia ilícita en sistemas o datos informáticos,90322,0.5211,Injerencia ilícita en datos informáticos,5019,0.5167,Otros actos de robo con entrada ilícita,4019,0.5162,Otros actos de robo,5049,0.5145,Otros daños a bienes,11013,0.5107,Crímenes de guerra,504,0.51,Daños a la propiedad
218,Empleado público que expropie bienes o perturbe posesión de otro,509,0.6411,Otros actos contra la propiedad solamente,502,0.614,Hurto,409,0.6111,Otros actos contra la propiedad que entrañan violencia o amenaza de violencia contra las personas,503,0.5824,Delitos contra la propiedad intelectual,4019,0.5783,Otros actos de robo,401,0.5707,Robo,5019,0.5697,Otros actos de robo con entrada ilícita,2022,0.5688,Privación de libertad,501,0.5685,Robo con entrada ilícita,4012,0.5684,Robo de objetos de valor o bienes en tránsito
219,Prolongación de incomunicación,8062,0.5188,Incumplimiento de órdenes judiciales,2082,0.5141,Acoso,1109,0.502,Otros actos delictivos no clasificados en otra parte,202,0.4997,Actos contra la libertad,2022,0.498,Privación de libertad,104,0.4955,Suicidio asistido o incitación al suicidio,20222,0.4897,Retención ilegal,806,0.4877,Actos contra el sistema de justicia,211,0.4841,Transgresiones contra las personas,103,0.4841,Homicidio no intencional
220,Tormentos a detenidos,1109,0.5599,Otros actos delictivos no clasificados en otra parte,8011,0.5461,Delitos relacionados con la alteración violenta del orden público,11011,0.5217,Tortura,806,0.5215,Actos contra el sistema de justicia,11013,0.5194,Crímenes de guerra,2022,0.5173,Privación de libertad,20222,0.5168,Retención ilegal,11019,0.5139,Otros actos bajo jurisdicción universal,1101,0.5078,Actos bajo jurisdicción universal,905,0.5068,Actos relacionados con grupos delictivos organizados
221,Delitos contra vida y la privacidad de las conversaciones,9033,0.5927,Interceptación o acceso ilícitos a datos informáticos,2111,0.5546,Invasión de la intimidad,2022,0.5511,Privación de libertad,30223,0.55,Captación de menores con fines sexuales,90322,0.5469,Injerencia ilícita en datos informáticos,9032,0.5382,Injerencia ilícita en sistemas o datos informáticos,903,0.5333,Actos contra sistemas informáticos,211,0.5302,Transgresiones contra las personas,5019,0.5294,Otros actos de robo con entrada ilícita,803,0.5262,Actos relacionados con la libertad de expresión o el control de la expresión
222,"Secuestro con homicidio, violación o lesiones",20221,0.6324,Secuestro,11013,0.6258,Crímenes de guerra,2022,0.6091,Privación de libertad,101,0.606,Homicidio intencional,11015,0.6048,Crímenes de lesa humanidad,110131,0.6027,Homicidio o tentativa de causar la muerte o lesiones graves de forma ilícita en conflictos armados,1109,0.5963,Otros actos delictivos no clasificados en otra parte,20219,0.5877,Otras formas de secuestro de menores,20212,0.5829,Secuestro por otro familiar,1031,0.5821,Homicidio no culposo
223,Exacciones ilegales cometidas por particulares,703,0.5821,Corrupción,7035,0.5758,Enriquecimiento ilícito,704,0.5565,Actos relacionados con el producto del delito,60121,0.5491,Tráfico ilícito de drogas sujetas a fiscalización no destinadas al consumo personal,203,0.5475,Esclavitud y explotación,7031,0.5404,Soborno,7049,0.5369,Otros actos relacionados con el producto del delito,7033,0.5368,Abuso de funciones,8021,0.5342,Delitos de prostitución,804,0.5342,Actos contrarios a las disposiciones relativas a los ingresos públicos u otras disposiciones regulatorias
224,Torturas por particulares agentes del Estado,301,0.5823,Violencia sexual,101,0.5763,Homicidio intencional,11015,0.5749,Crímenes de lesa humanidad,110134,0.5697,Actos contra la libertad o la dignidad humana en relación con conflictos armados,2119,0.567,Otras transgresiones contra las personas,1031,0.5646,Homicidio no culposo,3011,0.5611,Violación,211,0.5565,Transgresiones contra las personas,110131,0.5543,Homicidio o tentativa de causar la muerte o lesiones graves de forma ilícita en conflictos armados,104,0.5536,Suicidio asistido o incitación al suicidio
225,Torturas cometidas por funcionarios públicos,7033,0.5783,Abuso de funciones,11015,0.5746,Crímenes de lesa humanidad,101,0.5738,Homicidio intencional,110134,0.5697,Actos contra la libertad o la dignidad humana en relación con conflictos armados,11011,0.5613,Tortura,8021,0.5586,Delitos de prostitución,204,0.5542,Trata de personas,203,0.5512,Esclavitud y explotación,806,0.551,Actos contra el sistema de justicia,8022,0.547,Delitos de pornografía
226,Promoción odio o violencia con grupos por motivos discriminatorios,80322,0.6953,Violaciones de las normas sobre intolerancia e incitación al odio,210,0.6527,Discriminación,2102,0.6409,Discriminación de grupos,11016,0.6208,Crimen de agresión,11014,0.6011,Genocidio,2109,0.5951,Otras formas de discriminación,11015,0.5935,Crímenes de lesa humanidad,11013,0.5896,Crímenes de guerra,8011,0.583,Delitos relacionados con la alteración violenta del orden público,8063,0.5749,Intención delictiva
227,Tortura para anular voluntad,110134,0.6474,Actos contra la libertad o la dignidad humana en relación con conflictos armados,101,0.6309,Homicidio intencional,102,0.6085,Tentativa de homicidio intencional,1031,0.5999,Homicidio no culposo,110131,0.5985,Homicidio o tentativa de causar la muerte o lesiones graves de forma ilícita en conflictos armados,11015,0.5953,Crímenes de lesa humanidad,105,0.589,Eutanasia,301,0.5878,Violencia sexual,103,0.5876,Homicidio no intencional,210,0.5871,Discriminación
228,Tortura con homicidio,101,0.6312,Homicidio intencional,110131,0.6254,Homicidio o tentativa de causar la muerte o lesiones graves de forma ilícita en conflictos armados,1031,0.6163,Homicidio no culposo,11015,0.5903,Crímenes de lesa humanidad,11013,0.5823,Crímenes de guerra,103,0.5783,Homicidio no intencional,102,0.566,Tentativa de homicidio intencional,1032,0.5625,Homicidio culposo,11011,0.5589,Tortura,107,0.5503,Homicidio ilícito relacionado con conflictos armados
229,"Tortura con violación, abuso sexual agravado u otros",3011,0.6065,Violación,301,0.6055,Violencia sexual,11015,0.6027,Crímenes de lesa humanidad,11013,0.6016,Crímenes de guerra,3012,0.5948,Agresión sexual,30111,0.5833,Violación con uso de la fuerza,3019,0.5826,Otros actos de violencia sexual,30119,0.5754,Otras formas de violación,30113,0.5723,Violación por presunción legal,30112,0.5708,Violación sin uso de la fuerza
230,Tortura con cuasidelito,11011,0.5826,Tortura,11013,0.581,Crímenes de guerra,11015,0.581,Crímenes de lesa humanidad,101,0.5776,Homicidio intencional,110131,0.5721,Homicidio o tentativa de causar la muerte o lesiones graves de forma ilícita en conflictos armados,110134,0.5571,Actos contra la libertad o la dignidad humana en relación con conflictos armados,1031,0.5522,Homicidio no culposo,104,0.5495,Suicidio asistido o incitación al suicidio,106,0.5482,Feticidio ilegal,2119,0.5232,Otras transgresiones contra las personas
231,Apremios ilegítimos cometidos por empleados públicos,808,0.5882,Actos contrarios al derecho laboral,7033,0.5857,Abuso de funciones,8082,0.5714,Violaciones del derecho laboral individual,203,0.5541,Esclavitud y explotación,7031,0.5535,Soborno,8021,0.5499,Delitos de prostitución,703,0.5416,Corrupción,2101,0.5391,Discriminación de personas,2032,0.5385,Trabajo forzoso,2051,0.5304,Extorsión o chantaje
232,Apremios ilegítimos con homicidio,101,0.6528,Homicidio intencional,110131,0.6302,Homicidio o tentativa de causar la muerte o lesiones graves de forma ilícita en conflictos armados,1031,0.6265,Homicidio no culposo,11015,0.606,Crímenes de lesa humanidad,104,0.5894,Suicidio asistido o incitación al suicidio,102,0.5872,Tentativa de homicidio intencional,11016,0.5865,Crimen de agresión,106,0.5841,Feticidio ilegal,103,0.579,Homicidio no intencional,11013,0.5789,Crímenes de guerra
233,"Apremios ilegítimos con violación, abuso sexual agravado y otros",3011,0.6261,Violación,3012,0.6066,Agresión sexual,301,0.5938,Violencia sexual,302,0.5926,Explotación sexual,30111,0.5819,Violación con uso de la fuerza,11015,0.5773,Crímenes de lesa humanidad,30222,0.5737,Prostitución infantil,30112,0.5726,Violación sin uso de la fuerza,8021,0.5713,Delitos de prostitución,30119,0.5626,Otras formas de violación
234,Apremios ilegítimos con cuasidelito,203,0.5738,Esclavitud y explotación,3011,0.5682,Violación,2051,0.547,Extorsión o chantaje,11015,0.5453,Crímenes de lesa humanidad,2119,0.5404,Otras transgresiones contra las personas,2031,0.5398,Esclavitud,204,0.5344,Trata de personas,30222,0.5329,Prostitución infantil,302,0.5323,Explotación sexual,106,0.5319,Feticidio ilegal
235,Secuestro con homicidio,20221,0.627,Secuestro,101,0.608,Homicidio intencional,110131,0.597,Homicidio o tentativa de causar la muerte o lesiones graves de forma ilícita en conflictos armados,20212,0.5885,Secuestro por otro familiar,1031,0.5778,Homicidio no culposo,2022,0.5745,Privación de libertad,103,0.5618,Homicidio no intencional,20211,0.5611,Secuestro por progenitores,102,0.5561,Tentativa de homicidio intencional,11013,0.5525,Crímenes de guerra
236,Secuestro con violación,20221,0.6438,Secuestro,20212,0.6053,Secuestro por otro familiar,3011,0.5989,Violación,301,0.5961,Violencia sexual,2022,0.5909,Privación de libertad,20211,0.5895,Secuestro por progenitores,20219,0.581,Otras formas de secuestro de menores,3012,0.5716,Agresión sexual,2021,0.5694,Secuestro de menores,20213,0.5668,Secuestro por un tutor legal
237,Secuestro con lesiones,20221,0.6691,Secuestro,2022,0.6157,Privación de libertad,20223,0.6014,Secuestro de vehículos,20212,0.5927,Secuestro por otro familiar,20219,0.5856,Otras formas de secuestro de menores,20211,0.5796,Secuestro por progenitores,2021,0.572,Secuestro de menores,20213,0.5712,Secuestro por un tutor legal,20222,0.5639,Retención ilegal,110134,0.5514,Actos contra la libertad o la dignidad humana en relación con conflictos armados
248,Secuestro con solicitud de rescate o exigencia o se prolongue por más de 24 hrs.,20221,0.6993,Secuestro,2022,0.6471,Privación de libertad,20212,0.6424,Secuestro por otro familiar,20211,0.6336,Secuestro por progenitores,20223,0.6202,Secuestro de vehículos,2021,0.6154,Secuestro de menores,20222,0.6088,Retención ilegal,20213,0.6016,Secuestro por un tutor legal,20219,0.6011,Otras formas de secuestro de menores,2031,0.5626,Esclavitud
249,Secuestro por más de 15 días o con grave daño en la persona o sus intereses,20221,0.7204,Secuestro,2022,0.679,Privación de libertad,20212,0.6761,Secuestro por otro familiar,20211,0.6701,Secuestro por progenitores,20223,0.6489,Secuestro de vehículos,2021,0.6438,Secuestro de menores,20213,0.6394,Secuestro por un tutor legal,20219,0.6356,Otras formas de secuestro de menores,20222,0.6345,Retención ilegal,2031,0.608,Esclavitud
299,Otros delitos que afectan los derechos garantidos por la Constitución,1109,0.6668,Otros actos delictivos no clasificados en otra parte,11021,0.6068,Delitos en razón de la condición de menor de edad,11013,0.6053,Crímenes de guerra,1102,0.5918,Actos contrarios a las leyes u otras disposiciones sobre menores,1101,0.5915,Actos bajo jurisdicción universal,11019,0.5911,Otros actos bajo jurisdicción universal,20229,0.5752,Otras formas de privación de libertad,11029,0.5718,Otros actos contrarios a las leyes u otras disposiciones sobre menores,11015,0.5716,Crímenes de lesa humanidad,20299,0.5629,Otros actos contra la libertad
301,Falsificación de moneda y otros,7021,0.7518,Falsificación de medios de pago,70211,0.7435,Falsificación de medios de pago en efectivo,702,0.7259,Falsificación,7023,0.6821,Actos de falsificación de documentos,70212,0.675,Falsificación de medios de pago distintos del efectivo,7029,0.6486,Otros actos de falsificación,7019,0.6417,Otros actos de fraude,7022,0.6321,Delitos relacionados con productos falsificados,701,0.6264,Fraude,704,0.6228,Actos relacionados con el producto del delito
302,Falsificación o uso malicioso de documentos públicos,7023,0.7833,Actos de falsificación de documentos,702,0.7033,Falsificación,70211,0.6536,Falsificación de medios de pago en efectivo,7021,0.6454,Falsificación de medios de pago,70212,0.6388,Falsificación de medios de pago distintos del efectivo,7019,0.6294,Otros actos de fraude,7029,0.6287,Otros actos de falsificación,701,0.6225,Fraude,704,0.6114,Actos relacionados con el producto del delito,6019,0.6091,Otros actos ilícitos relacionados con drogas o precursores sujetos a fiscalización
303,Falsificación o uso malicioso de documentos privados,7023,0.7816,Actos de falsificación de documentos,702,0.7107,Falsificación,70211,0.6564,Falsificación de medios de pago en efectivo,7021,0.6526,Falsificación de medios de pago,7019,0.6493,Otros actos de fraude,70212,0.6453,Falsificación de medios de pago distintos del efectivo,701,0.6432,Fraude,704,0.6364,Actos relacionados con el producto del delito,7029,0.6322,Otros actos de falsificación,709,0.6165,"Otros actos que conllevan fraude, engaño o corrupción"
304,Falsificación o uso de pasaportes o permisos para porte de armas,7023,0.6927,Actos de falsificación de documentos,702,0.6204,Falsificación,8059,0.6185,Otros actos ilícitos relacionados con la migración,7022,0.595,Delitos relacionados con productos falsificados,90119,0.5873,Otros actos relacionados con posesión o uso de armas y explosivos,7021,0.582,Falsificación de medios de pago,7029,0.5807,Otros actos de falsificación,70211,0.5804,Falsificación de medios de pago en efectivo,8051,0.5787,Delitos de tráfico ilícito de migrantes,70212,0.5766,Falsificación de medios de pago distintos del efectivo
305,Falsificación de portes de armas,702,0.6788,Falsificación,7023,0.6484,Actos de falsificación de documentos,7022,0.6302,Delitos relacionados con productos falsificados,7029,0.6283,Otros actos de falsificación,7021,0.6192,Falsificación de medios de pago,704,0.6085,Actos relacionados con el producto del delito,70211,0.6038,Falsificación de medios de pago en efectivo,70212,0.5969,Falsificación de medios de pago distintos del efectivo,7019,0.594,Otros actos de fraude,701,0.5926,Fraude
306,"Falso testimonio, perjurio o denuncia calumniosa",702,0.6027,Falsificación,7023,0.5937,Actos de falsificación de documentos,7019,0.5838,Otros actos de fraude,701,0.5617,Fraude,709,0.56,"Otros actos que conllevan fraude, engaño o corrupción",8061,0.5581,Obstrucción de la justicia,704,0.5578,Actos relacionados con el producto del delito,7029,0.5536,Otros actos de falsificación,7022,0.5375,Delitos relacionados con productos falsificados,209,0.523,Difamación o insulto
307,"Presentación de peritos, testigos o intérpretes que faltaren a la verdad o documentos falsos",7023,0.6446,Actos de falsificación de documentos,702,0.6436,Falsificación,8061,0.6039,Obstrucción de la justicia,7019,0.5972,Otros actos de fraude,701,0.5878,Fraude,7029,0.5833,Otros actos de falsificación,704,0.5815,Actos relacionados con el producto del delito,709,0.5603,"Otros actos que conllevan fraude, engaño o corrupción",7021,0.5582,Falsificación de medios de pago,7022,0.5555,Delitos relacionados con productos falsificados
308,Ejercicio ilegal de la profesión,7033,0.6473,Abuso de funciones,7023,0.6313,Actos de falsificación de documentos,7019,0.6302,Otros actos de fraude,702,0.6247,Falsificación,701,0.6064,Fraude,703,0.5989,Corrupción,709,0.5852,"Otros actos que conllevan fraude, engaño o corrupción",704,0.5818,Actos relacionados con el producto del delito,6019,0.5761,Otros actos ilícitos relacionados con drogas o precursores sujetos a fiscalización,7032,0.5722,Malversación o peculado
309,Usurpación de nombre,7023,0.6529,Actos de falsificación de documentos,702,0.6512,Falsificación,701,0.6332,Fraude,7019,0.6216,Otros actos de fraude,704,0.5946,Actos relacionados con el producto del delito,7029,0.5863,Otros actos de falsificación,709,0.5802,"Otros actos que conllevan fraude, engaño o corrupción",7022,0.5686,Delitos relacionados con productos falsificados,7021,0.566,Falsificación de medios de pago,70111,0.561,Fraude financiero contra el Estado
310,Fingimiento de cargos o profesiones,702,0.6647,Falsificación,7023,0.6638,Actos de falsificación de documentos,7019,0.6461,Otros actos de fraude,701,0.6158,Fraude,7029,0.6149,Otros actos de falsificación,7033,0.6095,Abuso de funciones,709,0.6069,"Otros actos que conllevan fraude, engaño o corrupción",704,0.5878,Actos relacionados con el producto del delito,7021,0.5843,Falsificación de medios de pago,7022,0.5711,Delitos relacionados con productos falsificados
311,Falsificación de licencias médicas o pensiones,7023,0.6478,Actos de falsificación de documentos,7019,0.6475,Otros actos de fraude,702,0.622,Falsificación,6019,0.601,Otros actos ilícitos relacionados con drogas o precursores sujetos a fiscalización,7021,0.5983,Falsificación de medios de pago,7022,0.5833,Delitos relacionados con productos falsificados,701,0.5833,Fraude,70211,0.5726,Falsificación de medios de pago en efectivo,70212,0.572,Falsificación de medios de pago distintos del efectivo,7029,0.5615,Otros actos de falsificación
312,"Falsificación de certificados por funcionarios públicos, privados y uso malicioso",7023,0.7304,Actos de falsificación de documentos,702,0.676,Falsificación,7021,0.6333,Falsificación de medios de pago,7019,0.623,Otros actos de fraude,70211,0.6171,Falsificación de medios de pago en efectivo,701,0.6023,Fraude,70212,0.6023,Falsificación de medios de pago distintos del efectivo,7029,0.5975,Otros actos de falsificación,709,0.5871,"Otros actos que conllevan fraude, engaño o corrupción",7033,0.5862,Abuso de funciones
399,"Otros delitos contra la fe pública, de las falsificaciones, del falso testimonio y del perjurio",709,0.6151,"Otros actos que conllevan fraude, engaño o corrupción",80321,0.6123,Violaciones de las normas sobre creencias u opiniones religiosas,702,0.6095,Falsificación,7019,0.6017,Otros actos de fraude,7023,0.5964,Actos de falsificación de documentos,701,0.5933,Fraude,704,0.5903,Actos relacionados con el producto del delito,7029,0.583,Otros actos de falsificación,8022,0.5809,Delitos de pornografía,802,0.571,Actos contrarios a las normas de conducta sexual orientadas al mantenimiento del orden público
401,Anticipación y prolongación indebida de funciones pública,7033,0.6624,Abuso de funciones,806,0.5274,Actos contra el sistema de justicia,8063,0.5235,Intención delictiva,703,0.5228,Corrupción,7032,0.5136,Malversación o peculado,8021,0.5065,Delitos de prostitución,7031,0.5061,Soborno,8064,0.501,Conspiración,70311,0.5004,Soborno activo,801,0.4971,Actos contrarios a las normas de conducta orientadas al mantenimiento del orden público
402,Nombramientos ilegales,7033,0.5872,Abuso de funciones,808,0.5398,Actos contrarios al derecho laboral,2101,0.5126,Discriminación de personas,2102,0.5103,Discriminación de grupos,8082,0.5083,Violaciones del derecho laboral individual,210,0.4961,Discriminación,7031,0.4887,Soborno,703,0.483,Corrupción,7035,0.4784,Enriquecimiento ilícito,7032,0.4756,Malversación o peculado
403,Usurpación de atribuciones de empleados públicos y judiciales,7033,0.635,Abuso de funciones,808,0.5517,Actos contrarios al derecho laboral,7032,0.5375,Malversación o peculado,8069,0.5351,Otros actos contra el sistema de justicia,703,0.5291,Corrupción,904,0.5254,Actos contra la seguridad del Estado,9032,0.5205,Injerencia ilícita en sistemas o datos informáticos,8082,0.516,Violaciones del derecho laboral individual,806,0.5144,Actos contra el sistema de justicia,9021,0.5073,Actos contra la salud y la seguridad en el trabajo
404,Prevaricación judicial y administrativa,7033,0.6529,Abuso de funciones,8069,0.6124,Otros actos contra el sistema de justicia,806,0.6103,Actos contra el sistema de justicia,8061,0.5804,Obstrucción de la justicia,703,0.5613,Corrupción,801,0.5539,Actos contrarios a las normas de conducta orientadas al mantenimiento del orden público,7032,0.5497,Malversación o peculado,8062,0.5402,Incumplimiento de órdenes judiciales,9032,0.5306,Injerencia ilícita en sistemas o datos informáticos,704,0.5251,Actos relacionados con el producto del delito
405,Prevaricación del abogado y procurador,7033,0.5883,Abuso de funciones,703,0.5602,Corrupción,8061,0.5508,Obstrucción de la justicia,7031,0.5396,Soborno,7032,0.5248,Malversación o peculado,806,0.5183,Actos contra el sistema de justicia,2062,0.5171,Negligencia profesional,7035,0.5156,Enriquecimiento ilícito,8021,0.5137,Delitos de prostitución,704,0.513,Actos relacionados con el producto del delito
406,Malversación de caudales públicos,7032,0.6468,Malversación o peculado,804,0.6061,Actos contrarios a las disposiciones relativas a los ingresos públicos u otras disposiciones regulatorias,7033,0.5867,Abuso de funciones,8041,0.5802,Actos contrarios a las disposiciones relativas a los ingresos públicos,801,0.5588,Actos contrarios a las normas de conducta orientadas al mantenimiento del orden público,703,0.5587,Corrupción,7035,0.5469,Enriquecimiento ilícito,8049,0.5466,Otros actos contra la administración pública o contra disposiciones regulatorias,802,0.5446,Actos contrarios a las normas de conducta sexual orientadas al mantenimiento del orden público,8021,0.5439,Delitos de prostitución
407,Fraudes al Fisco y organismos del Estado (Art. 239),703,0.6107,Corrupción,8041,0.5998,Actos contrarios a las disposiciones relativas a los ingresos públicos,70111,0.5934,Fraude financiero contra el Estado,704,0.589,Actos relacionados con el producto del delito,804,0.5841,Actos contrarios a las disposiciones relativas a los ingresos públicos u otras disposiciones regulatorias,7011,0.5816,Fraude financiero,709,0.5804,"Otros actos que conllevan fraude, engaño o corrupción",7039,0.5798,Otros actos de corrupción,7033,0.5793,Abuso de funciones,7049,0.5646,Otros actos relacionados con el producto del delito
408,Infidelidad en la custodia de documentos,7033,0.5629,Abuso de funciones,9032,0.5392,Injerencia ilícita en sistemas o datos informáticos,90322,0.5315,Injerencia ilícita en datos informáticos,7032,0.5272,Malversación o peculado,904,0.5196,Actos contra la seguridad del Estado,802,0.5139,Actos contrarios a las normas de conducta sexual orientadas al mantenimiento del orden público,801,0.5104,Actos contrarios a las normas de conducta orientadas al mantenimiento del orden público,903,0.5104,Actos contra sistemas informáticos,808,0.5102,Actos contrarios al derecho laboral,806,0.5007,Actos contra el sistema de justicia
409,Violación de secretos,9032,0.5758,Injerencia ilícita en sistemas o datos informáticos,90322,0.565,Injerencia ilícita en datos informáticos,904,0.5518,Actos contra la seguridad del Estado,90321,0.547,Injerencia ilícita en sistemas informáticos,903,0.5399,Actos contra sistemas informáticos,9033,0.5291,Interceptación o acceso ilícitos a datos informáticos,7033,0.5286,Abuso de funciones,7032,0.5217,Malversación o peculado,9031,0.5203,Acceso ilícito a sistemas informáticos,9039,0.5084,Otros actos contra sistemas informáticos
410,Cohecho cometido por empleado público,7033,0.647,Abuso de funciones,7031,0.593,Soborno,808,0.5925,Actos contrarios al derecho laboral,804,0.5916,Actos contrarios a las disposiciones relativas a los ingresos públicos u otras disposiciones regulatorias,8041,0.5915,Actos contrarios a las disposiciones relativas a los ingresos públicos,703,0.5801,Corrupción,7035,0.574,Enriquecimiento ilícito,7032,0.5714,Malversación o peculado,8082,0.5676,Violaciones del derecho laboral individual,8021,0.5617,Delitos de prostitución
411,Cohecho o soborno cometido por particular,7031,0.5827,Soborno,70311,0.5576,Soborno activo,70312,0.5457,Soborno pasivo,703,0.5318,Corrupción,7033,0.5192,Abuso de funciones,7035,0.4948,Enriquecimiento ilícito,7032,0.4804,Malversación o peculado,7034,0.4561,Tráfico de influencias,804,0.4461,Actos contrarios a las disposiciones relativas a los ingresos públicos u otras disposiciones regulatorias,8041,0.4415,Actos contrarios a las disposiciones relativas a los ingresos públicos
412,Denegación de auxilio,7033,0.5578,Abuso de funciones,90321,0.4994,Injerencia ilícita en sistemas informáticos,806,0.4908,Actos contra el sistema de justicia,9032,0.4869,Injerencia ilícita en sistemas o datos informáticos,110134,0.4861,Actos contra la libertad o la dignidad humana en relación con conflictos armados,8061,0.4853,Obstrucción de la justicia,8021,0.4812,Delitos de prostitución,703,0.4806,Corrupción,8063,0.4797,Intención delictiva,2022,0.4791,Privación de libertad
413,Abandono de destino,8082,0.5378,Violaciones del derecho laboral individual,808,0.5335,Actos contrarios al derecho laboral,8062,0.4982,Incumplimiento de órdenes judiciales,2062,0.4816,Negligencia profesional,7033,0.4734,Abuso de funciones,10021,0.4696,Actos relacionados con el traslado o vertimiento de desechos dentro de las fronteras nacionales,805,0.4634,Actos relacionados con la migración,2032,0.458,Trabajo forzoso,1002,0.4535,Actos relacionados con el traslado o vertimiento de desechos,2042,0.4469,Trata de personas con fines de trabajo o servicios forzosos
414,"Abusos contra particulares Arts. 255, 256, 257, 258 y 259",8082,0.5777,Violaciones del derecho laboral individual,808,0.5682,Actos contrarios al derecho laboral,7033,0.5598,Abuso de funciones,8081,0.5365,Violaciones del derecho laboral colectivo,8069,0.5363,Otros actos contra el sistema de justicia,8021,0.5308,Delitos de prostitución,2101,0.5252,Discriminación de personas,802,0.5195,Actos contrarios a las normas de conducta sexual orientadas al mantenimiento del orden público,219,0.5158,Otros actos que causan daños o que tienen la intención de causar daños a las personas,8029,0.5152,Otros actos contrarios a las normas de conducta sexual orientadas al mantenimiento del orden público
415,Negociación incompatible,808,0.5857,Actos contrarios al derecho laboral,8082,0.5826,Violaciones del derecho laboral individual,8042,0.5788,Actos contrarios a disposiciones comerciales o financieras,8081,0.5526,Violaciones del derecho laboral colectivo,7033,0.5434,Abuso de funciones,7031,0.5429,Soborno,703,0.5369,Corrupción,804,0.5273,Actos contrarios a las disposiciones relativas a los ingresos públicos u otras disposiciones regulatorias,7034,0.525,Tráfico de influencias,8021,0.5246,Delitos de prostitución
416,Tráfico de influencias,7034,0.6771,Tráfico de influencias,7033,0.5902,Abuso de funciones,8071,0.5542,Actos encaminados a influir indebidamente en los votantes en elecciones,703,0.5439,Corrupción,7031,0.5308,Soborno,7032,0.521,Malversación o peculado,808,0.5181,Actos contrarios al derecho laboral,804,0.5149,Actos contrarios a las disposiciones relativas a los ingresos públicos u otras disposiciones regulatorias,70312,0.5141,Soborno pasivo,70311,0.5132,Soborno activo
417,Exacciones ilegales cometidas por funcionario público,7033,0.648,Abuso de funciones,703,0.6271,Corrupción,7031,0.6174,Soborno,804,0.6117,Actos contrarios a las disposiciones relativas a los ingresos públicos u otras disposiciones regulatorias,8041,0.5957,Actos contrarios a las disposiciones relativas a los ingresos públicos,7032,0.5938,Malversación o peculado,7035,0.5892,Enriquecimiento ilícito,70311,0.5825,Soborno activo,70312,0.5818,Soborno pasivo,704,0.5501,Actos relacionados con el producto del delito
418,Enriquecimiento ilícito,7035,0.6918,Enriquecimiento ilícito,7033,0.5971,Abuso de funciones,804,0.59,Actos contrarios a las disposiciones relativas a los ingresos públicos u otras disposiciones regulatorias,8041,0.5772,Actos contrarios a las disposiciones relativas a los ingresos públicos,703,0.5664,Corrupción,7031,0.5659,Soborno,7032,0.5489,Malversación o peculado,70311,0.5391,Soborno activo,808,0.5371,Actos contrarios al derecho laboral,70312,0.5246,Soborno pasivo
419,Fraudes al Fisco y organismos del Estado,703,0.6029,Corrupción,8041,0.6011,Actos contrarios a las disposiciones relativas a los ingresos públicos,804,0.6008,Actos contrarios a las disposiciones relativas a los ingresos públicos u otras disposiciones regulatorias,7033,0.5933,Abuso de funciones,7031,0.5725,Soborno,70111,0.5683,Fraude financiero contra el Estado,7032,0.5679,Malversación o peculado,709,0.563,"Otros actos que conllevan fraude, engaño o corrupción",7011,0.5587,Fraude financiero,704,0.5474,Actos relacionados con el producto del delito
420,Abusos contra particulares,7033,0.5999,Abuso de funciones,808,0.5903,Actos contrarios al derecho laboral,2101,0.5886,Discriminación de personas,2102,0.5743,Discriminación de grupos,8082,0.5657,Violaciones del derecho laboral individual,210,0.5582,Discriminación,8069,0.5477,Otros actos contra el sistema de justicia,8021,0.5441,Delitos de prostitución,801,0.5441,Actos contrarios a las normas de conducta orientadas al mantenimiento del orden público,802,0.5354,Actos contrarios a las normas de conducta sexual orientadas al mantenimiento del orden público
421,Otros abusos contra particulares,7033,0.5959,Abuso de funciones,801,0.5949,Actos contrarios a las normas de conducta orientadas al mantenimiento del orden público,808,0.5812,Actos contrarios al derecho laboral,806,0.5811,Actos contra el sistema de justicia,8069,0.5732,Otros actos contra el sistema de justicia,8082,0.565,Violaciones del derecho laboral individual,8062,0.5626,Incumplimiento de órdenes judiciales,8061,0.556,Obstrucción de la justicia,8049,0.5441,Otros actos contra la administración pública o contra disposiciones regulatorias,8019,0.5405,Otros actos contrarios a las normas de conducta orientadas al mantenimiento del orden público
422,Soborno de funcionario público extranjero. Persona natural,7031,0.6779,Soborno,70311,0.6532,Soborno activo,703,0.6406,Corrupción,70312,0.6293,Soborno pasivo,7033,0.6282,Abuso de funciones,7035,0.5572,Enriquecimiento ilícito,7034,0.5519,Tráfico de influencias,8051,0.5316,Delitos de tráfico ilícito de migrantes,704,0.5249,Actos relacionados con el producto del delito,8021,0.5233,Delitos de prostitución
423,"Soborno, artículo 250. Persona jurídica",7031,0.7077,Soborno,70311,0.6706,Soborno activo,70312,0.653,Soborno pasivo,703,0.6143,Corrupción,7033,0.5876,Abuso de funciones,8021,0.5299,Delitos de prostitución,7035,0.5292,Enriquecimiento ilícito,804,0.522,Actos contrarios a las disposiciones relativas a los ingresos públicos u otras disposiciones regulatorias,7032,0.5201,Malversación o peculado,7034,0.516,Tráfico de influencias
424,Soborno de funcionario público extranjero. Persona jurídica,7031,0.6759,Soborno,70311,0.6529,Soborno activo,703,0.6396,Corrupción,70312,0.6225,Soborno pasivo,7033,0.6205,Abuso de funciones,7034,0.5632,Tráfico de influencias,8051,0.5536,Delitos de tráfico ilícito de migrantes,7035,0.5495,Enriquecimiento ilícito,8021,0.5419,Delitos de prostitución,2051,0.5276,Extorsión o chantaje
425,Negociación incompatible por persona jurídica,8042,0.6424,Actos contrarios a disposiciones comerciales o financieras,808,0.5907,Actos contrarios al derecho laboral,8082,0.5723,Violaciones del derecho laboral individual,8081,0.5722,Violaciones del derecho laboral colectivo,804,0.539,Actos contrarios a las disposiciones relativas a los ingresos públicos u otras disposiciones regulatorias,2032,0.5317,Trabajo forzoso,703,0.5302,Corrupción,704,0.5276,Actos relacionados con el producto del delito,7033,0.5271,Abuso de funciones,70112,0.5257,Fraude financiero contra personas naturales o jurídicas
426,Negociación incompatible de particulares,8042,0.63,Actos contrarios a disposiciones comerciales o financieras,8043,0.5425,Actos contrarios a las disposiciones sobre apuestas,8041,0.5358,Actos contrarios a las disposiciones relativas a los ingresos públicos,804,0.5338,Actos contrarios a las disposiciones relativas a los ingresos públicos u otras disposiciones regulatorias,8045,0.5311,Manipulación del mercado o utilización indebida de información privilegiada,704,0.5289,Actos relacionados con el producto del delito,502,0.5284,Hurto,8021,0.526,Delitos de prostitución,808,0.5248,Actos contrarios al derecho laboral,8082,0.5236,Violaciones del derecho laboral individual
429,Uso de información privilegiada,9032,0.5495,Injerencia ilícita en sistemas o datos informáticos,90322,0.5474,Injerencia ilícita en datos informáticos,8045,0.5381,Manipulación del mercado o utilización indebida de información privilegiada,7033,0.536,Abuso de funciones,9033,0.5349,Interceptación o acceso ilícitos a datos informáticos,7035,0.5336,Enriquecimiento ilícito,903,0.5334,Actos contra sistemas informáticos,9031,0.5218,Acceso ilícito a sistemas informáticos,90321,0.5156,Injerencia ilícita en sistemas informáticos,7031,0.5113,Soborno
499,Otros delitos cometidos por empleados públicos en el desempeño de sus cargos,7033,0.6351,Abuso de funciones,808,0.5722,Actos contrarios al derecho laboral,703,0.5654,Corrupción,9021,0.5559,Actos contra la salud y la seguridad en el trabajo,7032,0.5411,Malversación o peculado,902,0.541,Actos contra la salud y la seguridad,8069,0.536,Otros actos contra el sistema de justicia,804,0.5327,Actos contrarios a las disposiciones relativas a los ingresos públicos u otras disposiciones regulatorias,801,0.5309,Actos contrarios a las normas de conducta orientadas al mantenimiento del orden público,8082,0.5287,Violaciones del derecho laboral individual
501,Desórdenes públicos,8011,0.762,Delitos relacionados con la alteración violenta del orden público,8012,0.6868,Actos relacionados con las normas y preceptos sociales y religiosos orientados al mantenimiento del orden público,801,0.6675,Actos contrarios a las normas de conducta orientadas al mantenimiento del orden público,802,0.6414,Actos contrarios a las normas de conducta sexual orientadas al mantenimiento del orden público,8029,0.6387,Otros actos contrarios a las normas de conducta sexual orientadas al mantenimiento del orden público,8019,0.6363,Otros actos contrarios a las normas de conducta orientadas al mantenimiento del orden público,8021,0.6237,Delitos de prostitución,8022,0.5866,Delitos de pornografía,905,0.5777,Actos relacionados con grupos delictivos organizados,8032,0.5774,Actos relacionados con expresiones de creencias y normas sociales controladas
502,Obstrucción a la investigación,8061,0.6535,Obstrucción de la justicia,90321,0.5728,Injerencia ilícita en sistemas informáticos,806,0.5704,Actos contra el sistema de justicia,903,0.5665,Actos contra sistemas informáticos,9032,0.5562,Injerencia ilícita en sistemas o datos informáticos,904,0.5474,Actos contra la seguridad del Estado,8062,0.5424,Incumplimiento de órdenes judiciales,2021,0.5403,Secuestro de menores,9033,0.5396,Interceptación o acceso ilícitos a datos informáticos,8064,0.539,Conspiración
503,Rotura de sellos,8011,0.5848,Delitos relacionados con la alteración violenta del orden público,809,0.5753,"Otros actos contra el orden público, la autoridad y las disposiciones del Estado",806,0.5705,Actos contra el sistema de justicia,8069,0.5636,Otros actos contra el sistema de justicia,8063,0.5542,Intención delictiva,8062,0.5538,Incumplimiento de órdenes judiciales,801,0.5504,Actos contrarios a las normas de conducta orientadas al mantenimiento del orden público,904,0.5503,Actos contra la seguridad del Estado,8022,0.5402,Delitos de pornografía,8021,0.5311,Delitos de prostitución
504,Crímenes y simples delitos de los proveedores,8021,0.5564,Delitos de prostitución,808,0.5448,Actos contrarios al derecho laboral,7033,0.5412,Abuso de funciones,703,0.5299,Corrupción,8082,0.5225,Violaciones del derecho laboral individual,704,0.5103,Actos relacionados con el producto del delito,902,0.5103,Actos contra la salud y la seguridad,9021,0.5084,Actos contra la salud y la seguridad en el trabajo,11021,0.5065,Delitos en razón de la condición de menor de edad,2062,0.5036,Negligencia profesional
505,"Lotería ilegal, casas de juego y préstamo sobre prenda",8043,0.6254,Actos contrarios a las disposiciones sobre apuestas,8021,0.5862,Delitos de prostitución,8022,0.5686,Delitos de pornografía,704,0.5666,Actos relacionados con el producto del delito,8042,0.5657,Actos contrarios a disposiciones comerciales o financieras,802,0.5626,Actos contrarios a las normas de conducta sexual orientadas al mantenimiento del orden público,804,0.5607,Actos contrarios a las disposiciones relativas a los ingresos públicos u otras disposiciones regulatorias,60229,0.559,"Otros actos ilícitos de producción, manipulación, posesión o uso de productos de tabaco",601,0.5566,Actos ilícitos relacionados con drogas o precursores sujetos a fiscalización,602,0.5542,"Actos ilícitos relacionados con bebidas alcohólicas, tabaco u otras sustancias sujetas a fiscalización"
506,"Violación, revelación y/o aprovechamiento de secretos comerciales",8042,0.6536,Actos contrarios a disposiciones comerciales o financieras,704,0.5832,Actos relacionados con el producto del delito,7049,0.5775,Otros actos relacionados con el producto del delito,503,0.5766,Delitos contra la propiedad intelectual,5043,0.5748,Daños a bienes comerciales,8045,0.5734,Manipulación del mercado o utilización indebida de información privilegiada,90322,0.5723,Injerencia ilícita en datos informáticos,9032,0.5684,Injerencia ilícita en sistemas o datos informáticos,9033,0.5564,Interceptación o acceso ilícitos a datos informáticos,502,0.5513,Hurto
507,Alteración fraudulenta de precios,702,0.617,Falsificación,704,0.616,Actos relacionados con el producto del delito,7019,0.604,Otros actos de fraude,701,0.5908,Fraude,7049,0.5895,Otros actos relacionados con el producto del delito,70212,0.5754,Falsificación de medios de pago distintos del efectivo,70211,0.5754,Falsificación de medios de pago en efectivo,8042,0.5745,Actos contrarios a disposiciones comerciales o financieras,7021,0.5733,Falsificación de medios de pago,709,0.5575,"Otros actos que conllevan fraude, engaño o corrupción"
508,"Propagación de enfermedades que afecten a la salud animal o vegetal; elementos químicos, bacteriológicos, radioactivos",2071,0.6439,Actos que ponen en peligro la salud,902,0.6259,Actos contra la salud y la seguridad,10091,0.6036,Actos contra los animales,10032,0.5974,Comercio o posesión de especies animales prohibidas o controladas,9021,0.5669,Actos contra la salud y la seguridad en el trabajo,207,0.5475,Actos peligrosos,1009,0.5374,Otros actos contra el entorno natural,4014,0.532,Robo de ganado,9029,0.5288,Otros actos contra la salud y la seguridad,110131,0.5282,Homicidio o tentativa de causar la muerte o lesiones graves de forma ilícita en conflictos armados
509,Abandono o maltrato animal,10091,0.7256,Actos contra los animales,2031,0.6058,Esclavitud,11015,0.6046,Crímenes de lesa humanidad,219,0.6043,Otros actos que causan daños o que tienen la intención de causar daños a las personas,4014,0.5803,Robo de ganado,10032,0.5769,Comercio o posesión de especies animales prohibidas o controladas,8021,0.5751,Delitos de prostitución,203,0.5745,Esclavitud y explotación,1031,0.5713,Homicidio no culposo,2039,0.5674,Otros actos de esclavitud y explotación
510,Asociaciones ilícitas,905,0.6436,Actos relacionados con grupos delictivos organizados,9051,0.5975,Participación en un grupo delictivo organizado,9059,0.5917,Otros actos relacionados con grupos delictivos organizados,8063,0.5851,Intención delictiva,1109,0.5536,Otros actos delictivos no clasificados en otra parte,8021,0.5533,Delitos de prostitución,11019,0.5529,Otros actos bajo jurisdicción universal,8064,0.5456,Conspiración,8011,0.5414,Delitos relacionados con la alteración violenta del orden público,601,0.5413,Actos ilícitos relacionados con drogas o precursores sujetos a fiscalización
511,Amenazas de atentados contra personas y propiedades,201,0.6656,Agresiones y amenazas,20121,0.6465,Amenaza grave,2012,0.643,Amenaza,11016,0.6407,Crimen de agresión,409,0.6363,Otros actos contra la propiedad que entrañan violencia o amenaza de violencia contra las personas,2011,0.6356,Agresión,2019,0.6335,Otras formas de agresiones y amenazas,8063,0.6309,Intención delictiva,8011,0.6207,Delitos relacionados con la alteración violenta del orden público,102,0.6196,Tentativa de homicidio intencional
512,Connivencia en la fuga y evasión culpable de detenidos,8051,0.5826,Delitos de tráfico ilícito de migrantes,8059,0.5571,Otros actos ilícitos relacionados con la migración,805,0.5526,Actos relacionados con la migración,8062,0.5482,Incumplimiento de órdenes judiciales,8064,0.5417,Conspiración,806,0.5388,Actos contra el sistema de justicia,2022,0.5373,Privación de libertad,8063,0.5337,Intención delictiva,20222,0.5302,Retención ilegal,704,0.5242,Actos relacionados con el producto del delito
513,Contra la salud pública. Arts. 313 al 318,902,0.7099,Actos contra la salud y la seguridad,9021,0.6485,Actos contra la salud y la seguridad en el trabajo,2071,0.6461,Actos que ponen en peligro la salud,9029,0.6251,Otros actos contra la salud y la seguridad,802,0.5784,Actos contrarios a las normas de conducta sexual orientadas al mantenimiento del orden público,801,0.5718,Actos contrarios a las normas de conducta orientadas al mantenimiento del orden público,8011,0.5654,Delitos relacionados con la alteración violenta del orden público,207,0.5448,Actos peligrosos,8022,0.5434,Delitos de pornografía,8029,0.5401,Otros actos contrarios a las normas de conducta sexual orientadas al mantenimiento del orden público
514,Infracción normas inhumaciones y exhumaciones,2119,0.6578,Otras transgresiones contra las personas,211,0.5631,Transgresiones contra las personas,11015,0.5603,Crímenes de lesa humanidad,203,0.5542,Esclavitud y explotación,110134,0.5425,Actos contra la libertad o la dignidad humana en relación con conflictos armados,1031,0.5412,Homicidio no culposo,11014,0.5405,Genocidio,101,0.5399,Homicidio intencional,8029,0.5333,Otros actos contrarios a las normas de conducta sexual orientadas al mantenimiento del orden público,103,0.5285,Homicidio no intencional
515,Atentados y amenazas contra la autoridad,904,0.6142,Actos contra la seguridad del Estado,8011,0.6094,Delitos relacionados con la alteración violenta del orden público,8069,0.5805,Otros actos contra el sistema de justicia,908,0.5773,Otros actos contra la seguridad pública y la seguridad del Estado,201,0.5668,Agresiones y amenazas,8063,0.5584,Intención delictiva,11016,0.5538,Crimen de agresión,806,0.5508,Actos contra el sistema de justicia,2011,0.5454,Agresión,906,0.5425,Terrorismo
516,Oponerse a la acción de la autoridad pública o sus agentes,8011,0.6913,Delitos relacionados con la alteración violenta del orden público,806,0.6561,Actos contra el sistema de justicia,8062,0.6357,Incumplimiento de órdenes judiciales,801,0.6355,Actos contrarios a las normas de conducta orientadas al mantenimiento del orden público,809,0.6142,"Otros actos contra el orden público, la autoridad y las disposiciones del Estado",8069,0.5999,Otros actos contra el sistema de justicia,905,0.596,Actos relacionados con grupos delictivos organizados,8063,0.5934,Intención delictiva,8012,0.5916,Actos relacionados con las normas y preceptos sociales y religiosos orientados al mantenimiento del orden público,8019,0.5895,Otros actos contrarios a las normas de conducta orientadas al mantenimiento del orden público
518,Porte de arma cortante o punzante,8011,0.6182,Delitos relacionados con la alteración violenta del orden público,901,0.6112,"Actos relacionados con armas, explosivos y otros materiales destructivos",90111,0.6101,Posesión o uso ilícitos de armas de fuego,9011,0.5986,Posesión o uso de armas y explosivos,602,0.5823,"Actos ilícitos relacionados con bebidas alcohólicas, tabaco u otras sustancias sujetas a fiscalización",9012,0.5746,Tráfico de armas y explosivos,6021,0.5742,"Producción, manipulación, posesión o uso ilícitos de productos alcohólicos",90112,0.5702,Posesión o uso ilícitos de otras armas o explosivos,8063,0.5686,Intención delictiva,90129,0.568,Otros actos relacionados con el tráfico de armas y explosivos
519,"Falsa alarma de incendio, emergencia o calamidad pública",8011,0.5742,Delitos relacionados con la alteración violenta del orden público,801,0.5437,Actos contrarios a las normas de conducta orientadas al mantenimiento del orden público,2082,0.5224,Acoso,8012,0.5218,Actos relacionados con las normas y preceptos sociales y religiosos orientados al mantenimiento del orden público,2012,0.5157,Amenaza,90321,0.5146,Injerencia ilícita en sistemas informáticos,908,0.5059,Otros actos contra la seguridad pública y la seguridad del Estado,209,0.5054,Difamación o insulto,806,0.5037,Actos contra el sistema de justicia,8019,0.503,Otros actos contrarios a las normas de conducta orientadas al mantenimiento del orden público
520,"Obstrucción a la investigación por fiscal o asistente del fiscal, del Ministerio Público",8061,0.6014,Obstrucción de la justicia,806,0.5568,Actos contra el sistema de justicia,903,0.544,Actos contra sistemas informáticos,904,0.5394,Actos contra la seguridad del Estado,9032,0.5313,Injerencia ilícita en sistemas o datos informáticos,90321,0.5306,Injerencia ilícita en sistemas informáticos,9033,0.527,Interceptación o acceso ilícitos a datos informáticos,2021,0.5208,Secuestro de menores,601,0.5135,Actos ilícitos relacionados con drogas o precursores sujetos a fiscalización,90322,0.5105,Injerencia ilícita en datos informáticos
521,Homicidio de fiscales o defensores en el desempeño de sus funciones,904,0.5661,Actos contra la seguridad del Estado,7033,0.5564,Abuso de funciones,908,0.5509,Otros actos contra la seguridad pública y la seguridad del Estado,101,0.5436,Homicidio intencional,806,0.5381,Actos contra el sistema de justicia,905,0.5335,Actos relacionados con grupos delictivos organizados,8063,0.5284,Intención delictiva,9059,0.5216,Otros actos relacionados con grupos delictivos organizados,8069,0.5172,Otros actos contra el sistema de justicia,1031,0.5153,Homicidio no culposo
522,"Maltrato de obra a fiscales o defensores en el desempeño de sus funciones, incluye castración y mutilación",808,0.6307,Actos contrarios al derecho laboral,8021,0.6164,Delitos de prostitución,7033,0.613,Abuso de funciones,802,0.5956,Actos contrarios a las normas de conducta sexual orientadas al mantenimiento del orden público,8022,0.5898,Delitos de pornografía,8082,0.587,Violaciones del derecho laboral individual,8069,0.5809,Otros actos contra el sistema de justicia,9021,0.5809,Actos contra la salud y la seguridad en el trabajo,2032,0.5764,Trabajo forzoso,806,0.5756,Actos contra el sistema de justicia
523,Amenaza a fiscales o defensores en el desempeño de sus funciones,904,0.6049,Actos contra la seguridad del Estado,806,0.5982,Actos contra el sistema de justicia,8069,0.5938,Otros actos contra el sistema de justicia,908,0.5926,Otros actos contra la seguridad pública y la seguridad del Estado,8011,0.5748,Delitos relacionados con la alteración violenta del orden público,801,0.559,Actos contrarios a las normas de conducta orientadas al mantenimiento del orden público,8062,0.5495,Incumplimiento de órdenes judiciales,903,0.5475,Actos contra sistemas informáticos,802,0.5453,Actos contrarios a las normas de conducta sexual orientadas al mantenimiento del orden público,809,0.54,"Otros actos contra el orden público, la autoridad y las disposiciones del Estado"
524,Amenazas simples contra personas y propiedades,20122,0.6779,Amenaza leve,201,0.6505,Agresiones y amenazas,2012,0.6481,Amenaza,20121,0.633,Amenaza grave,2019,0.6294,Otras formas de agresiones y amenazas,409,0.6076,Otros actos contra la propiedad que entrañan violencia o amenaza de violencia contra las personas,20112,0.6014,Agresión leve,2011,0.5919,Agresión,8011,0.5704,Delitos relacionados con la alteración violenta del orden público,401,0.5685,Robo
525,Amenazas condicionales contra personas y propiedades,201,0.6956,Agresiones y amenazas,2012,0.6764,Amenaza,20121,0.6502,Amenaza grave,2019,0.6457,Otras formas de agresiones y amenazas,20122,0.6441,Amenaza leve,2011,0.6281,Agresión,409,0.6167,Otros actos contra la propiedad que entrañan violencia o amenaza de violencia contra las personas,8063,0.6048,Intención delictiva,401,0.5964,Robo,208,0.5888,Actos dirigidos a inducir miedo o angustia emocional
526,Contra la salud pública. Arts. 313 A y 313 B,2062,0.6376,Negligencia profesional,902,0.6069,Actos contra la salud y la seguridad,2071,0.5986,Actos que ponen en peligro la salud,9021,0.5827,Actos contra la salud y la seguridad en el trabajo,9029,0.5474,Otros actos contra la salud y la seguridad,7033,0.527,Abuso de funciones,8021,0.5232,Delitos de prostitución,7019,0.5155,Otros actos de fraude,2119,0.5145,Otras transgresiones contra las personas,106,0.512,Feticidio ilegal
527,Contra la salud pública. Arts. 313 D al 315 y Art. 317,2071,0.727,Actos que ponen en peligro la salud,902,0.6853,Actos contra la salud y la seguridad,9021,0.6015,Actos contra la salud y la seguridad en el trabajo,602,0.5986,"Actos ilícitos relacionados con bebidas alcohólicas, tabaco u otras sustancias sujetas a fiscalización",6019,0.5842,Otros actos ilícitos relacionados con drogas o precursores sujetos a fiscalización,601,0.5815,Actos ilícitos relacionados con drogas o precursores sujetos a fiscalización,6029,0.5735,"Otros actos ilícitos relacionados con bebidas alcohólicas, tabaco u otras sustancias sujetas a fiscalización",6021,0.5709,"Producción, manipulación, posesión o uso ilícitos de productos alcohólicos",9029,0.5689,Otros actos contra la salud y la seguridad,6012,0.5633,"Tráfico, cultivo o producción ilícitos de drogas o precursores sujetos a fiscalización no destinados al consumo personal"
528,Corrupción entre particulares,703,0.5754,Corrupción,8042,0.5714,Actos contrarios a disposiciones comerciales o financieras,7035,0.5654,Enriquecimiento ilícito,804,0.5643,Actos contrarios a las disposiciones relativas a los ingresos públicos u otras disposiciones regulatorias,7032,0.5583,Malversación o peculado,7031,0.5551,Soborno,7033,0.5538,Abuso de funciones,7039,0.5385,Otros actos de corrupción,70311,0.5348,Soborno activo,8041,0.532,Actos contrarios a las disposiciones relativas a los ingresos públicos
529,Corrupción entre particulares cometido por personas jurídicas,703,0.6083,Corrupción,7031,0.5879,Soborno,7033,0.5864,Abuso de funciones,8042,0.5845,Actos contrarios a disposiciones comerciales o financieras,7035,0.5806,Enriquecimiento ilícito,804,0.5779,Actos contrarios a las disposiciones relativas a los ingresos públicos u otras disposiciones regulatorias,7034,0.5733,Tráfico de influencias,7039,0.5726,Otros actos de corrupción,70311,0.5649,Soborno activo,7032,0.5604,Malversación o peculado
530,Amenazas contra profesionales y funcionarios de salud y manipuladores de alimentos,902,0.6596,Actos contra la salud y la seguridad,9021,0.6544,Actos contra la salud y la seguridad en el trabajo,2071,0.6407,Actos que ponen en peligro la salud,9029,0.6252,Otros actos contra la salud y la seguridad,201,0.6078,Agresiones y amenazas,2012,0.5975,Amenaza,2011,0.5861,Agresión,20121,0.586,Amenaza grave,2019,0.5713,Otras formas de agresiones y amenazas,207,0.5687,Actos peligrosos
531,Lesiones contra profesional y funcionario de salud y manipuladores de alimentos,9021,0.6756,Actos contra la salud y la seguridad en el trabajo,902,0.6717,Actos contra la salud y la seguridad,2071,0.6279,Actos que ponen en peligro la salud,2062,0.6274,Negligencia profesional,9029,0.6172,Otros actos contra la salud y la seguridad,207,0.5863,Actos peligrosos,219,0.5705,Otros actos que causan daños o que tienen la intención de causar daños a las personas,20111,0.5631,Agresión grave,808,0.5599,Actos contrarios al derecho laboral,7033,0.5572,Abuso de funciones
532,Interrumpir libre circulación Ley 21.208 Inc. 1,202,0.5751,Actos contra la libertad,8011,0.5745,Delitos relacionados con la alteración violenta del orden público,907,0.5472,Infracciones de tráfico no lesivas,8062,0.5455,Incumplimiento de órdenes judiciales,806,0.5371,Actos contra el sistema de justicia,8061,0.5149,Obstrucción de la justicia,801,0.5143,Actos contrarios a las normas de conducta orientadas al mantenimiento del orden público,803,0.5137,Actos relacionados con la libertad de expresión o el control de la expresión,2022,0.5102,Privación de libertad,2029,0.502,Otros actos contra la libertad
533,Lanzar objetos a la vía pública con muerte o lesiones Ley 21.208 Inc. 2,10321,0.5907,Homicidio por tránsito vehicular,207,0.5789,Actos peligrosos,907,0.5784,Infracciones de tráfico no lesivas,902,0.5595,Actos contra la salud y la seguridad,1031,0.555,Homicidio no culposo,103,0.5524,Homicidio no intencional,101,0.5508,Homicidio intencional,8011,0.547,Delitos relacionados con la alteración violenta del orden público,20111,0.5439,Agresión grave,104,0.5392,Suicidio asistido o incitación al suicidio
534,Diseminar gérmenes para causar enfermedad,902,0.6083,Actos contra la salud y la seguridad,2071,0.6013,Actos que ponen en peligro la salud,9021,0.5357,Actos contra la salud y la seguridad en el trabajo,8063,0.5334,Intención delictiva,110131,0.5297,Homicidio o tentativa de causar la muerte o lesiones graves de forma ilícita en conflictos armados,2119,0.5193,Otras transgresiones contra las personas,207,0.5181,Actos peligrosos,60124,0.5157,Desviación ilícita de precursores no destinados al consumo personal,11014,0.513,Genocidio,101,0.5107,Homicidio intencional
535,Infringir normas higiénicas y de salubridad,902,0.6667,Actos contra la salud y la seguridad,2071,0.6225,Actos que ponen en peligro la salud,9021,0.6202,Actos contra la salud y la seguridad en el trabajo,9029,0.5949,Otros actos contra la salud y la seguridad,801,0.5901,Actos contrarios a las normas de conducta orientadas al mantenimiento del orden público,802,0.5699,Actos contrarios a las normas de conducta sexual orientadas al mantenimiento del orden público,8011,0.5664,Delitos relacionados con la alteración violenta del orden público,8012,0.5637,Actos relacionados con las normas y preceptos sociales y religiosos orientados al mantenimiento del orden público,8021,0.558,Delitos de prostitución,8029,0.5505,Otros actos contrarios a las normas de conducta sexual orientadas al mantenimiento del orden público
536,Propagar contagio a sabiendas,902,0.5918,Actos contra la salud y la seguridad,2071,0.5665,Actos que ponen en peligro la salud,8032,0.5383,Actos relacionados con expresiones de creencias y normas sociales controladas,9021,0.534,Actos contra la salud y la seguridad en el trabajo,801,0.5256,Actos contrarios a las normas de conducta orientadas al mantenimiento del orden público,802,0.5197,Actos contrarios a las normas de conducta sexual orientadas al mantenimiento del orden público,8012,0.5133,Actos relacionados con las normas y preceptos sociales y religiosos orientados al mantenimiento del orden público,8011,0.5116,Delitos relacionados con la alteración violenta del orden público,8022,0.5019,Delitos de pornografía,106,0.501,Feticidio ilegal
537,Empleador que ordena infringir cuarentena,8062,0.5709,Incumplimiento de órdenes judiciales,808,0.5673,Actos contrarios al derecho laboral,805,0.5455,Actos relacionados con la migración,902,0.5453,Actos contra la salud y la seguridad,9021,0.5429,Actos contra la salud y la seguridad en el trabajo,2032,0.5385,Trabajo forzoso,801,0.5384,Actos contrarios a las normas de conducta orientadas al mantenimiento del orden público,8082,0.5379,Violaciones del derecho laboral individual,8032,0.5364,Actos relacionados con expresiones de creencias y normas sociales controladas,806,0.5286,Actos contra el sistema de justicia
538,Ultraje de cadáver,2119,0.6052,Otras transgresiones contra las personas,101,0.5694,Homicidio intencional,1031,0.5579,Homicidio no culposo,203,0.5516,Esclavitud y explotación,11015,0.5497,Crímenes de lesa humanidad,103,0.5335,Homicidio no intencional,2039,0.5255,Otros actos de esclavitud y explotación,2051,0.5196,Extorsión o chantaje,110131,0.5193,Homicidio o tentativa de causar la muerte o lesiones graves de forma ilícita en conflictos armados,20111,0.5183,Agresión grave
539,Ultraje de sepultura,2119,0.5578,Otras transgresiones contra las personas,101,0.5533,Homicidio intencional,106,0.5389,Feticidio ilegal,1031,0.5282,Homicidio no culposo,103,0.5079,Homicidio no intencional,11014,0.5008,Genocidio,1032,0.4986,Homicidio culposo,104,0.4832,Suicidio asistido o incitación al suicidio,203,0.4787,Esclavitud y explotación,30113,0.4784,Violación por presunción legal
540,Uso indebido de facultades asociadas a las técnicas especiales de investigación,904,0.5345,Actos contra la seguridad del Estado,903,0.5336,Actos contra sistemas informáticos,8063,0.5293,Intención delictiva,7033,0.5288,Abuso de funciones,704,0.5284,Actos relacionados con el producto del delito,2021,0.5198,Secuestro de menores,9032,0.5169,Injerencia ilícita en sistemas o datos informáticos,9033,0.5142,Interceptación o acceso ilícitos a datos informáticos,601,0.5131,Actos ilícitos relacionados con drogas o precursores sujetos a fiscalización,2022,0.5104,Privación de libertad
541,"Infracción al secreto y prohibición de información relativa a testigos, agentes encubiertos, reveladores e informantes",90322,0.5891,Injerencia ilícita en datos informáticos,9032,0.5773,Injerencia ilícita en sistemas o datos informáticos,9033,0.5739,Interceptación o acceso ilícitos a datos informáticos,903,0.573,Actos contra sistemas informáticos,904,0.5624,Actos contra la seguridad del Estado,2021,0.5568,Secuestro de menores,90321,0.5466,Injerencia ilícita en sistemas informáticos,8061,0.5384,Obstrucción de la justicia,2022,0.5226,Privación de libertad,806,0.5185,Actos contra el sistema de justicia
542,Asociación delictiva o criminal mediante una persona jurídica,905,0.6414,Actos relacionados con grupos delictivos organizados,9051,0.6053,Participación en un grupo delictivo organizado,8063,0.5827,Intención delictiva,9059,0.5704,Otros actos relacionados con grupos delictivos organizados,8064,0.5584,Conspiración,11019,0.5238,Otros actos bajo jurisdicción universal,8021,0.5171,Delitos de prostitución,8042,0.5146,Actos contrarios a disposiciones comerciales o financieras,8022,0.5128,Delitos de pornografía,1109,0.5082,Otros actos delictivos no clasificados en otra parte
543,Incumplimiento de reserva registro de llamadas,8062,0.5624,Incumplimiento de órdenes judiciales,806,0.5181,Actos contra el sistema de justicia,801,0.5153,Actos contrarios a las normas de conducta orientadas al mantenimiento del orden público,905,0.5017,Actos relacionados con grupos delictivos organizados,802,0.5017,Actos contrarios a las normas de conducta sexual orientadas al mantenimiento del orden público,803,0.4973,Actos relacionados con la libertad de expresión o el control de la expresión,903,0.4969,Actos contra sistemas informáticos,8019,0.4923,Otros actos contrarios a las normas de conducta orientadas al mantenimiento del orden público,90321,0.4854,Injerencia ilícita en sistemas informáticos,2021,0.482,Secuestro de menores
544,Atentados contra el medio ambiente,1009,0.6123,Otros actos contra el entorno natural,10019,0.6101,Otros actos que causan contaminación o degradación del medio ambiente,801,0.5979,Actos contrarios a las normas de conducta orientadas al mantenimiento del orden público,8011,0.5923,Delitos relacionados con la alteración violenta del orden público,10099,0.586,Otros actos contra el entorno natural,1001,0.5742,Actos que causan contaminación o degradación del medio ambiente,1004,0.572,Actos que provocan el agotamiento o la degradación de los recursos naturales,1002,0.5705,Actos relacionados con el traslado o vertimiento de desechos,905,0.5696,Actos relacionados con grupos delictivos organizados,8063,0.5694,Intención delictiva
545,Portar aparatos de comunicación en recintos penitenciarios,903,0.5584,Actos contra sistemas informáticos,9031,0.5508,Acceso ilícito a sistemas informáticos,9033,0.5491,Interceptación o acceso ilícitos a datos informáticos,9032,0.5425,Injerencia ilícita en sistemas o datos informáticos,90321,0.5351,Injerencia ilícita en sistemas informáticos,2022,0.5333,Privación de libertad,90322,0.5185,Injerencia ilícita en datos informáticos,8063,0.5118,Intención delictiva,9039,0.5084,Otros actos contra sistemas informáticos,5019,0.5021,Otros actos de robo con entrada ilícita
546,Omisión denuncia por funcionario público de tenencia elementos tecnológicos,90321,0.5752,Injerencia ilícita en sistemas informáticos,903,0.574,Actos contra sistemas informáticos,9032,0.5737,Injerencia ilícita en sistemas o datos informáticos,9031,0.562,Acceso ilícito a sistemas informáticos,9033,0.5487,Interceptación o acceso ilícitos a datos informáticos,90322,0.541,Injerencia ilícita en datos informáticos,9039,0.5369,Otros actos contra sistemas informáticos,904,0.5043,Actos contra la seguridad del Estado,5019,0.4967,Otros actos de robo con entrada ilícita,7049,0.4742,Otros actos relacionados con el producto del delito
547,Portar injustificadamente combustible en lugares de uso público,8011,0.6165,Delitos relacionados con la alteración violenta del orden público,8063,0.5857,Intención delictiva,90111,0.567,Posesión o uso ilícitos de armas de fuego,9011,0.5646,Posesión o uso de armas y explosivos,801,0.564,Actos contrarios a las normas de conducta orientadas al mantenimiento del orden público,90112,0.5547,Posesión o uso ilícitos de otras armas o explosivos,110132,0.5466,Destrucción o daños ilícitos a la propiedad en relación con conflictos armados,8012,0.5414,Actos relacionados con las normas y preceptos sociales y religiosos orientados al mantenimiento del orden público,8019,0.5399,Otros actos contrarios a las normas de conducta orientadas al mantenimiento del orden público,80322,0.5398,Violaciones de las normas sobre intolerancia e incitación al odio
548,Registro de las actuaciones policiales,903,0.5607,Actos contra sistemas informáticos,908,0.55,Otros actos contra la seguridad pública y la seguridad del Estado,8011,0.5483,Delitos relacionados con la alteración violenta del orden público,9032,0.5466,Injerencia ilícita en sistemas o datos informáticos,904,0.5387,Actos contra la seguridad del Estado,806,0.5381,Actos contra el sistema de justicia,8022,0.5279,Delitos de pornografía,801,0.5231,Actos contrarios a las normas de conducta orientadas al mantenimiento del orden público,802,0.523,Actos contrarios a las normas de conducta sexual orientadas al mantenimiento del orden público,9059,0.5181,Otros actos relacionados con grupos delictivos organizados
549,Contaminación grave imprudente,2071,0.6199,Actos que ponen en peligro la salud,10019,0.5997,Otros actos que causan contaminación o degradación del medio ambiente,902,0.5786,Actos contra la salud y la seguridad,207,0.5759,Actos peligrosos,1001,0.5733,Actos que causan contaminación o degradación del medio ambiente,801,0.5588,Actos contrarios a las normas de conducta orientadas al mantenimiento del orden público,1002,0.5573,Actos relacionados con el traslado o vertimiento de desechos,2119,0.5565,Otras transgresiones contra las personas,206,0.5421,Negligencia,90113,0.5354,"Posesión o uso ilícitos de materiales químicos, biológicos o radiactivos"
550,"Comercializar, distribuir o instalar máquinas de juegos ilegales Art. 276 bis Código Penal",60229,0.5421,"Otros actos ilícitos de producción, manipulación, posesión o uso de productos de tabaco",8022,0.5421,Delitos de pornografía,8063,0.5301,Intención delictiva,60222,0.5273,"Producción, tráfico o distribución ilícitos de productos de tabaco",30221,0.5202,Pornografía infantil,6022,0.5173,"Producción, manipulación, posesión o uso ilícitos de productos de tabaco",8021,0.5123,Delitos de prostitución,7049,0.5074,Otros actos relacionados con el producto del delito,60121,0.5071,Tráfico ilícito de drogas sujetas a fiscalización no destinadas al consumo personal,601,0.5065,Actos ilícitos relacionados con drogas o precursores sujetos a fiscalización
551,Delitos medioambientales dolosos,1001,0.6859,Actos que causan contaminación o degradación del medio ambiente,10019,0.6756,Otros actos que causan contaminación o degradación del medio ambiente,1002,0.6483,Actos relacionados con el traslado o vertimiento de desechos,10021,0.6262,Actos relacionados con el traslado o vertimiento de desechos dentro de las fronteras nacionales,10022,0.6094,Actos relacionados con el traslado o vertimiento transfronterizos de desechos,1004,0.6059,Actos que provocan el agotamiento o la degradación de los recursos naturales,1009,0.601,Otros actos contra el entorno natural,10012,0.5981,Actos que causan la contaminación o degradación del agua,10099,0.5974,Otros actos contra el entorno natural,10013,0.5894,Actos que causan la contaminación o degradación del suelo
552,Asociación ilícita para la comisión de simples delitos,905,0.6777,Actos relacionados con grupos delictivos organizados,9051,0.6446,Participación en un grupo delictivo organizado,8063,0.6156,Intención delictiva,9059,0.5822,Otros actos relacionados con grupos delictivos organizados,8064,0.5732,Conspiración,11021,0.5684,Delitos en razón de la condición de menor de edad,9061,0.5569,Participación en un grupo terrorista,8011,0.548,Delitos relacionados con la alteración violenta del orden público,1109,0.5439,Otros actos delictivos no clasificados en otra parte,8021,0.5405,Delitos de prostitución
553,Asociación ilícita para la comisión de simples crímenes,905,0.6838,Actos relacionados con grupos delictivos organizados,9051,0.6449,Participación en un grupo delictivo organizado,8063,0.6292,Intención delictiva,8064,0.5938,Conspiración,9059,0.5931,Otros actos relacionados con grupos delictivos organizados,9061,0.5653,Participación en un grupo terrorista,8011,0.5603,Delitos relacionados con la alteración violenta del orden público,8021,0.5568,Delitos de prostitución,906,0.5564,Terrorismo,11019,0.5506,Otros actos bajo jurisdicción universal
554,Amenaza u ofrecimiento de beneficio económico para prestar falso testimonio u omitir declarar en proceso por asociación ilícita,704,0.5626,Actos relacionados con el producto del delito,8061,0.5475,Obstrucción de la justicia,702,0.5427,Falsificación,7034,0.536,Tráfico de influencias,701,0.5358,Fraude,7023,0.5298,Actos de falsificación de documentos,8064,0.5272,Conspiración,7019,0.5271,Otros actos de fraude,709,0.512,"Otros actos que conllevan fraude, engaño o corrupción",8063,0.5112,Intención delictiva
597,Declaración falsa denunciante anónimo,702,0.5615,Falsificación,701,0.5504,Fraude,7019,0.5478,Otros actos de fraude,7023,0.5448,Actos de falsificación de documentos,709,0.5354,"Otros actos que conllevan fraude, engaño o corrupción",704,0.532,Actos relacionados con el producto del delito,7029,0.52,Otros actos de falsificación,8064,0.5181,Conspiración,8061,0.5115,Obstrucción de la justicia,7049,0.503,Otros actos relacionados con el producto del delito
599,Otros delitos contra el orden y la seguridad pública cometidos por particulares,8011,0.6387,Delitos relacionados con la alteración violenta del orden público,801,0.6168,Actos contrarios a las normas de conducta orientadas al mantenimiento del orden público,905,0.6102,Actos relacionados con grupos delictivos organizados,8019,0.5971,Otros actos contrarios a las normas de conducta orientadas al mantenimiento del orden público,802,0.5967,Actos contrarios a las normas de conducta sexual orientadas al mantenimiento del orden público,9059,0.5933,Otros actos relacionados con grupos delictivos organizados,8012,0.5858,Actos relacionados con las normas y preceptos sociales y religiosos orientados al mantenimiento del orden público,1109,0.5846,Otros actos delictivos no clasificados en otra parte,8063,0.5804,Intención delictiva,908,0.5793,Otros actos contra la seguridad pública y la seguridad del Estado
601,Aborto,106,0.6029,Feticidio ilegal,802,0.5416,Actos contrarios a las normas de conducta sexual orientadas al mantenimiento del orden público,8029,0.536,Otros actos contrarios a las normas de conducta sexual orientadas al mantenimiento del orden público,8021,0.5342,Delitos de prostitución,8022,0.5322,Delitos de pornografía,809,0.5086,"Otros actos contra el orden público, la autoridad y las disposiciones del Estado",301,0.5023,Violencia sexual,3011,0.4982,Violación,101,0.4946,Homicidio intencional,1031,0.4904,Homicidio no culposo
602,Abandono de niños,20211,0.5603,Secuestro por progenitores,20611,0.55,Negligencia en situaciones de menores bajo cuidado,20212,0.547,Secuestro por otro familiar,8021,0.5439,Delitos de prostitución,30221,0.5408,Pornografía infantil,30222,0.5392,Prostitución infantil,2021,0.5357,Secuestro de menores,802,0.5299,Actos contrarios a las normas de conducta sexual orientadas al mantenimiento del orden público,11021,0.5297,Delitos en razón de la condición de menor de edad,809,0.5267,"Otros actos contra el orden público, la autoridad y las disposiciones del Estado"
603,Abandono de cónyuge o de parientes enfermos,809,0.5376,"Otros actos contra el orden público, la autoridad y las disposiciones del Estado",20292,0.5361,Matrimonio forzado,20619,0.5208,Otras formas de negligencia en situaciones de personas bajo cuidado,20612,0.5187,Negligencia en situaciones de otras personas dependientes bajo cuidado,20212,0.511,Secuestro por otro familiar,8029,0.5104,Otros actos contrarios a las normas de conducta sexual orientadas al mantenimiento del orden público,802,0.5053,Actos contrarios a las normas de conducta sexual orientadas al mantenimiento del orden público,8021,0.4986,Delitos de prostitución,106,0.496,Feticidio ilegal,2029,0.4915,Otros actos contra la libertad
604,Usurpación de estado civil,809,0.5736,"Otros actos contra el orden público, la autoridad y las disposiciones del Estado",802,0.5632,Actos contrarios a las normas de conducta sexual orientadas al mantenimiento del orden público,8029,0.5493,Otros actos contrarios a las normas de conducta sexual orientadas al mantenimiento del orden público,3011,0.544,Violación,8021,0.5348,Delitos de prostitución,20292,0.526,Matrimonio forzado,211,0.521,Transgresiones contra las personas,8022,0.5209,Delitos de pornografía,30113,0.5203,Violación por presunción legal,509,0.5122,Otros actos contra la propiedad solamente
605,Inducir a un menor a abandonar el hogar,30222,0.5681,Prostitución infantil,11021,0.5677,Delitos en razón de la condición de menor de edad,2021,0.5674,Secuestro de menores,20212,0.5612,Secuestro por otro familiar,3022,0.5529,Explotación sexual de menores,20211,0.5514,Secuestro por progenitores,30221,0.5469,Pornografía infantil,30113,0.5464,Violación por presunción legal,20213,0.5379,Secuestro por un tutor legal,30223,0.5281,Captación de menores con fines sexuales
606,Rapto,5019,0.5688,Otros actos de robo con entrada ilícita,8021,0.5472,Delitos de prostitución,3022,0.5372,Explotación sexual de menores,302,0.5351,Explotación sexual,3021,0.5301,Explotación sexual de adultos,30222,0.5271,Prostitución infantil,4019,0.526,Otros actos de robo,8022,0.5233,Delitos de pornografía,20212,0.5232,Secuestro por otro familiar,802,0.5206,Actos contrarios a las normas de conducta sexual orientadas al mantenimiento del orden público
607,Violación,8029,0.6026,Otros actos contrarios a las normas de conducta sexual orientadas al mantenimiento del orden público,802,0.6022,Actos contrarios a las normas de conducta sexual orientadas al mantenimiento del orden público,8021,0.6015,Delitos de prostitución,8022,0.5947,Delitos de pornografía,3011,0.5795,Violación,301,0.5617,Violencia sexual,3012,0.5607,Agresión sexual,11021,0.5602,Delitos en razón de la condición de menor de edad,30119,0.5566,Otras formas de violación,30113,0.5515,Violación por presunción legal
608,Estupro,30113,0.6794,Violación por presunción legal,3022,0.6759,Explotación sexual de menores,30222,0.6719,Prostitución infantil,3011,0.6503,Violación,30229,0.6455,Otras formas de explotación sexual de menores,302,0.6279,Explotación sexual,3012,0.6187,Agresión sexual,301,0.6152,Violencia sexual,30223,0.6147,Captación de menores con fines sexuales,3021,0.6104,Explotación sexual de adultos
609,Incesto,8029,0.5861,Otros actos contrarios a las normas de conducta sexual orientadas al mantenimiento del orden público,802,0.5622,Actos contrarios a las normas de conducta sexual orientadas al mantenimiento del orden público,30113,0.553,Violación por presunción legal,3011,0.5525,Violación,8021,0.5422,Delitos de prostitución,3012,0.5404,Agresión sexual,20212,0.5399,Secuestro por otro familiar,301,0.5374,Violencia sexual,8022,0.5258,Delitos de pornografía,20211,0.5211,Secuestro por progenitores
610,Promover o facilitar prostitución de menores,30222,0.7097,Prostitución infantil,8021,0.6837,Delitos de prostitución,3022,0.6748,Explotación sexual de menores,30221,0.6377,Pornografía infantil,802,0.63,Actos contrarios a las normas de conducta sexual orientadas al mantenimiento del orden público,30113,0.6232,Violación por presunción legal,11021,0.6098,Delitos en razón de la condición de menor de edad,8022,0.6088,Delitos de pornografía,30229,0.5997,Otras formas de explotación sexual de menores,3012,0.5956,Agresión sexual
611,Sodomía,3012,0.5537,Agresión sexual,8021,0.5525,Delitos de prostitución,8029,0.5495,Otros actos contrarios a las normas de conducta sexual orientadas al mantenimiento del orden público,802,0.533,Actos contrarios a las normas de conducta sexual orientadas al mantenimiento del orden público,8022,0.5307,Delitos de pornografía,301,0.5283,Violencia sexual,3011,0.5162,Violación,11015,0.5139,Crímenes de lesa humanidad,11014,0.5063,Genocidio,11013,0.504,Crímenes de guerra
612,Violación sodomítica,8029,0.5805,Otros actos contrarios a las normas de conducta sexual orientadas al mantenimiento del orden público,3011,0.5667,Violación,802,0.5636,Actos contrarios a las normas de conducta sexual orientadas al mantenimiento del orden público,8021,0.5633,Delitos de prostitución,3012,0.5598,Agresión sexual,8022,0.5565,Delitos de pornografía,301,0.5522,Violencia sexual,30113,0.5428,Violación por presunción legal,30119,0.5288,Otras formas de violación,30129,0.5234,Otros actos de agresión sexual no clasificados en otra parte
613,Abusos deshonestos,8021,0.6247,Delitos de prostitución,8029,0.6221,Otros actos contrarios a las normas de conducta sexual orientadas al mantenimiento del orden público,802,0.6096,Actos contrarios a las normas de conducta sexual orientadas al mantenimiento del orden público,3011,0.6069,Violación,3012,0.5969,Agresión sexual,8022,0.5951,Delitos de pornografía,302,0.5883,Explotación sexual,30119,0.5797,Otras formas de violación,301,0.5764,Violencia sexual,30129,0.5703,Otros actos de agresión sexual no clasificados en otra parte
614,Trata de blancas,8021,0.5843,Delitos de prostitución,8029,0.5692,Otros actos contrarios a las normas de conducta sexual orientadas al mantenimiento del orden público,8022,0.5688,Delitos de pornografía,802,0.5687,Actos contrarios a las normas de conducta sexual orientadas al mantenimiento del orden público,11021,0.547,Delitos en razón de la condición de menor de edad,301,0.5399,Violencia sexual,3011,0.5363,Violación,3012,0.534,Agresión sexual,3019,0.5218,Otros actos de violencia sexual,1109,0.5134,Otros actos delictivos no clasificados en otra parte
615,Ultraje público a las buenas costumbres,8029,0.6793,Otros actos contrarios a las normas de conducta sexual orientadas al mantenimiento del orden público,802,0.6588,Actos contrarios a las normas de conducta sexual orientadas al mantenimiento del orden público,8021,0.6535,Delitos de prostitución,8012,0.6296,Actos relacionados con las normas y preceptos sociales y religiosos orientados al mantenimiento del orden público,8022,0.622,Delitos de pornografía,8011,0.6097,Delitos relacionados con la alteración violenta del orden público,801,0.5907,Actos contrarios a las normas de conducta orientadas al mantenimiento del orden público,3011,0.5871,Violación,80322,0.5802,Violaciones de las normas sobre intolerancia e incitación al odio,809,0.5737,"Otros actos contra el orden público, la autoridad y las disposiciones del Estado"
616,Difusión de material pornográfico (pornografía).,8022,0.7255,Delitos de pornografía,30221,0.6842,Pornografía infantil,802,0.6393,Actos contrarios a las normas de conducta sexual orientadas al mantenimiento del orden público,8021,0.6224,Delitos de prostitución,3022,0.6224,Explotación sexual de menores,8029,0.5923,Otros actos contrarios a las normas de conducta sexual orientadas al mantenimiento del orden público,30222,0.58,Prostitución infantil,3012,0.5775,Agresión sexual,3011,0.5751,Violación,302,0.5744,Explotación sexual
617,Bigamia,8029,0.5878,Otros actos contrarios a las normas de conducta sexual orientadas al mantenimiento del orden público,802,0.5644,Actos contrarios a las normas de conducta sexual orientadas al mantenimiento del orden público,20292,0.5478,Matrimonio forzado,8021,0.5412,Delitos de prostitución,8022,0.5213,Delitos de pornografía,809,0.5056,"Otros actos contra el orden público, la autoridad y las disposiciones del Estado",80321,0.4879,Violaciones de las normas sobre creencias u opiniones religiosas,2029,0.4791,Otros actos contra la libertad,3011,0.4778,Violación,8012,0.4742,Actos relacionados con las normas y preceptos sociales y religiosos orientados al mantenimiento del orden público
618,Delitos de significación sexual,8021,0.6176,Delitos de prostitución,802,0.6123,Actos contrarios a las normas de conducta sexual orientadas al mantenimiento del orden público,3012,0.6082,Agresión sexual,8029,0.6059,Otros actos contrarios a las normas de conducta sexual orientadas al mantenimiento del orden público,301,0.6054,Violencia sexual,8022,0.6044,Delitos de pornografía,3011,0.5924,Violación,30113,0.5786,Violación por presunción legal,3019,0.5764,Otros actos de violencia sexual,30222,0.5711,Prostitución infantil
619,Abuso sexual sin contacto corporal de mayor de 14 años y menor de 18 años,30113,0.7219,Violación por presunción legal,3022,0.6919,Explotación sexual de menores,30221,0.6732,Pornografía infantil,30222,0.6665,Prostitución infantil,301,0.6625,Violencia sexual,3011,0.6549,Violación,30229,0.6545,Otras formas de explotación sexual de menores,30223,0.6542,Captación de menores con fines sexuales,3012,0.6516,Agresión sexual,11021,0.6459,Delitos en razón de la condición de menor de edad
620,Abuso sexual sin contacto corporal de menor 14 años,30113,0.7278,Violación por presunción legal,3022,0.7033,Explotación sexual de menores,30221,0.6804,Pornografía infantil,30222,0.6763,Prostitución infantil,30223,0.6756,Captación de menores con fines sexuales,30229,0.6678,Otras formas de explotación sexual de menores,11021,0.6656,Delitos en razón de la condición de menor de edad,3011,0.6298,Violación,301,0.6264,Violencia sexual,1102,0.6228,Actos contrarios a las leyes u otras disposiciones sobre menores
621,Violación de menor de 14 años,30113,0.7116,Violación por presunción legal,11021,0.6772,Delitos en razón de la condición de menor de edad,3022,0.6567,Explotación sexual de menores,30222,0.6485,Prostitución infantil,30221,0.6444,Pornografía infantil,30223,0.6398,Captación de menores con fines sexuales,1102,0.6279,Actos contrarios a las leyes u otras disposiciones sobre menores,30229,0.6252,Otras formas de explotación sexual de menores,3011,0.6176,Violación,11029,0.5967,Otros actos contrarios a las leyes u otras disposiciones sobre menores
622,Abuso sexual adulto,3012,0.6162,Agresión sexual,8021,0.6135,Delitos de prostitución,802,0.6039,Actos contrarios a las normas de conducta sexual orientadas al mantenimiento del orden público,8022,0.598,Delitos de pornografía,302,0.5959,Explotación sexual,30222,0.5956,Prostitución infantil,301,0.5944,Violencia sexual,3021,0.5936,Explotación sexual de adultos,3011,0.5913,Violación,3022,0.5882,Explotación sexual de menores
623,Abuso sexual con contacto corporal de menor de 14 años,30113,0.7133,Violación por presunción legal,3022,0.6851,Explotación sexual de menores,30222,0.673,Prostitución infantil,30223,0.6648,Captación de menores con fines sexuales,30221,0.6526,Pornografía infantil,30229,0.6482,Otras formas de explotación sexual de menores,11021,0.647,Delitos en razón de la condición de menor de edad,3012,0.6314,Agresión sexual,301,0.6313,Violencia sexual,3011,0.6288,Violación
624,Aborto consentido por causales no reguladas,106,0.6316,Feticidio ilegal,3011,0.5626,Violación,802,0.5515,Actos contrarios a las normas de conducta sexual orientadas al mantenimiento del orden público,20292,0.5423,Matrimonio forzado,301,0.5389,Violencia sexual,8029,0.5301,Otros actos contrarios a las normas de conducta sexual orientadas al mantenimiento del orden público,2029,0.5289,Otros actos contra la libertad,1031,0.5237,Homicidio no culposo,8022,0.5226,Delitos de pornografía,103,0.5198,Homicidio no intencional
625,Aborto sin consentimiento,106,0.6699,Feticidio ilegal,3011,0.6071,Violación,301,0.5973,Violencia sexual,20292,0.5734,Matrimonio forzado,101,0.5728,Homicidio intencional,30112,0.5702,Violación sin uso de la fuerza,1031,0.5655,Homicidio no culposo,802,0.5635,Actos contrarios a las normas de conducta sexual orientadas al mantenimiento del orden público,30111,0.5598,Violación con uso de la fuerza,103,0.5566,Homicidio no intencional
626,Trata de personas,8021,0.5963,Delitos de prostitución,802,0.5888,Actos contrarios a las normas de conducta sexual orientadas al mantenimiento del orden público,8022,0.5884,Delitos de pornografía,8029,0.5833,Otros actos contrarios a las normas de conducta sexual orientadas al mantenimiento del orden público,3012,0.5574,Agresión sexual,11021,0.5525,Delitos en razón de la condición de menor de edad,301,0.5466,Violencia sexual,3011,0.5367,Violación,3019,0.5358,Otros actos de violencia sexual,1109,0.5345,Otros actos delictivos no clasificados en otra parte
627,Trata de personas calificada,8021,0.6009,Delitos de prostitución,8022,0.5881,Delitos de pornografía,802,0.5857,Actos contrarios a las normas de conducta sexual orientadas al mantenimiento del orden público,8029,0.5756,Otros actos contrarios a las normas de conducta sexual orientadas al mantenimiento del orden público,3012,0.5688,Agresión sexual,11021,0.5592,Delitos en razón de la condición de menor de edad,301,0.5586,Violencia sexual,1109,0.5506,Otros actos delictivos no clasificados en otra parte,3019,0.5501,Otros actos de violencia sexual,3011,0.5472,Violación
628,Violación con homicidio o femicidio,101,0.6364,Homicidio intencional,1031,0.613,Homicidio no culposo,110131,0.5869,Homicidio o tentativa de causar la muerte o lesiones graves de forma ilícita en conflictos armados,103,0.5753,Homicidio no intencional,11015,0.5752,Crímenes de lesa humanidad,11013,0.5705,Crímenes de guerra,106,0.5665,Feticidio ilegal,301,0.5663,Violencia sexual,11014,0.5527,Genocidio,3012,0.5517,Agresión sexual
629,Producción material pornográfico utilizando menores de 18 años,30221,0.7096,Pornografía infantil,3022,0.6809,Explotación sexual de menores,30113,0.6456,Violación por presunción legal,11021,0.6452,Delitos en razón de la condición de menor de edad,8022,0.6325,Delitos de pornografía,30222,0.6277,Prostitución infantil,30223,0.6179,Captación de menores con fines sexuales,30229,0.6125,Otras formas de explotación sexual de menores,1102,0.5804,Actos contrarios a las leyes u otras disposiciones sobre menores,802,0.5583,Actos contrarios a las normas de conducta sexual orientadas al mantenimiento del orden público
630,Comercialización material pornográfico elaborado usando menores de 18 años,30221,0.7127,Pornografía infantil,3022,0.6831,Explotación sexual de menores,30113,0.641,Violación por presunción legal,11021,0.6351,Delitos en razón de la condición de menor de edad,30222,0.6332,Prostitución infantil,30223,0.6223,Captación de menores con fines sexuales,8022,0.6155,Delitos de pornografía,30229,0.6111,Otras formas de explotación sexual de menores,1102,0.5674,Actos contrarios a las leyes u otras disposiciones sobre menores,802,0.5447,Actos contrarios a las normas de conducta sexual orientadas al mantenimiento del orden público
631,Adquisición o almacenamiento material pornográfico infantil,30221,0.7358,Pornografía infantil,3022,0.6755,Explotación sexual de menores,30222,0.6701,Prostitución infantil,8022,0.6549,Delitos de pornografía,30113,0.6031,Violación por presunción legal,802,0.5914,Actos contrarios a las normas de conducta sexual orientadas al mantenimiento del orden público,30223,0.5901,Captación de menores con fines sexuales,30229,0.5848,Otras formas de explotación sexual de menores,11021,0.5798,Delitos en razón de la condición de menor de edad,8021,0.574,Delitos de prostitución
632,Obtención de servicios sexuales de menores,30222,0.6914,Prostitución infantil,3022,0.6707,Explotación sexual de menores,30113,0.6617,Violación por presunción legal,30229,0.6358,Otras formas de explotación sexual de menores,30221,0.6342,Pornografía infantil,11021,0.6324,Delitos en razón de la condición de menor de edad,30223,0.6295,Captación de menores con fines sexuales,8021,0.6219,Delitos de prostitución,1102,0.5918,Actos contrarios a las leyes u otras disposiciones sobre menores,802,0.5818,Actos contrarios a las normas de conducta sexual orientadas al mantenimiento del orden público
633,Abuso sexual calificado (con introducción de objetos o uso de animales),3012,0.6674,Agresión sexual,3011,0.6656,Violación,301,0.6554,Violencia sexual,302,0.647,Explotación sexual,30129,0.6356,Otros actos de agresión sexual no clasificados en otra parte,30111,0.6237,Violación con uso de la fuerza,30121,0.6212,Agresión sexual física,8021,0.6192,Delitos de prostitución,3019,0.6127,Otros actos de violencia sexual,802,0.6125,Actos contrarios a las normas de conducta sexual orientadas al mantenimiento del orden público
634,Abuso sexual de mayor de 14 años y menor de 18 años con circunstancia de estupro,30113,0.6915,Violación por presunción legal,3022,0.6778,Explotación sexual de menores,301,0.6771,Violencia sexual,30222,0.6757,Prostitución infantil,3012,0.6755,Agresión sexual,3011,0.6734,Violación,302,0.6643,Explotación sexual,30229,0.6446,Otras formas de explotación sexual de menores,30129,0.6393,Otros actos de agresión sexual no clasificados en otra parte,30121,0.6304,Agresión sexual física
635,Abuso sexual de mayor de 14 (con circunstancias de violación),3012,0.6709,Agresión sexual,30113,0.6701,Violación por presunción legal,3011,0.6593,Violación,301,0.6568,Violencia sexual,302,0.6465,Explotación sexual,3022,0.6312,Explotación sexual de menores,802,0.6303,Actos contrarios a las normas de conducta sexual orientadas al mantenimiento del orden público,30129,0.6249,Otros actos de agresión sexual no clasificados en otra parte,30222,0.6231,Prostitución infantil,30121,0.6231,Agresión sexual física
636,Aborto cometido por facultativo por causales no reguladas,106,0.654,Feticidio ilegal,802,0.5659,Actos contrarios a las normas de conducta sexual orientadas al mantenimiento del orden público,8029,0.5466,Otros actos contrarios a las normas de conducta sexual orientadas al mantenimiento del orden público,8022,0.54,Delitos de pornografía,809,0.54,"Otros actos contra el orden público, la autoridad y las disposiciones del Estado",8021,0.5383,Delitos de prostitución,3011,0.5296,Violación,2029,0.5273,Otros actos contra la libertad,103,0.5255,Homicidio no intencional,20292,0.5218,Matrimonio forzado
637,Violación de mayor de 14 años,30113,0.6469,Violación por presunción legal,3011,0.6235,Violación,3012,0.6149,Agresión sexual,301,0.6111,Violencia sexual,802,0.5969,Actos contrarios a las normas de conducta sexual orientadas al mantenimiento del orden público,11021,0.5936,Delitos en razón de la condición de menor de edad,30222,0.5923,Prostitución infantil,30111,0.5901,Violación con uso de la fuerza,30112,0.5808,Violación sin uso de la fuerza,3022,0.5805,Explotación sexual de menores
638,"Captación, grabación y difusión de registros audiovisuales de partes íntimas",8022,0.6632,Delitos de pornografía,802,0.6343,Actos contrarios a las normas de conducta sexual orientadas al mantenimiento del orden público,3011,0.6268,Violación,30221,0.6245,Pornografía infantil,30113,0.6234,Violación por presunción legal,301,0.6195,Violencia sexual,3022,0.6189,Explotación sexual de menores,8029,0.6043,Otros actos contrarios a las normas de conducta sexual orientadas al mantenimiento del orden público,30222,0.6002,Prostitución infantil,30223,0.5991,Captación de menores con fines sexuales
639,Abuso sexual de mayor de 14 años por sorpresa y/o sin consentimiento,301,0.6972,Violencia sexual,3011,0.6945,Violación,30113,0.6912,Violación por presunción legal,3012,0.6768,Agresión sexual,302,0.6383,Explotación sexual,802,0.637,Actos contrarios a las normas de conducta sexual orientadas al mantenimiento del orden público,30112,0.6332,Violación sin uso de la fuerza,30129,0.6295,Otros actos de agresión sexual no clasificados en otra parte,30111,0.6264,Violación con uso de la fuerza,3022,0.6202,Explotación sexual de menores
640,Acoso sexual en lugares públicos o de libre acceso público,8029,0.7334,Otros actos contrarios a las normas de conducta sexual orientadas al mantenimiento del orden público,802,0.733,Actos contrarios a las normas de conducta sexual orientadas al mantenimiento del orden público,3012,0.6965,Agresión sexual,8021,0.6901,Delitos de prostitución,301,0.6845,Violencia sexual,8022,0.6689,Delitos de pornografía,3011,0.6662,Violación,302,0.6613,Explotación sexual,30129,0.6513,Otros actos de agresión sexual no clasificados en otra parte,30121,0.6431,Agresión sexual física
647,Transmisión de imágenes de connotación sexual de menor 18 años,30113,0.7,Violación por presunción legal,30221,0.697,Pornografía infantil,3022,0.6848,Explotación sexual de menores,30223,0.6722,Captación de menores con fines sexuales,30222,0.65,Prostitución infantil,11021,0.6421,Delitos en razón de la condición de menor de edad,30229,0.6417,Otras formas de explotación sexual de menores,8022,0.6186,Delitos de pornografía,802,0.5988,Actos contrarios a las normas de conducta sexual orientadas al mantenimiento del orden público,1102,0.5986,Actos contrarios a las leyes u otras disposiciones sobre menores
648,Comercialización de material pornográfico de menores de 18 años,30221,0.7297,Pornografía infantil,3022,0.7084,Explotación sexual de menores,8022,0.6697,Delitos de pornografía,30113,0.6554,Violación por presunción legal,30222,0.6475,Prostitución infantil,30223,0.6332,Captación de menores con fines sexuales,30229,0.6287,Otras formas de explotación sexual de menores,11021,0.6158,Delitos en razón de la condición de menor de edad,802,0.6123,Actos contrarios a las normas de conducta sexual orientadas al mantenimiento del orden público,8021,0.5853,Delitos de prostitución
649,Producción material pornográfico utilizando menores de 18 años,30221,0.7173,Pornografía infantil,3022,0.6989,Explotación sexual de menores,8022,0.6536,Delitos de pornografía,30113,0.6519,Violación por presunción legal,30222,0.6424,Prostitución infantil,30229,0.637,Otras formas de explotación sexual de menores,11021,0.6359,Delitos en razón de la condición de menor de edad,30223,0.6299,Captación de menores con fines sexuales,802,0.5991,Actos contrarios a las normas de conducta sexual orientadas al mantenimiento del orden público,1102,0.5837,Actos contrarios a las leyes u otras disposiciones sobre menores
650,Adquisición o almacenamiento material pornográfico infantil,30221,0.7604,Pornografía infantil,3022,0.7195,Explotación sexual de menores,30222,0.685,Prostitución infantil,8022,0.6721,Delitos de pornografía,30113,0.6538,Violación por presunción legal,30229,0.6443,Otras formas de explotación sexual de menores,30223,0.6374,Captación de menores con fines sexuales,802,0.6179,Actos contrarios a las normas de conducta sexual orientadas al mantenimiento del orden público,11021,0.6095,Delitos en razón de la condición de menor de edad,8021,0.5782,Delitos de prostitución
651,Exhibición de registros de contenido sexual sin consentimiento,802,0.6672,Actos contrarios a las normas de conducta sexual orientadas al mantenimiento del orden público,8022,0.6649,Delitos de pornografía,3011,0.6481,Violación,8021,0.6362,Delitos de prostitución,8029,0.6341,Otros actos contrarios a las normas de conducta sexual orientadas al mantenimiento del orden público,30221,0.6233,Pornografía infantil,3022,0.6226,Explotación sexual de menores,30113,0.6196,Violación por presunción legal,302,0.6196,Explotación sexual,301,0.6121,Violencia sexual
652,Difusión de registros de contenido sexual sin consentimiento,8022,0.6834,Delitos de pornografía,802,0.6768,Actos contrarios a las normas de conducta sexual orientadas al mantenimiento del orden público,8029,0.6478,Otros actos contrarios a las normas de conducta sexual orientadas al mantenimiento del orden público,30221,0.6442,Pornografía infantil,3011,0.6334,Violación,301,0.6308,Violencia sexual,8021,0.6256,Delitos de prostitución,3022,0.6228,Explotación sexual de menores,30113,0.6222,Violación por presunción legal,302,0.6148,Explotación sexual
699,"Otros delitos contra el orden de las familias, contra la moralidad pública y contra la integridad sexual",802,0.6618,Actos contrarios a las normas de conducta sexual orientadas al mantenimiento del orden público,8029,0.655,Otros actos contrarios a las normas de conducta sexual orientadas al mantenimiento del orden público,8021,0.6342,Delitos de prostitución,8022,0.622,Delitos de pornografía,809,0.5947,"Otros actos contra el orden público, la autoridad y las disposiciones del Estado",8012,0.5851,Actos relacionados con las normas y preceptos sociales y religiosos orientados al mantenimiento del orden público,8011,0.5729,Delitos relacionados con la alteración violenta del orden público,801,0.5556,Actos contrarios a las normas de conducta orientadas al mantenimiento del orden público,3011,0.5539,Violación,11021,0.5525,Delitos en razón de la condición de menor de edad
701,Parricidio,101,0.576,Homicidio intencional,106,0.5492,Feticidio ilegal,1031,0.5431,Homicidio no culposo,103,0.532,Homicidio no intencional,20212,0.5282,Secuestro por otro familiar,20211,0.5243,Secuestro por progenitores,11014,0.5169,Genocidio,104,0.5137,Suicidio asistido o incitación al suicidio,102,0.5081,Tentativa de homicidio intencional,110131,0.5063,Homicidio o tentativa de causar la muerte o lesiones graves de forma ilícita en conflictos armados
702,Homicidio,101,0.7441,Homicidio intencional,1031,0.7334,Homicidio no culposo,103,0.701,Homicidio no intencional,110131,0.6861,Homicidio o tentativa de causar la muerte o lesiones graves de forma ilícita en conflictos armados,1032,0.6602,Homicidio culposo,102,0.65,Tentativa de homicidio intencional,11015,0.6371,Crímenes de lesa humanidad,10322,0.6318,Homicidio no ocasionado por tránsito vehicular,104,0.6256,Suicidio asistido o incitación al suicidio,109,0.6246,Otros actos que causan la muerte o que tienen la intención de causar la muerte
703,Homicidio calificado,101,0.7381,Homicidio intencional,1031,0.712,Homicidio no culposo,110131,0.6809,Homicidio o tentativa de causar la muerte o lesiones graves de forma ilícita en conflictos armados,103,0.6704,Homicidio no intencional,102,0.6515,Tentativa de homicidio intencional,1032,0.6488,Homicidio culposo,109,0.6349,Otros actos que causan la muerte o que tienen la intención de causar la muerte,104,0.6247,Suicidio asistido o incitación al suicidio,11015,0.6133,Crímenes de lesa humanidad,106,0.6078,Feticidio ilegal
704,Homicidio simple,101,0.6667,Homicidio intencional,1031,0.6584,Homicidio no culposo,103,0.6368,Homicidio no intencional,110131,0.6046,Homicidio o tentativa de causar la muerte o lesiones graves de forma ilícita en conflictos armados,102,0.6015,Tentativa de homicidio intencional,104,0.5909,Suicidio asistido o incitación al suicidio,11015,0.5746,Crímenes de lesa humanidad,1032,0.5712,Homicidio culposo,1041,0.5675,Suicidio asistido,107,0.5585,Homicidio ilícito relacionado con conflictos armados
705,Homicidio en riña o pelea,110131,0.7107,Homicidio o tentativa de causar la muerte o lesiones graves de forma ilícita en conflictos armados,101,0.6768,Homicidio intencional,107,0.6753,Homicidio ilícito relacionado con conflictos armados,1031,0.6683,Homicidio no culposo,103,0.6416,Homicidio no intencional,11013,0.6413,Crímenes de guerra,102,0.6237,Tentativa de homicidio intencional,11016,0.6115,Crimen de agresión,2011,0.5995,Agresión,20111,0.5972,Agresión grave
706,Auxilio al suicidio,104,0.7693,Suicidio asistido o incitación al suicidio,1041,0.7679,Suicidio asistido,1042,0.7026,Otros actos de suicidio asistido o incitación al suicidio,109,0.6848,Otros actos que causan la muerte o que tienen la intención de causar la muerte,101,0.674,Homicidio intencional,1031,0.656,Homicidio no culposo,103,0.6462,Homicidio no intencional,102,0.6446,Tentativa de homicidio intencional,106,0.6239,Feticidio ilegal,1032,0.6143,Homicidio culposo
707,Infanticidio,106,0.6794,Feticidio ilegal,101,0.6402,Homicidio intencional,103,0.6064,Homicidio no intencional,20211,0.5942,Secuestro por progenitores,1031,0.5932,Homicidio no culposo,30222,0.5782,Prostitución infantil,102,0.5723,Tentativa de homicidio intencional,104,0.5695,Suicidio asistido o incitación al suicidio,11014,0.5643,Genocidio,1041,0.5601,Suicidio asistido
708,Lesiones corporales,20111,0.6858,Agresión grave,207,0.6737,Actos peligrosos,20112,0.6551,Agresión leve,219,0.6548,Otros actos que causan daños o que tienen la intención de causar daños a las personas,2079,0.6518,Otros actos peligrosos,2011,0.6511,Agresión,201,0.65,Agresiones y amenazas,2019,0.6338,Otras formas de agresiones y amenazas,11015,0.6262,Crímenes de lesa humanidad,11013,0.6173,Crímenes de guerra
709,Lesiones graves,20111,0.6478,Agresión grave,207,0.6336,Actos peligrosos,219,0.6184,Otros actos que causan daños o que tienen la intención de causar daños a las personas,9021,0.5945,Actos contra la salud y la seguridad en el trabajo,20329,0.5916,Otras formas de trabajo forzoso,2079,0.5915,Otros actos peligrosos,2032,0.5864,Trabajo forzoso,2031,0.5854,Esclavitud,11015,0.5852,Crímenes de lesa humanidad,202,0.583,Actos contra la libertad
710,Lesiones menos graves,20112,0.6811,Agresión leve,20122,0.636,Amenaza leve,207,0.6283,Actos peligrosos,2079,0.6087,Otros actos peligrosos,907,0.6084,Infracciones de tráfico no lesivas,20111,0.6018,Agresión grave,2019,0.6017,Otras formas de agresiones y amenazas,206,0.5982,Negligencia,2069,0.595,Otros actos de negligencia,219,0.5921,Otros actos que causan daños o que tienen la intención de causar daños a las personas
715,Calumnia,702,0.6108,Falsificación,701,0.6078,Fraude,704,0.599,Actos relacionados con el producto del delito,7019,0.5965,Otros actos de fraude,709,0.5861,"Otros actos que conllevan fraude, engaño o corrupción",7029,0.5696,Otros actos de falsificación,7023,0.5635,Actos de falsificación de documentos,7049,0.5577,Otros actos relacionados con el producto del delito,2099,0.5538,Otras formas de difamación o insulto,7039,0.5513,Otros actos de corrupción
716,Injuria,209,0.7082,Difamación o insulto,2099,0.7011,Otras formas de difamación o insulto,2092,0.6591,Difamación o insulto debido a las creencias o valores que se le imputan a la víctima,2091,0.6472,Difamación o insulto debido a las características de la víctima o a los atributos que se le imputan,210,0.6268,Discriminación,80322,0.6134,Violaciones de las normas sobre intolerancia e incitación al odio,201,0.5903,Agresiones y amenazas,2109,0.5878,Otras formas de discriminación,8069,0.5875,Otros actos contra el sistema de justicia,219,0.5864,Otros actos que causan daños o que tienen la intención de causar daños a las personas
717,Lesiones graves gravísimas,20111,0.6784,Agresión grave,207,0.642,Actos peligrosos,219,0.6299,Otros actos que causan daños o que tienen la intención de causar daños a las personas,2079,0.6152,Otros actos peligrosos,11015,0.5964,Crímenes de lesa humanidad,201,0.5937,Agresiones y amenazas,20121,0.5902,Amenaza grave,110131,0.5869,Homicidio o tentativa de causar la muerte o lesiones graves de forma ilícita en conflictos armados,2011,0.5848,Agresión,2019,0.5786,Otras formas de agresiones y amenazas
718,Castración y mutilación,101,0.6299,Homicidio intencional,2119,0.6176,Otras transgresiones contra las personas,11015,0.6163,Crímenes de lesa humanidad,106,0.6059,Feticidio ilegal,1031,0.5992,Homicidio no culposo,110131,0.598,Homicidio o tentativa de causar la muerte o lesiones graves de forma ilícita en conflictos armados,219,0.5856,Otros actos que causan daños o que tienen la intención de causar daños a las personas,20111,0.5807,Agresión grave,301,0.5803,Violencia sexual,2031,0.5781,Esclavitud
719,Mutilación,101,0.6497,Homicidio intencional,11015,0.6418,Crímenes de lesa humanidad,1031,0.6337,Homicidio no culposo,110131,0.6215,Homicidio o tentativa de causar la muerte o lesiones graves de forma ilícita en conflictos armados,2119,0.6171,Otras transgresiones contra las personas,219,0.6014,Otros actos que causan daños o que tienen la intención de causar daños a las personas,109,0.5876,Otros actos que causan la muerte o que tienen la intención de causar la muerte,103,0.587,Homicidio no intencional,2011,0.5869,Agresión,102,0.5827,Tentativa de homicidio intencional
720,Femicidio íntimo,101,0.6671,Homicidio intencional,1031,0.6286,Homicidio no culposo,106,0.6198,Feticidio ilegal,103,0.6131,Homicidio no intencional,301,0.6049,Violencia sexual,102,0.5905,Tentativa de homicidio intencional,110131,0.5832,Homicidio o tentativa de causar la muerte o lesiones graves de forma ilícita en conflictos armados,3012,0.5763,Agresión sexual,11015,0.5754,Crímenes de lesa humanidad,30113,0.5699,Violación por presunción legal
721,Tráfico de migrantes,8051,0.7965,Delitos de tráfico ilícito de migrantes,805,0.7269,Actos relacionados con la migración,8059,0.7116,Otros actos ilícitos relacionados con la migración,60121,0.5585,Tráfico ilícito de drogas sujetas a fiscalización no destinadas al consumo personal,204,0.5582,Trata de personas,100312,0.5429,Tráfico transfronterizo de especies protegidas,211,0.5237,Transgresiones contra las personas,2119,0.5224,Otras transgresiones contra las personas,6012,0.5205,"Tráfico, cultivo o producción ilícitos de drogas o precursores sujetos a fiscalización no destinados al consumo personal",20222,0.5204,Retención ilegal
722,Tráfico de migrantes cometidos por funcionario público,8051,0.7622,Delitos de tráfico ilícito de migrantes,805,0.7314,Actos relacionados con la migración,8059,0.7102,Otros actos ilícitos relacionados con la migración,204,0.538,Trata de personas,10021,0.5221,Actos relacionados con el traslado o vertimiento de desechos dentro de las fronteras nacionales,60121,0.5091,Tráfico ilícito de drogas sujetas a fiscalización no destinadas al consumo personal,8021,0.5069,Delitos de prostitución,20222,0.5045,Retención ilegal,211,0.504,Transgresiones contra las personas,10022,0.5012,Actos relacionados con el traslado o vertimiento transfronterizos de desechos
723,Trata de personas para la explotación sexual,302,0.7308,Explotación sexual,3012,0.6896,Agresión sexual,3021,0.6871,Explotación sexual de adultos,204,0.6868,Trata de personas,2041,0.6858,Trata de personas con fines de explotación sexual,3011,0.6826,Violación,301,0.6803,Violencia sexual,203,0.6775,Esclavitud y explotación,3029,0.6723,Otros actos de explotación sexual,3022,0.6648,Explotación sexual de menores
724,Trata de personas menores de 18 años,30113,0.6815,Violación por presunción legal,11021,0.6768,Delitos en razón de la condición de menor de edad,30229,0.6562,Otras formas de explotación sexual de menores,30223,0.648,Captación de menores con fines sexuales,30222,0.6448,Prostitución infantil,3022,0.6405,Explotación sexual de menores,1102,0.6317,Actos contrarios a las leyes u otras disposiciones sobre menores,3011,0.6252,Violación,30221,0.6236,Pornografía infantil,20219,0.6205,Otras formas de secuestro de menores
725,Asociación ilícita para tráfico de migrantes y/o trata de personas,8051,0.7599,Delitos de tráfico ilícito de migrantes,805,0.7017,Actos relacionados con la migración,8059,0.6755,Otros actos ilícitos relacionados con la migración,204,0.6175,Trata de personas,2119,0.5704,Otras transgresiones contra las personas,2044,0.5638,Trata de personas con otros fines,8021,0.5622,Delitos de prostitución,60121,0.5607,Tráfico ilícito de drogas sujetas a fiscalización no destinadas al consumo personal,203,0.5566,Esclavitud y explotación,211,0.5556,Transgresiones contra las personas
726,Promover o facilitar entrada o salida de personas del país para prostitución,8021,0.694,Delitos de prostitución,30222,0.6456,Prostitución infantil,8051,0.6313,Delitos de tráfico ilícito de migrantes,3021,0.6298,Explotación sexual de adultos,3022,0.6243,Explotación sexual de menores,302,0.6222,Explotación sexual,204,0.6147,Trata de personas,8022,0.6139,Delitos de pornografía,802,0.6099,Actos contrarios a las normas de conducta sexual orientadas al mantenimiento del orden público,3012,0.6099,Agresión sexual
727,Trata de personas para trabajos forzados y otros,2042,0.7384,Trata de personas con fines de trabajo o servicios forzosos,2031,0.7187,Esclavitud,203,0.7177,Esclavitud y explotación,2032,0.7122,Trabajo forzoso,204,0.7078,Trata de personas,20329,0.7027,Otras formas de trabajo forzoso,2039,0.675,Otros actos de esclavitud y explotación,20323,0.6669,Trabajo forzoso para el Estado o las fuerzas armadas,2051,0.6525,Extorsión o chantaje,20321,0.6506,Trabajo forzoso en servicios domésticos
763,Maltrato corporal a menores o personas vulnerables,30113,0.6418,Violación por presunción legal,30222,0.6393,Prostitución infantil,20611,0.6391,Negligencia en situaciones de menores bajo cuidado,219,0.6269,Otros actos que causan daños o que tienen la intención de causar daños a las personas,204,0.6247,Trata de personas,3022,0.6138,Explotación sexual de menores,20111,0.6129,Agresión grave,203,0.6081,Esclavitud y explotación,30229,0.6061,Otras formas de explotación sexual de menores,3011,0.6035,Violación
764,Maltrato cometido por persona con deber de cuidado,20611,0.6632,Negligencia en situaciones de menores bajo cuidado,20619,0.6432,Otras formas de negligencia en situaciones de personas bajo cuidado,20612,0.6393,Negligencia en situaciones de otras personas dependientes bajo cuidado,2061,0.6356,Negligencia en situaciones de personas bajo cuidado,219,0.6081,Otros actos que causan daños o que tienen la intención de causar daños a las personas,204,0.6051,Trata de personas,203,0.5856,Esclavitud y explotación,2031,0.5854,Esclavitud,30113,0.5801,Violación por presunción legal,30222,0.5761,Prostitución infantil
765,Tratos degradantes a personas vulnerables,210,0.6138,Discriminación,110134,0.5982,Actos contra la libertad o la dignidad humana en relación con conflictos armados,2102,0.58,Discriminación de grupos,2119,0.5785,Otras transgresiones contra las personas,2101,0.5687,Discriminación de personas,204,0.568,Trata de personas,11015,0.5614,Crímenes de lesa humanidad,211,0.5561,Transgresiones contra las personas,203,0.5522,Esclavitud y explotación,2109,0.545,Otras formas de discriminación
766,Femicidio no íntimo,101,0.6431,Homicidio intencional,301,0.6352,Violencia sexual,1031,0.6122,Homicidio no culposo,3012,0.61,Agresión sexual,103,0.5986,Homicidio no intencional,3019,0.5983,Otros actos de violencia sexual,3011,0.5859,Violación,30129,0.5853,Otros actos de agresión sexual no clasificados en otra parte,106,0.5812,Feticidio ilegal,30119,0.5756,Otras formas de violación
767,Lesiones graves y menos graves a miembros de bomberos en el ejercicio de sus funciones,2062,0.5533,Negligencia profesional,207,0.5502,Actos peligrosos,201,0.5482,Agresiones y amenazas,2011,0.546,Agresión,2079,0.5454,Otros actos peligrosos,110131,0.5427,Homicidio o tentativa de causar la muerte o lesiones graves de forma ilícita en conflictos armados,20111,0.5409,Agresión grave,2069,0.5355,Otros actos de negligencia,110132,0.5312,Destrucción o daños ilícitos a la propiedad en relación con conflictos armados,8011,0.5267,Delitos relacionados con la alteración violenta del orden público
768,"Suicidio femicida, inducción al suicidio y/o al suicidio femicida",104,0.6794,Suicidio asistido o incitación al suicidio,101,0.6559,Homicidio intencional,1041,0.6345,Suicidio asistido,1031,0.6166,Homicidio no culposo,106,0.6122,Feticidio ilegal,102,0.6112,Tentativa de homicidio intencional,103,0.608,Homicidio no intencional,109,0.5801,Otros actos que causan la muerte o que tienen la intención de causar la muerte,1042,0.5789,Otros actos de suicidio asistido o incitación al suicidio,301,0.5691,Violencia sexual
769,Conspiración para cometer homicidio calificado por premio o promesa remuneratoria,101,0.6407,Homicidio intencional,104,0.6367,Suicidio asistido o incitación al suicidio,110131,0.6335,Homicidio o tentativa de causar la muerte o lesiones graves de forma ilícita en conflictos armados,1031,0.6241,Homicidio no culposo,102,0.6203,Tentativa de homicidio intencional,1032,0.5926,Homicidio culposo,103,0.591,Homicidio no intencional,1042,0.5897,Otros actos de suicidio asistido o incitación al suicidio,109,0.5884,Otros actos que causan la muerte o que tienen la intención de causar la muerte,1041,0.5804,Suicidio asistido
770,Conspiración para cometer homicidio calificado por premio o promesa remuneratoria contra autoridades,110131,0.6254,Homicidio o tentativa de causar la muerte o lesiones graves de forma ilícita en conflictos armados,8063,0.6215,Intención delictiva,101,0.6184,Homicidio intencional,8064,0.6182,Conspiración,102,0.6123,Tentativa de homicidio intencional,1031,0.6004,Homicidio no culposo,103,0.5616,Homicidio no intencional,1032,0.5612,Homicidio culposo,107,0.5589,Homicidio ilícito relacionado con conflictos armados,104,0.5561,Suicidio asistido o incitación al suicidio
799,Otros delitos contra las personas,2119,0.6709,Otras transgresiones contra las personas,11015,0.6594,Crímenes de lesa humanidad,219,0.6583,Otros actos que causan daños o que tienen la intención de causar daños a las personas,211,0.656,Transgresiones contra las personas,2044,0.6482,Trata de personas con otros fines,1109,0.6349,Otros actos delictivos no clasificados en otra parte,20299,0.6281,Otros actos contra la libertad,202,0.6177,Actos contra la libertad,40119,0.6159,Otras formas de robo a personas,2029,0.6119,Otros actos contra la libertad
801,Hurto simple,5022,0.6483,Hurto de bienes personales,502,0.6395,Hurto,5029,0.6325,Otros actos de hurto,50231,0.6257,Hurto en tiendas,50229,0.6242,Otras formas de hurto de bienes personales,5023,0.6241,Hurto de bienes comerciales,501,0.6167,Robo con entrada ilícita,401,0.608,Robo,50222,0.6071,Hurto de bienes personales de un vehículo,50221,0.6058,Hurto de bienes personales a una persona
802,Robo con intimidación,401,0.7229,Robo,4012,0.6817,Robo de objetos de valor o bienes en tránsito,4011,0.6768,Robo a personas,4019,0.6756,Otros actos de robo,4013,0.6741,Robo a establecimientos o instituciones,501,0.6735,Robo con entrada ilícita,40112,0.6666,Robo a personas en lugares privados,40119,0.657,Otras formas de robo a personas,40111,0.643,Robo a personas en lugares públicos,409,0.6351,Otros actos contra la propiedad que entrañan violencia o amenaza de violencia contra las personas
803,Robo con violencia,401,0.7537,Robo,4012,0.6964,Robo de objetos de valor o bienes en tránsito,4011,0.6918,Robo a personas,4019,0.6916,Otros actos de robo,4013,0.6759,Robo a establecimientos o instituciones,40112,0.6753,Robo a personas en lugares privados,501,0.6721,Robo con entrada ilícita,40119,0.6692,Otras formas de robo a personas,40111,0.6625,Robo a personas en lugares públicos,40121,0.658,Robo de automóviles o vehículos
804,Robo por sorpresa,4012,0.6504,Robo de objetos de valor o bienes en tránsito,40119,0.6467,Otras formas de robo a personas,4011,0.6418,Robo a personas,401,0.6404,Robo,4019,0.6395,Otros actos de robo,40111,0.638,Robo a personas en lugares públicos,501,0.635,Robo con entrada ilícita,7049,0.6346,Otros actos relacionados con el producto del delito,40112,0.6278,Robo a personas en lugares privados,4014,0.6208,Robo de ganado
805,Robo calificado,4019,0.702,Otros actos de robo,4012,0.7015,Robo de objetos de valor o bienes en tránsito,501,0.6891,Robo con entrada ilícita,4011,0.684,Robo a personas,5019,0.6803,Otros actos de robo con entrada ilícita,40112,0.6784,Robo a personas en lugares privados,401,0.6713,Robo,4013,0.6688,Robo a establecimientos o instituciones,40111,0.6629,Robo a personas en lugares públicos,40119,0.6595,Otras formas de robo a personas
806,Extorsión,2051,0.7299,Extorsión o chantaje,203,0.6528,Esclavitud y explotación,502,0.6516,Hurto,2031,0.6234,Esclavitud,401,0.6217,Robo,20221,0.6038,Secuestro,409,0.5922,Otros actos contra la propiedad que entrañan violencia o amenaza de violencia contra las personas,4012,0.5806,Robo de objetos de valor o bienes en tránsito,704,0.5746,Actos relacionados con el producto del delito,204,0.5725,Trata de personas
807,Robo con fuerza en las cosas,4012,0.7259,Robo de objetos de valor o bienes en tránsito,501,0.7156,Robo con entrada ilícita,4019,0.7131,Otros actos de robo,40112,0.7075,Robo a personas en lugares privados,401,0.7057,Robo,4011,0.6864,Robo a personas,40111,0.6759,Robo a personas en lugares públicos,40129,0.6691,Otras formas de robo de objetos de valor o bienes en tránsito,4013,0.6634,Robo a establecimientos o instituciones,5019,0.662,Otros actos de robo con entrada ilícita
808,Robo en bienes nacionales de uso público o sitios no destinados a habitación,5013,0.653,Robo con entrada ilícita en locales públicos,501,0.6501,Robo con entrada ilícita,5019,0.6458,Otros actos de robo con entrada ilícita,4012,0.6437,Robo de objetos de valor o bienes en tránsito,40112,0.6348,Robo a personas en lugares privados,40111,0.6329,Robo a personas en lugares públicos,509,0.6265,Otros actos contra la propiedad solamente,40129,0.6172,Otras formas de robo de objetos de valor o bienes en tránsito,5012,0.6143,Robo con entrada ilícita en domicilios particulares,5011,0.5948,Robo con entrada ilícita en locales comerciales
809,Robo en lugar habitado,5019,0.6864,Otros actos de robo con entrada ilícita,501,0.6833,Robo con entrada ilícita,50121,0.6734,Robo con entrada ilícita en residencias particulares permanentes,5012,0.6707,Robo con entrada ilícita en domicilios particulares,50122,0.6604,Robo con entrada ilícita en residencias particulares no permanentes,40112,0.6455,Robo a personas en lugares privados,5013,0.621,Robo con entrada ilícita en locales públicos,40119,0.6182,Otras formas de robo a personas,4019,0.6178,Otros actos de robo,4012,0.6117,Robo de objetos de valor o bienes en tránsito
810,Robo en lugar no habitado,5019,0.7463,Otros actos de robo con entrada ilícita,501,0.7132,Robo con entrada ilícita,5012,0.6873,Robo con entrada ilícita en domicilios particulares,50122,0.6864,Robo con entrada ilícita en residencias particulares no permanentes,50121,0.6806,Robo con entrada ilícita en residencias particulares permanentes,40112,0.6805,Robo a personas en lugares privados,4019,0.6762,Otros actos de robo,4012,0.6758,Robo de objetos de valor o bienes en tránsito,5013,0.6645,Robo con entrada ilícita en locales públicos,40129,0.6582,Otras formas de robo de objetos de valor o bienes en tránsito
811,Abigeato,4014,0.6739,Robo de ganado,10091,0.6037,Actos contra los animales,10032,0.562,Comercio o posesión de especies animales prohibidas o controladas,401,0.5507,Robo,2031,0.5442,Esclavitud,4012,0.5359,Robo de objetos de valor o bienes en tránsito,40121,0.5293,Robo de automóviles o vehículos,5025,0.5233,Hurto de ganado,4019,0.5229,Otros actos de robo,20223,0.5191,Secuestro de vehículos
812,Receptación,4012,0.6317,Robo de objetos de valor o bienes en tránsito,7049,0.6094,Otros actos relacionados con el producto del delito,501,0.6037,Robo con entrada ilícita,4014,0.5983,Robo de ganado,401,0.5978,Robo,5011,0.5966,Robo con entrada ilícita en locales comerciales,502,0.5939,Hurto,40129,0.5937,Otras formas de robo de objetos de valor o bienes en tránsito,100311,0.5895,Comercio o posesión de especies protegidas dentro de las fronteras nacionales,5019,0.5871,Otros actos de robo con entrada ilícita
813,Usurpación,509,0.6412,Otros actos contra la propiedad solamente,502,0.6148,Hurto,503,0.6017,Delitos contra la propiedad intelectual,4019,0.5717,Otros actos de robo,409,0.5709,Otros actos contra la propiedad que entrañan violencia o amenaza de violencia contra las personas,504,0.559,Daños a la propiedad,401,0.5562,Robo,5049,0.5464,Otros daños a bienes,501,0.5436,Robo con entrada ilícita,50212,0.5367,Utilización ilegal de vehículos terrestres de motor
814,Destrucción o alteración de deslindes,504,0.6424,Daños a la propiedad,509,0.634,Otros actos contra la propiedad solamente,110132,0.5988,Destrucción o daños ilícitos a la propiedad en relación con conflictos armados,5049,0.598,Otros daños a bienes,5041,0.596,Daños a bienes públicos,409,0.5896,Otros actos contra la propiedad que entrañan violencia o amenaza de violencia contra las personas,502,0.5889,Hurto,501,0.5612,Robo con entrada ilícita,5042,0.5595,Daños a bienes personales,503,0.5569,Delitos contra la propiedad intelectual
815,Insolvencia punible (alzamiento de bienes),509,0.588,Otros actos contra la propiedad solamente,5049,0.5689,Otros daños a bienes,502,0.5586,Hurto,504,0.5539,Daños a la propiedad,8042,0.5316,Actos contrarios a disposiciones comerciales o financieras,503,0.5275,Delitos contra la propiedad intelectual,409,0.5212,Otros actos contra la propiedad que entrañan violencia o amenaza de violencia contra las personas,2031,0.5197,Esclavitud,5042,0.5151,Daños a bienes personales,4012,0.5051,Robo de objetos de valor o bienes en tránsito
816,Estafas y otras defraudaciones contra particulares,7011,0.7221,Fraude financiero,701,0.7013,Fraude,70212,0.6826,Falsificación de medios de pago distintos del efectivo,7019,0.6801,Otros actos de fraude,704,0.6751,Actos relacionados con el producto del delito,7021,0.6717,Falsificación de medios de pago,709,0.6682,"Otros actos que conllevan fraude, engaño o corrupción",70211,0.6657,Falsificación de medios de pago en efectivo,70112,0.6629,Fraude financiero contra personas naturales o jurídicas,7049,0.6561,Otros actos relacionados con el producto del delito
817,Usura,701,0.621,Fraude,704,0.6107,Actos relacionados con el producto del delito,7011,0.5912,Fraude financiero,7035,0.5731,Enriquecimiento ilícito,7049,0.5701,Otros actos relacionados con el producto del delito,7032,0.5593,Malversación o peculado,7033,0.5584,Abuso de funciones,703,0.5565,Corrupción,502,0.5547,Hurto,20221,0.55,Secuestro
818,Apropiación indebida (incluye depositario alzado),509,0.6739,Otros actos contra la propiedad solamente,502,0.628,Hurto,503,0.624,Delitos contra la propiedad intelectual,7049,0.6043,Otros actos relacionados con el producto del delito,704,0.5973,Actos relacionados con el producto del delito,5019,0.5857,Otros actos de robo con entrada ilícita,5029,0.5853,Otros actos de hurto,4019,0.5814,Otros actos de robo,4012,0.5752,Robo de objetos de valor o bienes en tránsito,5049,0.568,Otros daños a bienes
819,Incendio y otros estragos,504,0.7374,Daños a la propiedad,5049,0.6517,Otros daños a bienes,110132,0.6312,Destrucción o daños ilícitos a la propiedad en relación con conflictos armados,509,0.6006,Otros actos contra la propiedad solamente,5042,0.5844,Daños a bienes personales,409,0.5707,Otros actos contra la propiedad que entrañan violencia o amenaza de violencia contra las personas,5043,0.5664,Daños a bienes comerciales,5029,0.5578,Otros actos de hurto,502,0.5448,Hurto,503,0.5399,Delitos contra la propiedad intelectual
820,Daños,5049,0.7601,Otros daños a bienes,504,0.7481,Daños a la propiedad,5042,0.6918,Daños a bienes personales,110132,0.6896,Destrucción o daños ilícitos a la propiedad en relación con conflictos armados,5043,0.6731,Daños a bienes comerciales,503,0.649,Delitos contra la propiedad intelectual,509,0.6442,Otros actos contra la propiedad solamente,5041,0.6326,Daños a bienes públicos,5029,0.6119,Otros actos de hurto,502,0.5894,Hurto
821,Hurto de hallazgo,5023,0.6504,Hurto de bienes comerciales,5029,0.6473,Otros actos de hurto,50229,0.6225,Otras formas de hurto de bienes personales,50219,0.6192,Otras formas de hurto de vehículos de motor o de sus piezas,5024,0.602,Hurto de bienes públicos,50222,0.597,Hurto de bienes personales de un vehículo,5022,0.5969,Hurto de bienes personales,5021,0.5953,Hurto de vehículos de motor o de sus piezas,5049,0.5931,Otros daños a bienes,50221,0.5926,Hurto de bienes personales a una persona
824,Abuso de firma en blanco,7023,0.6717,Actos de falsificación de documentos,702,0.6596,Falsificación,701,0.64,Fraude,704,0.6228,Actos relacionados con el producto del delito,7019,0.6117,Otros actos de fraude,7049,0.5913,Otros actos relacionados con el producto del delito,7029,0.5908,Otros actos de falsificación,7033,0.5876,Abuso de funciones,709,0.584,"Otros actos que conllevan fraude, engaño o corrupción",503,0.5839,Delitos contra la propiedad intelectual
825,Infracción artículo 454,4014,0.6756,Robo de ganado,4019,0.6539,Otros actos de robo,401,0.6416,Robo,501,0.6348,Robo con entrada ilícita,4012,0.6299,Robo de objetos de valor o bienes en tránsito,503,0.6171,Delitos contra la propiedad intelectual,5019,0.6087,Otros actos de robo con entrada ilícita,5029,0.6059,Otros actos de hurto,509,0.5917,Otros actos contra la propiedad solamente,4013,0.5856,Robo a establecimientos o instituciones
826,Hurto agravado,5029,0.6515,Otros actos de hurto,5023,0.6463,Hurto de bienes comerciales,501,0.6423,Robo con entrada ilícita,50229,0.6408,Otras formas de hurto de bienes personales,401,0.6311,Robo,50239,0.628,Otras formas de hurto de bienes comerciales,5022,0.6168,Hurto de bienes personales,502,0.6074,Hurto,50231,0.6043,Hurto en tiendas,50219,0.6025,Otras formas de hurto de vehículos de motor o de sus piezas
827,Robo con homicidio,401,0.6456,Robo,110131,0.6406,Homicidio o tentativa de causar la muerte o lesiones graves de forma ilícita en conflictos armados,101,0.6309,Homicidio intencional,1031,0.6252,Homicidio no culposo,4012,0.6085,Robo de objetos de valor o bienes en tránsito,4011,0.6058,Robo a personas,501,0.602,Robo con entrada ilícita,103,0.5981,Homicidio no intencional,102,0.597,Tentativa de homicidio intencional,4019,0.5964,Otros actos de robo
828,Robo con violación,401,0.6705,Robo,4019,0.6704,Otros actos de robo,4011,0.6694,Robo a personas,4012,0.6665,Robo de objetos de valor o bienes en tránsito,501,0.6518,Robo con entrada ilícita,40112,0.6474,Robo a personas en lugares privados,40119,0.6471,Otras formas de robo a personas,4013,0.6408,Robo a establecimientos o instituciones,40111,0.6356,Robo a personas en lugares públicos,3011,0.6318,Violación
829,"Robo con castración, mutilación o lesiones graves gravísimas",401,0.6268,Robo,20111,0.6165,Agresión grave,4014,0.6124,Robo de ganado,110131,0.6086,Homicidio o tentativa de causar la muerte o lesiones graves de forma ilícita en conflictos armados,11015,0.6051,Crímenes de lesa humanidad,11013,0.5964,Crímenes de guerra,101,0.5938,Homicidio intencional,3011,0.579,Violación,301,0.5786,Violencia sexual,2119,0.5785,Otras transgresiones contra las personas
830,Robo con retención de víctimas o con lesiones graves,401,0.6719,Robo,4012,0.6468,Robo de objetos de valor o bienes en tránsito,501,0.6445,Robo con entrada ilícita,4011,0.6372,Robo a personas,4013,0.6187,Robo a establecimientos o instituciones,4019,0.6132,Otros actos de robo,40112,0.5992,Robo a personas en lugares privados,40111,0.5904,Robo a personas en lugares públicos,40121,0.5891,Robo de automóviles o vehículos,2022,0.5845,Privación de libertad
831,Robo de vehículo motorizado,40121,0.7265,Robo de automóviles o vehículos,50212,0.6881,Utilización ilegal de vehículos terrestres de motor,4012,0.6511,Robo de objetos de valor o bienes en tránsito,40129,0.6197,Otras formas de robo de objetos de valor o bienes en tránsito,50219,0.6194,Otras formas de hurto de vehículos de motor o de sus piezas,50211,0.608,Hurto de vehículos terrestres de motor,20223,0.5986,Secuestro de vehículos,5021,0.598,Hurto de vehículos de motor o de sus piezas,401,0.5962,Robo,4019,0.5961,Otros actos de robo
832,Portar elementos conocidamente destinados a cometer delito de robo,7049,0.6551,Otros actos relacionados con el producto del delito,5019,0.6412,Otros actos de robo con entrada ilícita,4019,0.6355,Otros actos de robo,704,0.6237,Actos relacionados con el producto del delito,501,0.6208,Robo con entrada ilícita,4012,0.6171,Robo de objetos de valor o bienes en tránsito,40129,0.6005,Otras formas de robo de objetos de valor o bienes en tránsito,401,0.5861,Robo,8063,0.5764,Intención delictiva,40119,0.5731,Otras formas de robo a personas
833,Usurpación u ocupación violenta de inmueble,509,0.6601,Otros actos contra la propiedad solamente,409,0.6282,Otros actos contra la propiedad que entrañan violencia o amenaza de violencia contra las personas,501,0.6242,Robo con entrada ilícita,502,0.6151,Hurto,401,0.6098,Robo,4019,0.5823,Otros actos de robo,504,0.5675,Daños a la propiedad,5019,0.5649,Otros actos de robo con entrada ilícita,40112,0.5575,Robo a personas en lugares privados,110132,0.552,Destrucción o daños ilícitos a la propiedad en relación con conflictos armados
834,Usurpación u ocupación de inmueble no violenta sin daños a las cosas,509,0.6985,Otros actos contra la propiedad solamente,501,0.6369,Robo con entrada ilícita,502,0.6312,Hurto,504,0.627,Daños a la propiedad,409,0.625,Otros actos contra la propiedad que entrañan violencia o amenaza de violencia contra las personas,110132,0.6007,Destrucción o daños ilícitos a la propiedad en relación con conflictos armados,4019,0.6004,Otros actos de robo,5019,0.6,Otros actos de robo con entrada ilícita,401,0.5964,Robo,5049,0.5912,Otros daños a bienes
835,Invasión de derechos ajenos,509,0.6696,Otros actos contra la propiedad solamente,503,0.6226,Delitos contra la propiedad intelectual,502,0.6146,Hurto,409,0.5932,Otros actos contra la propiedad que entrañan violencia o amenaza de violencia contra las personas,504,0.5772,Daños a la propiedad,5049,0.5723,Otros daños a bienes,401,0.5586,Robo,211,0.5585,Transgresiones contra las personas,501,0.558,Robo con entrada ilícita,110132,0.556,Destrucción o daños ilícitos a la propiedad en relación con conflictos armados
836,Usurpación de aguas,10012,0.5115,Actos que causan la contaminación o degradación del agua,509,0.4948,Otros actos contra la propiedad solamente,211,0.4928,Transgresiones contra las personas,50212,0.4888,Utilización ilegal de vehículos terrestres de motor,502,0.4808,Hurto,503,0.4789,Delitos contra la propiedad intelectual,2031,0.4763,Esclavitud,2119,0.4754,Otras transgresiones contra las personas,409,0.4734,Otros actos contra la propiedad que entrañan violencia o amenaza de violencia contra las personas,7033,0.4733,Abuso de funciones
837,Incendio,504,0.7058,Daños a la propiedad,5049,0.6073,Otros daños a bienes,110132,0.605,Destrucción o daños ilícitos a la propiedad en relación con conflictos armados,509,0.6016,Otros actos contra la propiedad solamente,5042,0.5646,Daños a bienes personales,409,0.5597,Otros actos contra la propiedad que entrañan violencia o amenaza de violencia contra las personas,502,0.5307,Hurto,401,0.5301,Robo,4019,0.5279,Otros actos de robo,503,0.5262,Delitos contra la propiedad intelectual
838,Incendio con resultado de muerte y/o lesiones,101,0.6335,Homicidio intencional,504,0.6181,Daños a la propiedad,110131,0.6155,Homicidio o tentativa de causar la muerte o lesiones graves de forma ilícita en conflictos armados,1031,0.6147,Homicidio no culposo,103,0.6062,Homicidio no intencional,109,0.5964,Otros actos que causan la muerte o que tienen la intención de causar la muerte,104,0.596,Suicidio asistido o incitación al suicidio,1032,0.5858,Homicidio culposo,102,0.585,Tentativa de homicidio intencional,110132,0.5791,Destrucción o daños ilícitos a la propiedad en relación con conflictos armados
839,Otros estragos,504,0.6739,Daños a la propiedad,110132,0.655,Destrucción o daños ilícitos a la propiedad en relación con conflictos armados,5049,0.631,Otros daños a bienes,207,0.6189,Actos peligrosos,219,0.6149,Otros actos que causan daños o que tienen la intención de causar daños a las personas,2071,0.5936,Actos que ponen en peligro la salud,110131,0.5849,Homicidio o tentativa de causar la muerte o lesiones graves de forma ilícita en conflictos armados,20111,0.5845,Agresión grave,401,0.5822,Robo,2079,0.5818,Otros actos peligrosos
840,Daños simples,5049,0.6864,Otros daños a bienes,504,0.654,Daños a la propiedad,110132,0.6329,Destrucción o daños ilícitos a la propiedad en relación con conflictos armados,5042,0.597,Daños a bienes personales,5043,0.5968,Daños a bienes comerciales,20122,0.5591,Amenaza leve,509,0.5584,Otros actos contra la propiedad solamente,20112,0.5568,Agresión leve,5041,0.5549,Daños a bienes públicos,219,0.5516,Otros actos que causan daños o que tienen la intención de causar daños a las personas
841,Daños calificados,5041,0.677,Daños a bienes públicos,504,0.673,Daños a la propiedad,110132,0.6579,Destrucción o daños ilícitos a la propiedad en relación con conflictos armados,5049,0.643,Otros daños a bienes,219,0.6236,Otros actos que causan daños o que tienen la intención de causar daños a las personas,2119,0.6087,Otras transgresiones contra las personas,902,0.6048,Actos contra la salud y la seguridad,207,0.6024,Actos peligrosos,2071,0.6001,Actos que ponen en peligro la salud,5042,0.5979,Daños a bienes personales
845,Fraude de subvenciones,701,0.649,Fraude,70111,0.6321,Fraude financiero contra el Estado,704,0.6214,Actos relacionados con el producto del delito,7011,0.6205,Fraude financiero,7031,0.6134,Soborno,703,0.6099,Corrupción,7035,0.6088,Enriquecimiento ilícito,709,0.6069,"Otros actos que conllevan fraude, engaño o corrupción",7019,0.6006,Otros actos de fraude,7049,0.5905,Otros actos relacionados con el producto del delito
846,Hurto simple por un valor sobre 40 UTM,5023,0.6618,Hurto de bienes comerciales,502,0.6488,Hurto,5029,0.6441,Otros actos de hurto,501,0.6334,Robo con entrada ilícita,401,0.6259,Robo,50231,0.6215,Hurto en tiendas,50229,0.6175,Otras formas de hurto de bienes personales,50239,0.6172,Otras formas de hurto de bienes comerciales,50221,0.6142,Hurto de bienes personales a una persona,5022,0.6113,Hurto de bienes personales
847,Hurto simple por un valor de 4 a 40 UTM,5023,0.6615,Hurto de bienes comerciales,502,0.6426,Hurto,5029,0.6408,Otros actos de hurto,501,0.6315,Robo con entrada ilícita,50229,0.6258,Otras formas de hurto de bienes personales,401,0.6227,Robo,50239,0.6221,Otras formas de hurto de bienes comerciales,50231,0.6198,Hurto en tiendas,4012,0.611,Robo de objetos de valor o bienes en tránsito,5022,0.6087,Hurto de bienes personales
848,Hurto simple por un valor de media a 4 UTM,5023,0.6658,Hurto de bienes comerciales,5029,0.6565,Otros actos de hurto,502,0.6524,Hurto,50229,0.644,Otras formas de hurto de bienes personales,501,0.6347,Robo con entrada ilícita,401,0.6323,Robo,50239,0.632,Otras formas de hurto de bienes comerciales,50231,0.6284,Hurto en tiendas,5022,0.6205,Hurto de bienes personales,50221,0.6178,Hurto de bienes personales a una persona
849,Apropiación de cables de tendido eléctrico o de comunicaciones,509,0.5491,Otros actos contra la propiedad solamente,503,0.5402,Delitos contra la propiedad intelectual,7049,0.5257,Otros actos relacionados con el producto del delito,5019,0.5213,Otros actos de robo con entrada ilícita,9033,0.517,Interceptación o acceso ilícitos a datos informáticos,4012,0.5165,Robo de objetos de valor o bienes en tránsito,704,0.5151,Actos relacionados con el producto del delito,8042,0.509,Actos contrarios a disposiciones comerciales o financieras,502,0.5077,Hurto,501,0.5049,Robo con entrada ilícita
850,Incendio Art. 475 y siguientes (salvo Art.476 n°3),504,0.6533,Daños a la propiedad,5049,0.5675,Otros daños a bienes,509,0.5667,Otros actos contra la propiedad solamente,110132,0.5648,Destrucción o daños ilícitos a la propiedad en relación con conflictos armados,409,0.5165,Otros actos contra la propiedad que entrañan violencia o amenaza de violencia contra las personas,5042,0.5109,Daños a bienes personales,5029,0.5031,Otros actos de hurto,502,0.4997,Hurto,503,0.4979,Delitos contra la propiedad intelectual,4019,0.4957,Otros actos de robo
851,Incendio de bosques,1009,0.593,Otros actos contra el entorno natural,10032,0.5805,Comercio o posesión de especies animales prohibidas o controladas,10091,0.5793,Actos contra los animales,504,0.5736,Daños a la propiedad,10039,0.5683,Otras formas de comercio o posesión de especies protegidas o prohibidas de la fauna y la flora,110132,0.5553,Destrucción o daños ilícitos a la propiedad en relación con conflictos armados,1003,0.5549,Comercio o posesión de especies protegidas o prohibidas de la fauna y la flora,100311,0.5538,Comercio o posesión de especies protegidas dentro de las fronteras nacionales,10031,0.5493,Comercio o posesión de especies protegidas de fauna y flora silvestres,5049,0.5281,Otros daños a bienes
852,Celebración de contrato simulado,702,0.6068,Falsificación,704,0.5735,Actos relacionados con el producto del delito,701,0.573,Fraude,8042,0.5608,Actos contrarios a disposiciones comerciales o financieras,7049,0.5567,Otros actos relacionados con el producto del delito,7019,0.5513,Otros actos de fraude,503,0.5497,Delitos contra la propiedad intelectual,7023,0.5445,Actos de falsificación de documentos,509,0.5423,Otros actos contra la propiedad solamente,7022,0.5398,Delitos relacionados con productos falsificados
853,Hurto de bienes pertenecientes a redes de suministro público,5026,0.5902,Hurto de servicios,50239,0.5665,Otras formas de hurto de bienes comerciales,5024,0.5646,Hurto de bienes públicos,5029,0.5634,Otros actos de hurto,502,0.5477,Hurto,5023,0.5405,Hurto de bienes comerciales,501,0.5336,Robo con entrada ilícita,5041,0.5305,Daños a bienes públicos,704,0.5241,Actos relacionados con el producto del delito,401,0.524,Robo
854,Incendio con peligro para las personas,504,0.6327,Daños a la propiedad,110132,0.6065,Destrucción o daños ilícitos a la propiedad en relación con conflictos armados,104,0.5337,Suicidio asistido o incitación al suicidio,5049,0.5328,Otros daños a bienes,409,0.5293,Otros actos contra la propiedad que entrañan violencia o amenaza de violencia contra las personas,219,0.5275,Otros actos que causan daños o que tienen la intención de causar daños a las personas,11012,0.5273,Piratería,9011,0.5262,Posesión o uso de armas y explosivos,110131,0.5238,Homicidio o tentativa de causar la muerte o lesiones graves de forma ilícita en conflictos armados,207,0.519,Actos peligrosos
855,Incendio solo con daños o sin peligro de propagación,504,0.7043,Daños a la propiedad,5049,0.6361,Otros daños a bienes,110132,0.6261,Destrucción o daños ilícitos a la propiedad en relación con conflictos armados,509,0.5714,Otros actos contra la propiedad solamente,5042,0.5686,Daños a bienes personales,5043,0.5426,Daños a bienes comerciales,409,0.5277,Otros actos contra la propiedad que entrañan violencia o amenaza de violencia contra las personas,5029,0.5167,Otros actos de hurto,5041,0.5167,Daños a bienes públicos,502,0.5112,Hurto
856,Apropiación indebida,509,0.682,Otros actos contra la propiedad solamente,502,0.6643,Hurto,7049,0.6496,Otros actos relacionados con el producto del delito,503,0.63,Delitos contra la propiedad intelectual,704,0.63,Actos relacionados con el producto del delito,4012,0.6122,Robo de objetos de valor o bienes en tránsito,4019,0.6117,Otros actos de robo,5029,0.6,Otros actos de hurto,401,0.5996,Robo,5049,0.595,Otros daños a bienes
857,Depositario alzado,20221,0.6001,Secuestro,2022,0.5779,Privación de libertad,502,0.5774,Hurto,704,0.5716,Actos relacionados con el producto del delito,20212,0.5634,Secuestro por otro familiar,509,0.5599,Otros actos contra la propiedad solamente,7049,0.5597,Otros actos relacionados con el producto del delito,2021,0.552,Secuestro de menores,20222,0.5494,Retención ilegal,2031,0.5402,Esclavitud
858,Robo con fuerza de cajeros automáticos,40131,0.7095,Robo a instituciones financieras,4012,0.6798,Robo de objetos de valor o bienes en tránsito,4011,0.6572,Robo a personas,40132,0.655,Robo a instituciones no financieras,501,0.6442,Robo con entrada ilícita,4013,0.6424,Robo a establecimientos o instituciones,4019,0.6415,Otros actos de robo,401,0.6396,Robo,40111,0.6362,Robo a personas en lugares públicos,40119,0.6325,Otras formas de robo a personas
859,"Deudor, gerentes, directores, administradores o representantes que actúen en perjuicio de los acreedores",8042,0.5825,Actos contrarios a disposiciones comerciales o financieras,704,0.5211,Actos relacionados con el producto del delito,701,0.5193,Fraude,5049,0.5063,Otros daños a bienes,502,0.5056,Hurto,7049,0.5,Otros actos relacionados con el producto del delito,7011,0.4923,Fraude financiero,5023,0.4906,Hurto de bienes comerciales,804,0.4845,Actos contrarios a las disposiciones relativas a los ingresos públicos u otras disposiciones regulatorias,806,0.4844,Actos contra el sistema de justicia
860,"Veedor o liquidador que realice conductas señaladas en los Arts. 464, 464 bis, 464 ter, y 464 quáter",8042,0.5873,Actos contrarios a disposiciones comerciales o financieras,701,0.5539,Fraude,704,0.5533,Actos relacionados con el producto del delito,7049,0.5381,Otros actos relacionados con el producto del delito,7032,0.5265,Malversación o peculado,703,0.5106,Corrupción,7011,0.5092,Fraude financiero,7039,0.5031,Otros actos de corrupción,502,0.5023,Hurto,709,0.4881,"Otros actos que conllevan fraude, engaño o corrupción"
861,Robo con lesiones graves,401,0.6323,Robo,20111,0.6197,Agresión grave,501,0.6122,Robo con entrada ilícita,4012,0.5933,Robo de objetos de valor o bienes en tránsito,4011,0.5926,Robo a personas,4019,0.5857,Otros actos de robo,4013,0.565,Robo a establecimientos o instituciones,11013,0.5613,Crímenes de guerra,40129,0.5611,Otras formas de robo de objetos de valor o bienes en tránsito,110132,0.5605,Destrucción o daños ilícitos a la propiedad en relación con conflictos armados
862,Robo con retención de víctimas o lesiones graves,401,0.655,Robo,501,0.6298,Robo con entrada ilícita,4012,0.6167,Robo de objetos de valor o bienes en tránsito,4011,0.6092,Robo a personas,4013,0.5864,Robo a establecimientos o instituciones,4019,0.5837,Otros actos de robo,40121,0.5819,Robo de automóviles o vehículos,20222,0.5812,Retención ilegal,20111,0.5785,Agresión grave,40112,0.5742,Robo a personas en lugares privados
863,Administración desleal de persona natural,7035,0.5653,Enriquecimiento ilícito,502,0.5631,Hurto,8049,0.5553,Otros actos contra la administración pública o contra disposiciones regulatorias,7033,0.5526,Abuso de funciones,804,0.5521,Actos contrarios a las disposiciones relativas a los ingresos públicos u otras disposiciones regulatorias,509,0.5496,Otros actos contra la propiedad solamente,2031,0.5476,Esclavitud,7032,0.5401,Malversación o peculado,704,0.5377,Actos relacionados con el producto del delito,8042,0.5327,Actos contrarios a disposiciones comerciales o financieras
864,Receptación cometida por persona jurídica,4012,0.6245,Robo de objetos de valor o bienes en tránsito,40129,0.6026,Otras formas de robo de objetos de valor o bienes en tránsito,7049,0.5892,Otros actos relacionados con el producto del delito,501,0.5888,Robo con entrada ilícita,502,0.586,Hurto,5023,0.5826,Hurto de bienes comerciales,5019,0.5791,Otros actos de robo con entrada ilícita,509,0.5755,Otros actos contra la propiedad solamente,5011,0.5723,Robo con entrada ilícita en locales comerciales,7042,0.5719,Tráfico ilícito de bienes culturales
865,Administración desleal de persona jurídica,8042,0.5964,Actos contrarios a disposiciones comerciales o financieras,804,0.5727,Actos contrarios a las disposiciones relativas a los ingresos públicos u otras disposiciones regulatorias,7033,0.5727,Abuso de funciones,8049,0.5701,Otros actos contra la administración pública o contra disposiciones regulatorias,7035,0.5681,Enriquecimiento ilícito,502,0.5678,Hurto,704,0.5578,Actos relacionados con el producto del delito,509,0.5516,Otros actos contra la propiedad solamente,7032,0.5453,Malversación o peculado,8041,0.5386,Actos contrarios a las disposiciones relativas a los ingresos públicos
866,Apropiación indebida cometido por persona jurídica,509,0.6272,Otros actos contra la propiedad solamente,502,0.6056,Hurto,7049,0.6009,Otros actos relacionados con el producto del delito,704,0.5986,Actos relacionados con el producto del delito,503,0.5978,Delitos contra la propiedad intelectual,4012,0.585,Robo de objetos de valor o bienes en tránsito,7032,0.5607,Malversación o peculado,8042,0.5598,Actos contrarios a disposiciones comerciales o financieras,5019,0.5585,Otros actos de robo con entrada ilícita,4019,0.5581,Otros actos de robo
867,"Robo de vehículo motorizado por sorpresa, violencia o intimidación",40121,0.7208,Robo de automóviles o vehículos,401,0.6828,Robo,4012,0.6577,Robo de objetos de valor o bienes en tránsito,20223,0.6484,Secuestro de vehículos,50212,0.6444,Utilización ilegal de vehículos terrestres de motor,40129,0.6337,Otras formas de robo de objetos de valor o bienes en tránsito,4019,0.6243,Otros actos de robo,50219,0.6206,Otras formas de hurto de vehículos de motor o de sus piezas,501,0.615,Robo con entrada ilícita,4011,0.613,Robo a personas
868,Robo de vehículo utilizando elementos distractivos,40121,0.6999,Robo de automóviles o vehículos,50212,0.6643,Utilización ilegal de vehículos terrestres de motor,4012,0.6228,Robo de objetos de valor o bienes en tránsito,40129,0.616,Otras formas de robo de objetos de valor o bienes en tránsito,20223,0.5983,Secuestro de vehículos,50219,0.5977,Otras formas de hurto de vehículos de motor o de sus piezas,20729,0.595,Utilización de un vehículo bajo los efectos de otras sustancias psicoactivas,2072,0.5943,Utilización de un vehículo bajo los efectos de sustancias psicoactivas,401,0.5775,Robo,50211,0.5748,Hurto de vehículos terrestres de motor
869,Receptación de vehículos motorizados,50212,0.6596,Utilización ilegal de vehículos terrestres de motor,40121,0.6347,Robo de automóviles o vehículos,20223,0.6128,Secuestro de vehículos,401,0.5957,Robo,4012,0.5817,Robo de objetos de valor o bienes en tránsito,50211,0.5813,Hurto de vehículos terrestres de motor,5021,0.5775,Hurto de vehículos de motor o de sus piezas,50219,0.576,Otras formas de hurto de vehículos de motor o de sus piezas,40129,0.5718,Otras formas de robo de objetos de valor o bienes en tránsito,502,0.5698,Hurto
870,Robo con ocasión de calamidad o alteración al orden público,8011,0.7062,Delitos relacionados con la alteración violenta del orden público,8012,0.6193,Actos relacionados con las normas y preceptos sociales y religiosos orientados al mantenimiento del orden público,801,0.5865,Actos contrarios a las normas de conducta orientadas al mantenimiento del orden público,401,0.586,Robo,110132,0.5848,Destrucción o daños ilícitos a la propiedad en relación con conflictos armados,40111,0.5843,Robo a personas en lugares públicos,5041,0.5753,Daños a bienes públicos,8063,0.5751,Intención delictiva,4012,0.5675,Robo de objetos de valor o bienes en tránsito,8021,0.5642,Delitos de prostitución
871,Hurto con ocasión de calamidad o alteración al orden público,8011,0.7226,Delitos relacionados con la alteración violenta del orden público,8012,0.6209,Actos relacionados con las normas y preceptos sociales y religiosos orientados al mantenimiento del orden público,5041,0.6118,Daños a bienes públicos,5024,0.6006,Hurto de bienes públicos,110132,0.599,Destrucción o daños ilícitos a la propiedad en relación con conflictos armados,801,0.5966,Actos contrarios a las normas de conducta orientadas al mantenimiento del orden público,504,0.5828,Daños a la propiedad,207,0.5805,Actos peligrosos,401,0.5732,Robo,219,0.5694,Otros actos que causan daños o que tienen la intención de causar daños a las personas
872,Saqueo,4019,0.6811,Otros actos de robo,401,0.6679,Robo,4012,0.6514,Robo de objetos de valor o bienes en tránsito,502,0.6438,Hurto,409,0.6351,Otros actos contra la propiedad que entrañan violencia o amenaza de violencia contra las personas,5019,0.6344,Otros actos de robo con entrada ilícita,501,0.6336,Robo con entrada ilícita,20221,0.6298,Secuestro,40129,0.6286,Otras formas de robo de objetos de valor o bienes en tránsito,40119,0.6172,Otras formas de robo a personas
877,Portar elementos para provocar incendio o estragos,504,0.6927,Daños a la propiedad,110132,0.6136,Destrucción o daños ilícitos a la propiedad en relación con conflictos armados,9011,0.5955,Posesión o uso de armas y explosivos,5049,0.5877,Otros daños a bienes,90119,0.5606,Otros actos relacionados con posesión o uso de armas y explosivos,90112,0.5561,Posesión o uso ilícitos de otras armas o explosivos,409,0.5548,Otros actos contra la propiedad que entrañan violencia o amenaza de violencia contra las personas,8063,0.5534,Intención delictiva,90111,0.5531,Posesión o uso ilícitos de armas de fuego,901,0.5497,"Actos relacionados con armas, explosivos y otros materiales destructivos"
891,Sustracción de madera,10041,0.6447,Tala ilegal,502,0.5609,Hurto,509,0.5523,Otros actos contra la propiedad solamente,110132,0.5122,Destrucción o daños ilícitos a la propiedad en relación con conflictos armados,504,0.5095,Daños a la propiedad,503,0.5069,Delitos contra la propiedad intelectual,5049,0.5034,Otros daños a bienes,401,0.5034,Robo,501,0.4947,Robo con entrada ilícita,10042,0.4928,"Caza, pesca o recolección ilegales de fauna y flora silvestres"
892,Sustracción de madera. Persona jurídica,10041,0.6174,Tala ilegal,502,0.5454,Hurto,509,0.545,Otros actos contra la propiedad solamente,503,0.5155,Delitos contra la propiedad intelectual,504,0.5024,Daños a la propiedad,5049,0.4977,Otros daños a bienes,5023,0.495,Hurto de bienes comerciales,110132,0.4943,Destrucción o daños ilícitos a la propiedad en relación con conflictos armados,501,0.4918,Robo con entrada ilícita,10039,0.4895,Otras formas de comercio o posesión de especies protegidas o prohibidas de la fauna y la flora
896,Posesión o tenencia ilegítima de madera,10041,0.5904,Tala ilegal,509,0.5407,Otros actos contra la propiedad solamente,502,0.5149,Hurto,100311,0.5137,Comercio o posesión de especies protegidas dentro de las fronteras nacionales,1003,0.5137,Comercio o posesión de especies protegidas o prohibidas de la fauna y la flora,10032,0.5084,Comercio o posesión de especies animales prohibidas o controladas,110132,0.507,Destrucción o daños ilícitos a la propiedad en relación con conflictos armados,10031,0.5058,Comercio o posesión de especies protegidas de fauna y flora silvestres,504,0.4998,Daños a la propiedad,10039,0.4963,Otras formas de comercio o posesión de especies protegidas o prohibidas de la fauna y la flora
897,Falsificación de documentos para transportar o comercializar madera,7023,0.6387,Actos de falsificación de documentos,702,0.5738,Falsificación,10041,0.5688,Tala ilegal,8059,0.5372,Otros actos ilícitos relacionados con la migración,7029,0.5345,Otros actos de falsificación,7022,0.529,Delitos relacionados con productos falsificados,6019,0.523,Otros actos ilícitos relacionados con drogas o precursores sujetos a fiscalización,8042,0.5213,Actos contrarios a disposiciones comerciales o financieras,70212,0.5167,Falsificación de medios de pago distintos del efectivo,70211,0.5156,Falsificación de medios de pago en efectivo
898,Pago de remuneración desproporcionada inferior al Ingreso Mínimo Mensual,7035,0.5144,Enriquecimiento ilícito,11021,0.5118,Delitos en razón de la condición de menor de edad,30222,0.5062,Prostitución infantil,509,0.5057,Otros actos contra la propiedad solamente,30113,0.5034,Violación por presunción legal,203,0.5024,Esclavitud y explotación,3022,0.4952,Explotación sexual de menores,2031,0.4943,Esclavitud,5019,0.4912,Otros actos de robo con entrada ilícita,2101,0.4843,Discriminación de personas
899,Otros delitos contra la propiedad,509,0.7474,Otros actos contra la propiedad solamente,503,0.6976,Delitos contra la propiedad intelectual,5049,0.6861,Otros daños a bienes,504,0.6859,Daños a la propiedad,502,0.68,Hurto,409,0.6749,Otros actos contra la propiedad que entrañan violencia o amenaza de violencia contra las personas,4019,0.6703,Otros actos de robo,401,0.6428,Robo,5029,0.64,Otros actos de hurto,110132,0.6259,Destrucción o daños ilícitos a la propiedad en relación con conflictos armados
901,Cuasidelito de lesiones,907,0.5907,Infracciones de tráfico no lesivas,2069,0.5813,Otros actos de negligencia,207,0.5695,Actos peligrosos,2079,0.5642,Otros actos peligrosos,206,0.5625,Negligencia,1109,0.5614,Otros actos delictivos no clasificados en otra parte,11021,0.5419,Delitos en razón de la condición de menor de edad,1031,0.5419,Homicidio no culposo,201,0.5369,Agresiones y amenazas,20611,0.5359,Negligencia en situaciones de menores bajo cuidado
905,Cuasidelito de homicidio,1031,0.6594,Homicidio no culposo,103,0.6499,Homicidio no intencional,101,0.6496,Homicidio intencional,102,0.6374,Tentativa de homicidio intencional,110131,0.6258,Homicidio o tentativa de causar la muerte o lesiones graves de forma ilícita en conflictos armados,1032,0.6096,Homicidio culposo,104,0.5977,Suicidio asistido o incitación al suicidio,10321,0.5888,Homicidio por tránsito vehicular,10322,0.5849,Homicidio no ocasionado por tránsito vehicular,109,0.5633,Otros actos que causan la muerte o que tienen la intención de causar la muerte
909,Negligencia médica,2062,0.6605,Negligencia profesional,206,0.5907,Negligencia,20619,0.5898,Otras formas de negligencia en situaciones de personas bajo cuidado,20611,0.5884,Negligencia en situaciones de menores bajo cuidado,2061,0.5872,Negligencia en situaciones de personas bajo cuidado,2069,0.5659,Otros actos de negligencia,20612,0.5625,Negligencia en situaciones de otras personas dependientes bajo cuidado,10322,0.5388,Homicidio no ocasionado por tránsito vehicular,1041,0.5286,Suicidio asistido,2063,0.527,Negligencia relacionada con la conducción de un vehículo
910,Cuasidelito de lesiones cometido por profesionales de la salud,2062,0.6929,Negligencia profesional,207,0.5681,Actos peligrosos,1031,0.5664,Homicidio no culposo,206,0.5662,Negligencia,2071,0.5649,Actos que ponen en peligro la salud,2061,0.5593,Negligencia en situaciones de personas bajo cuidado,2069,0.5589,Otros actos de negligencia,902,0.5566,Actos contra la salud y la seguridad,20619,0.5465,Otras formas de negligencia en situaciones de personas bajo cuidado,219,0.5464,Otros actos que causan daños o que tienen la intención de causar daños a las personas
911,Cuasidelito de homicidio cometido por profesionales de la salud,1031,0.6361,Homicidio no culposo,2062,0.619,Negligencia profesional,101,0.6114,Homicidio intencional,110131,0.6037,Homicidio o tentativa de causar la muerte o lesiones graves de forma ilícita en conflictos armados,10322,0.5989,Homicidio no ocasionado por tránsito vehicular,103,0.5971,Homicidio no intencional,1041,0.5945,Suicidio asistido,1032,0.5911,Homicidio culposo,104,0.5751,Suicidio asistido o incitación al suicidio,10321,0.5683,Homicidio por tránsito vehicular
912,Duplicación de inscripciones de derechos de agua,503,0.5025,Delitos contra la propiedad intelectual,509,0.4947,Otros actos contra la propiedad solamente,10012,0.4647,Actos que causan la contaminación o degradación del agua,502,0.4603,Hurto,1004,0.4551,Actos que provocan el agotamiento o la degradación de los recursos naturales,701,0.4496,Fraude,211,0.4489,Transgresiones contra las personas,704,0.4446,Actos relacionados con el producto del delito,5049,0.4406,Otros daños a bienes,1001,0.4368,Actos que causan contaminación o degradación del medio ambiente
999,Otros de los cuasidelitos,1109,0.6012,Otros actos delictivos no clasificados en otra parte,11019,0.5444,Otros actos bajo jurisdicción universal,11021,0.5434,Delitos en razón de la condición de menor de edad,11013,0.4957,Crímenes de guerra,1102,0.4927,Actos contrarios a las leyes u otras disposiciones sobre menores,8063,0.4868,Intención delictiva,1101,0.4848,Actos bajo jurisdicción universal,11029,0.4836,Otros actos contrarios a las leyes u otras disposiciones sobre menores,104,0.482,Suicidio asistido o incitación al suicidio,30119,0.4783,Otras formas de violación
1001,Presunta desgracia,101,0.5839,Homicidio intencional,1032,0.5801,Homicidio culposo,103,0.5691,Homicidio no intencional,10322,0.5637,Homicidio no ocasionado por tránsito vehicular,104,0.561,Suicidio asistido o incitación al suicidio,1031,0.5609,Homicidio no culposo,102,0.5492,Tentativa de homicidio intencional,109,0.5404,Otros actos que causan la muerte o que tienen la intención de causar la muerte,106,0.536,Feticidio ilegal,10321,0.5282,Homicidio por tránsito vehicular
1002,Muertes y hallazgo de cadáver,101,0.6185,Homicidio intencional,103,0.6175,Homicidio no intencional,1032,0.6172,Homicidio culposo,1031,0.6101,Homicidio no culposo,10322,0.6084,Homicidio no ocasionado por tránsito vehicular,10321,0.559,Homicidio por tránsito vehicular,106,0.5523,Feticidio ilegal,110131,0.5517,Homicidio o tentativa de causar la muerte o lesiones graves de forma ilícita en conflictos armados,102,0.5349,Tentativa de homicidio intencional,104,0.5302,Suicidio asistido o incitación al suicidio
1006,Hallazgo de vehículo,40121,0.5875,Robo de automóviles o vehículos,40129,0.5866,Otras formas de robo de objetos de valor o bienes en tránsito,4012,0.5721,Robo de objetos de valor o bienes en tránsito,5019,0.5655,Otros actos de robo con entrada ilícita,20223,0.5614,Secuestro de vehículos,50212,0.5488,Utilización ilegal de vehículos terrestres de motor,4019,0.538,Otros actos de robo,50219,0.5265,Otras formas de hurto de vehículos de motor o de sus piezas,50222,0.5173,Hurto de bienes personales de un vehículo,907,0.5152,Infracciones de tráfico no lesivas
1007,Ampliación de parte,7035,0.5206,Enriquecimiento ilícito,1109,0.5187,Otros actos delictivos no clasificados en otra parte,8063,0.5098,Intención delictiva,11016,0.5098,Crimen de agresión,11013,0.5069,Crímenes de guerra,110131,0.4997,Homicidio o tentativa de causar la muerte o lesiones graves de forma ilícita en conflictos armados,1101,0.4965,Actos bajo jurisdicción universal,11021,0.4942,Delitos en razón de la condición de menor de edad,905,0.4906,Actos relacionados con grupos delictivos organizados,203,0.4888,Esclavitud y explotación
1012,Intento de suicidio,104,0.7504,Suicidio asistido o incitación al suicidio,102,0.6933,Tentativa de homicidio intencional,1041,0.6818,Suicidio asistido,101,0.6679,Homicidio intencional,1042,0.6531,Otros actos de suicidio asistido o incitación al suicidio,1031,0.6475,Homicidio no culposo,103,0.6444,Homicidio no intencional,110131,0.6185,Homicidio o tentativa de causar la muerte o lesiones graves de forma ilícita en conflictos armados,109,0.6167,Otros actos que causan la muerte o que tienen la intención de causar la muerte,1032,0.6112,Homicidio culposo
1014,Presunta desgracia infantil,20211,0.6161,Secuestro por progenitores,2021,0.6055,Secuestro de menores,20611,0.5978,Negligencia en situaciones de menores bajo cuidado,30222,0.5796,Prostitución infantil,20213,0.5758,Secuestro por un tutor legal,20212,0.574,Secuestro por otro familiar,20219,0.5722,Otras formas de secuestro de menores,11021,0.5611,Delitos en razón de la condición de menor de edad,3022,0.5564,Explotación sexual de menores,30221,0.5546,Pornografía infantil
1018,Hallazgo de drogas,601,0.6528,Actos ilícitos relacionados con drogas o precursores sujetos a fiscalización,60121,0.6526,Tráfico ilícito de drogas sujetas a fiscalización no destinadas al consumo personal,6012,0.6431,"Tráfico, cultivo o producción ilícitos de drogas o precursores sujetos a fiscalización no destinados al consumo personal",6011,0.6155,"Posesión, adquisición, utilización, cultivo o producción ilícitos de drogas sujetas a fiscalización para consumo personal",60129,0.6094,"Otros actos ilícitos de tráfico, cultivo o producción de drogas o precursores sujetos a fiscalización no destinados al consumo personal",602,0.609,"Actos ilícitos relacionados con bebidas alcohólicas, tabaco u otras sustancias sujetas a fiscalización",60111,0.6068,"Posesión, adquisición o uso ilícitos de drogas sujetas a fiscalización para consumo personal",60122,0.6013,Fabricación ilícita de drogas sujetas a fiscalización no destinadas al consumo personal,60123,0.6004,Cultivo ilícito de drogas sujetas a fiscalización no destinadas al consumo personal,60112,0.5771,Cultivo o producción ilícitos de drogas sujetas a fiscalización para consumo personal
1099,Otros hechos que no constituyan delito,1109,0.6762,Otros actos delictivos no clasificados en otra parte,11019,0.6157,Otros actos bajo jurisdicción universal,9059,0.5606,Otros actos relacionados con grupos delictivos organizados,11021,0.5591,Delitos en razón de la condición de menor de edad,1101,0.5517,Actos bajo jurisdicción universal,11013,0.5444,Crímenes de guerra,1102,0.5311,Actos contrarios a las leyes u otras disposiciones sobre menores,905,0.5285,Actos relacionados con grupos delictivos organizados,11029,0.5284,Otros actos contrarios a las leyes u otras disposiciones sobre menores,8063,0.525,Intención delictiva
1100,"Usurpación u ocupación no violenta, pero con daño en las cosas",504,0.6973,Daños a la propiedad,509,0.6971,Otros actos contra la propiedad solamente,5049,0.688,Otros daños a bienes,110132,0.6739,Destrucción o daños ilícitos a la propiedad en relación con conflictos armados,502,0.6548,Hurto,503,0.6516,Delitos contra la propiedad intelectual,409,0.6483,Otros actos contra la propiedad que entrañan violencia o amenaza de violencia contra las personas,4019,0.6401,Otros actos de robo,401,0.6348,Robo,501,0.6275,Robo con entrada ilícita
1101,Engaño para celebrar contratos para transferir inmuebles,701,0.6043,Fraude,509,0.5954,Otros actos contra la propiedad solamente,704,0.5836,Actos relacionados con el producto del delito,502,0.5816,Hurto,7049,0.5782,Otros actos relacionados con el producto del delito,7041,0.5643,Blanqueo de dinero,702,0.5538,Falsificación,7019,0.5532,Otros actos de fraude,501,0.5493,Robo con entrada ilícita,503,0.5389,Delitos contra la propiedad intelectual
1102,Incendio solo con daños a terceros,504,0.6443,Daños a la propiedad,5049,0.6029,Otros daños a bienes,110132,0.579,Destrucción o daños ilícitos a la propiedad en relación con conflictos armados,5042,0.5372,Daños a bienes personales,5043,0.5357,Daños a bienes comerciales,5023,0.5281,Hurto de bienes comerciales,50229,0.5085,Otras formas de hurto de bienes personales,5029,0.5078,Otros actos de hurto,50239,0.5077,Otras formas de hurto de bienes comerciales,5041,0.5042,Daños a bienes públicos
1103,Incendio de cosas de valor inferior a 4 sueldos vitales,504,0.5841,Daños a la propiedad,5049,0.5532,Otros daños a bienes,110132,0.5384,Destrucción o daños ilícitos a la propiedad en relación con conflictos armados,5029,0.5001,Otros actos de hurto,5023,0.4969,Hurto de bienes comerciales,509,0.4963,Otros actos contra la propiedad solamente,50229,0.4912,Otras formas de hurto de bienes personales,5042,0.4877,Daños a bienes personales,5043,0.4861,Daños a bienes comerciales,50239,0.4847,Otras formas de hurto de bienes comerciales
2001,Delitos informáticos Ley 19.223,9032,0.6391,Injerencia ilícita en sistemas o datos informáticos,90321,0.6189,Injerencia ilícita en sistemas informáticos,9031,0.6076,Acceso ilícito a sistemas informáticos,90322,0.5954,Injerencia ilícita en datos informáticos,9039,0.5902,Otros actos contra sistemas informáticos,903,0.5673,Actos contra sistemas informáticos,9033,0.5386,Interceptación o acceso ilícitos a datos informáticos,1109,0.5125,Otros actos delictivos no clasificados en otra parte,503,0.5091,Delitos contra la propiedad intelectual,1102,0.5029,Actos contrarios a las leyes u otras disposiciones sobre menores
2002,Sabotaje informático,9032,0.7689,Injerencia ilícita en sistemas o datos informáticos,90322,0.7032,Injerencia ilícita en datos informáticos,90321,0.6984,Injerencia ilícita en sistemas informáticos,9031,0.6557,Acceso ilícito a sistemas informáticos,9039,0.6357,Otros actos contra sistemas informáticos,903,0.6317,Actos contra sistemas informáticos,9033,0.5939,Interceptación o acceso ilícitos a datos informáticos,503,0.5266,Delitos contra la propiedad intelectual,704,0.5164,Actos relacionados con el producto del delito,2082,0.5127,Acoso
2003,Espionaje informático,9032,0.7233,Injerencia ilícita en sistemas o datos informáticos,90322,0.6861,Injerencia ilícita en datos informáticos,9033,0.6848,Interceptación o acceso ilícitos a datos informáticos,903,0.6775,Actos contra sistemas informáticos,9031,0.6769,Acceso ilícito a sistemas informáticos,90321,0.6666,Injerencia ilícita en sistemas informáticos,9039,0.622,Otros actos contra sistemas informáticos,904,0.559,Actos contra la seguridad del Estado,704,0.5355,Actos relacionados con el producto del delito,2082,0.5274,Acoso
2004,Ataque a la integridad de sistema informático,9032,0.7582,Injerencia ilícita en sistemas o datos informáticos,90321,0.7325,Injerencia ilícita en sistemas informáticos,9031,0.7043,Acceso ilícito a sistemas informáticos,9039,0.6748,Otros actos contra sistemas informáticos,90322,0.6668,Injerencia ilícita en datos informáticos,903,0.6532,Actos contra sistemas informáticos,9033,0.5907,Interceptación o acceso ilícitos a datos informáticos,8069,0.5149,Otros actos contra el sistema de justicia,503,0.5091,Delitos contra la propiedad intelectual,806,0.5057,Actos contra el sistema de justicia
2005,Acceso ilícito,9031,0.8103,Acceso ilícito a sistemas informáticos,90321,0.6995,Injerencia ilícita en sistemas informáticos,9032,0.6734,Injerencia ilícita en sistemas o datos informáticos,9033,0.6607,Interceptación o acceso ilícitos a datos informáticos,903,0.6504,Actos contra sistemas informáticos,9039,0.6265,Otros actos contra sistemas informáticos,90322,0.5914,Injerencia ilícita en datos informáticos,5019,0.545,Otros actos de robo con entrada ilícita,501,0.5354,Robo con entrada ilícita,8051,0.5007,Delitos de tráfico ilícito de migrantes
2006,Interceptación ilícita,9033,0.7884,Interceptación o acceso ilícitos a datos informáticos,9032,0.7083,Injerencia ilícita en sistemas o datos informáticos,903,0.7076,Actos contra sistemas informáticos,9031,0.6924,Acceso ilícito a sistemas informáticos,90322,0.6669,Injerencia ilícita en datos informáticos,90321,0.6644,Injerencia ilícita en sistemas informáticos,9039,0.608,Otros actos contra sistemas informáticos,5019,0.5392,Otros actos de robo con entrada ilícita,2022,0.5305,Privación de libertad,30223,0.5208,Captación de menores con fines sexuales
2007,Ataque a la integridad de los datos informáticos,9032,0.7578,Injerencia ilícita en sistemas o datos informáticos,90322,0.7369,Injerencia ilícita en datos informáticos,90321,0.635,Injerencia ilícita en sistemas informáticos,9033,0.6152,Interceptación o acceso ilícitos a datos informáticos,9031,0.6124,Acceso ilícito a sistemas informáticos,903,0.6014,Actos contra sistemas informáticos,9039,0.5961,Otros actos contra sistemas informáticos,503,0.5221,Delitos contra la propiedad intelectual,5049,0.5006,Otros daños a bienes,2082,0.4925,Acoso
2008,Falsificación informática,9032,0.7296,Injerencia ilícita en sistemas o datos informáticos,90322,0.6922,Injerencia ilícita en datos informáticos,90321,0.6617,Injerencia ilícita en sistemas informáticos,7023,0.6394,Actos de falsificación de documentos,9031,0.632,Acceso ilícito a sistemas informáticos,702,0.625,Falsificación,9039,0.6153,Otros actos contra sistemas informáticos,9033,0.604,Interceptación o acceso ilícitos a datos informáticos,903,0.6026,Actos contra sistemas informáticos,704,0.5879,Actos relacionados con el producto del delito
2009,Receptación de datos informáticos,9032,0.7141,Injerencia ilícita en sistemas o datos informáticos,90322,0.7092,Injerencia ilícita en datos informáticos,9033,0.6658,Interceptación o acceso ilícitos a datos informáticos,9031,0.6194,Acceso ilícito a sistemas informáticos,90321,0.6052,Injerencia ilícita en sistemas informáticos,9039,0.5956,Otros actos contra sistemas informáticos,903,0.589,Actos contra sistemas informáticos,704,0.5204,Actos relacionados con el producto del delito,7049,0.5137,Otros actos relacionados con el producto del delito,8051,0.5075,Delitos de tráfico ilícito de migrantes
2010,Otros fraudes informáticos,9032,0.6873,Injerencia ilícita en sistemas o datos informáticos,90321,0.6352,Injerencia ilícita en sistemas informáticos,9031,0.6206,Acceso ilícito a sistemas informáticos,90322,0.6106,Injerencia ilícita en datos informáticos,704,0.6067,Actos relacionados con el producto del delito,9039,0.5955,Otros actos contra sistemas informáticos,7049,0.5901,Otros actos relacionados con el producto del delito,7011,0.5758,Fraude financiero,7019,0.5735,Otros actos de fraude,709,0.5719,"Otros actos que conllevan fraude, engaño o corrupción"
2011,Abuso de los dispositivos,9031,0.6861,Acceso ilícito a sistemas informáticos,9032,0.6829,Injerencia ilícita en sistemas o datos informáticos,9039,0.6466,Otros actos contra sistemas informáticos,90321,0.6407,Injerencia ilícita en sistemas informáticos,90322,0.6386,Injerencia ilícita en datos informáticos,903,0.6128,Actos contra sistemas informáticos,9033,0.599,Interceptación o acceso ilícitos a datos informáticos,503,0.5447,Delitos contra la propiedad intelectual,704,0.5404,Actos relacionados con el producto del delito,8063,0.532,Intención delictiva
3001,Obtención fraudulenta de créditos,7011,0.7032,Fraude financiero,70212,0.681,Falsificación de medios de pago distintos del efectivo,701,0.6751,Fraude,70211,0.661,Falsificación de medios de pago en efectivo,7021,0.6476,Falsificación de medios de pago,7023,0.6431,Actos de falsificación de documentos,7019,0.6268,Otros actos de fraude,702,0.6224,Falsificación,704,0.6204,Actos relacionados con el producto del delito,70111,0.6174,Fraude financiero contra el Estado
3002,"Alterar, ocultar o destruir balances, libros antecedentes sujeto a fiscalización",7011,0.5552,Fraude financiero,70111,0.5202,Fraude financiero contra el Estado,6019,0.5201,Otros actos ilícitos relacionados con drogas o precursores sujetos a fiscalización,8042,0.5197,Actos contrarios a disposiciones comerciales o financieras,7023,0.5173,Actos de falsificación de documentos,70212,0.5109,Falsificación de medios de pago distintos del efectivo,704,0.5103,Actos relacionados con el producto del delito,70211,0.5065,Falsificación de medios de pago en efectivo,7041,0.506,Blanqueo de dinero,70112,0.5046,Fraude financiero contra personas naturales o jurídicas
3003,Invasión del giro bancario,7011,0.6002,Fraude financiero,40131,0.5929,Robo a instituciones financieras,40132,0.5588,Robo a instituciones no financieras,70112,0.5369,Fraude financiero contra personas naturales o jurídicas,704,0.5366,Actos relacionados con el producto del delito,8042,0.5321,Actos contrarios a disposiciones comerciales o financieras,701,0.5277,Fraude,9031,0.5248,Acceso ilícito a sistemas informáticos,70212,0.5182,Falsificación de medios de pago distintos del efectivo,70111,0.5168,Fraude financiero contra el Estado
3099,Otros delitos Ley General de Bancos,7023,0.6337,Actos de falsificación de documentos,7011,0.6282,Fraude financiero,70211,0.6055,Falsificación de medios de pago en efectivo,70212,0.604,Falsificación de medios de pago distintos del efectivo,7021,0.5882,Falsificación de medios de pago,701,0.58,Fraude,70111,0.577,Fraude financiero contra el Estado,70112,0.5714,Fraude financiero contra personas naturales o jurídicas,702,0.5698,Falsificación,704,0.5651,Actos relacionados con el producto del delito
4001,Giro doloso de cheques,7011,0.5812,Fraude financiero,70211,0.5496,Falsificación de medios de pago en efectivo,70212,0.5431,Falsificación de medios de pago distintos del efectivo,7021,0.5214,Falsificación de medios de pago,704,0.4886,Actos relacionados con el producto del delito,701,0.4835,Fraude,602,0.4761,"Actos ilícitos relacionados con bebidas alcohólicas, tabaco u otras sustancias sujetas a fiscalización",601,0.4727,Actos ilícitos relacionados con drogas o precursores sujetos a fiscalización,7023,0.4669,Actos de falsificación de documentos,703,0.4615,Corrupción
4002,Tacha falsa de firma auténtica,70211,0.6617,Falsificación de medios de pago en efectivo,70212,0.6593,Falsificación de medios de pago distintos del efectivo,7021,0.6562,Falsificación de medios de pago,7023,0.6467,Actos de falsificación de documentos,7011,0.6168,Fraude financiero,702,0.6148,Falsificación,701,0.5851,Fraude,7019,0.5833,Otros actos de fraude,704,0.5451,Actos relacionados con el producto del delito,7029,0.5383,Otros actos de falsificación
4003,Giro doloso de cheques (falta de fondos). Acción penal privada,7011,0.5987,Fraude financiero,70212,0.5363,Falsificación de medios de pago distintos del efectivo,8042,0.5279,Actos contrarios a disposiciones comerciales o financieras,70211,0.5278,Falsificación de medios de pago en efectivo,704,0.5176,Actos relacionados con el producto del delito,7021,0.5022,Falsificación de medios de pago,701,0.4999,Fraude,601,0.4937,Actos ilícitos relacionados con drogas o precursores sujetos a fiscalización,70112,0.4895,Fraude financiero contra personas naturales o jurídicas,602,0.4857,"Actos ilícitos relacionados con bebidas alcohólicas, tabaco u otras sustancias sujetas a fiscalización"
4004,Giro doloso de cheques (cuenta cerrada). Acción penal privada,7011,0.5752,Fraude financiero,8042,0.5102,Actos contrarios a disposiciones comerciales o financieras,704,0.501,Actos relacionados con el producto del delito,70212,0.4996,Falsificación de medios de pago distintos del efectivo,70211,0.4963,Falsificación de medios de pago en efectivo,602,0.4819,"Actos ilícitos relacionados con bebidas alcohólicas, tabaco u otras sustancias sujetas a fiscalización",601,0.4805,Actos ilícitos relacionados con drogas o precursores sujetos a fiscalización,70112,0.4789,Fraude financiero contra personas naturales o jurídicas,804,0.4757,Actos contrarios a las disposiciones relativas a los ingresos públicos u otras disposiciones regulatorias,701,0.4734,Fraude
4005,Giro doloso de cheques. Acción penal pública,7011,0.5668,Fraude financiero,70212,0.5654,Falsificación de medios de pago distintos del efectivo,70211,0.5417,Falsificación de medios de pago en efectivo,7021,0.5255,Falsificación de medios de pago,704,0.4989,Actos relacionados con el producto del delito,8042,0.4868,Actos contrarios a disposiciones comerciales o financieras,804,0.4792,Actos contrarios a las disposiciones relativas a los ingresos públicos u otras disposiciones regulatorias,7039,0.4771,Otros actos de corrupción,701,0.4764,Fraude,1109,0.4737,Otros actos delictivos no clasificados en otra parte
4006,Tacha falsa firma auténtica. Acción penal pública,7023,0.6687,Actos de falsificación de documentos,70211,0.6412,Falsificación de medios de pago en efectivo,70212,0.6412,Falsificación de medios de pago distintos del efectivo,7021,0.6379,Falsificación de medios de pago,702,0.6236,Falsificación,7019,0.5907,Otros actos de fraude,7011,0.5879,Fraude financiero,701,0.5867,Fraude,709,0.5562,"Otros actos que conllevan fraude, engaño o corrupción",7029,0.5551,Otros actos de falsificación
4099,Otros delitos Ley de Cuentas Corrientes Bancarias y Cheques,7011,0.6197,Fraude financiero,1102,0.5655,Actos contrarios a las leyes u otras disposiciones sobre menores,704,0.5625,Actos relacionados con el producto del delito,70212,0.5489,Falsificación de medios de pago distintos del efectivo,70211,0.5482,Falsificación de medios de pago en efectivo,602,0.5423,"Actos ilícitos relacionados con bebidas alcohólicas, tabaco u otras sustancias sujetas a fiscalización",601,0.537,Actos ilícitos relacionados con drogas o precursores sujetos a fiscalización,1109,0.5368,Otros actos delictivos no clasificados en otra parte,7021,0.5322,Falsificación de medios de pago,701,0.5307,Fraude
5001,Delitos que contempla el Código Tributario,1109,0.554,Otros actos delictivos no clasificados en otra parte,8041,0.5488,Actos contrarios a las disposiciones relativas a los ingresos públicos,11021,0.5431,Delitos en razón de la condición de menor de edad,601,0.5416,Actos ilícitos relacionados con drogas o precursores sujetos a fiscalización,609,0.5321,Otros actos relacionados con drogas sujetas a fiscalización u otras sustancias psicoactivas,60129,0.5231,"Otros actos ilícitos de tráfico, cultivo o producción de drogas o precursores sujetos a fiscalización no destinados al consumo personal",60121,0.5221,Tráfico ilícito de drogas sujetas a fiscalización no destinadas al consumo personal,602,0.516,"Actos ilícitos relacionados con bebidas alcohólicas, tabaco u otras sustancias sujetas a fiscalización",704,0.5075,Actos relacionados con el producto del delito,6019,0.5005,Otros actos ilícitos relacionados con drogas o precursores sujetos a fiscalización
5002,Comercio clandestino,8042,0.6184,Actos contrarios a disposiciones comerciales o financieras,60121,0.6016,Tráfico ilícito de drogas sujetas a fiscalización no destinadas al consumo personal,60129,0.5882,"Otros actos ilícitos de tráfico, cultivo o producción de drogas o precursores sujetos a fiscalización no destinados al consumo personal",8044,0.588,Contrabando de bienes,704,0.58,Actos relacionados con el producto del delito,601,0.5785,Actos ilícitos relacionados con drogas o precursores sujetos a fiscalización,6012,0.5696,"Tráfico, cultivo o producción ilícitos de drogas o precursores sujetos a fiscalización no destinados al consumo personal",60122,0.5662,Fabricación ilícita de drogas sujetas a fiscalización no destinadas al consumo personal,8051,0.5641,Delitos de tráfico ilícito de migrantes,60229,0.5624,"Otros actos ilícitos de producción, manipulación, posesión o uso de productos de tabaco"
5003,Declaración maliciosa de impuestos,702,0.5595,Falsificación,7023,0.5537,Actos de falsificación de documentos,7019,0.5501,Otros actos de fraude,704,0.5484,Actos relacionados con el producto del delito,8041,0.5483,Actos contrarios a las disposiciones relativas a los ingresos públicos,701,0.5476,Fraude,709,0.5368,"Otros actos que conllevan fraude, engaño o corrupción",6019,0.5351,Otros actos ilícitos relacionados con drogas o precursores sujetos a fiscalización,7039,0.5278,Otros actos de corrupción,804,0.527,Actos contrarios a las disposiciones relativas a los ingresos públicos u otras disposiciones regulatorias
5004,Obtención indebida de devolución de impuestos,8041,0.5439,Actos contrarios a las disposiciones relativas a los ingresos públicos,704,0.5374,Actos relacionados con el producto del delito,702,0.5339,Falsificación,70212,0.5275,Falsificación de medios de pago distintos del efectivo,804,0.5251,Actos contrarios a las disposiciones relativas a los ingresos públicos u otras disposiciones regulatorias,7049,0.5225,Otros actos relacionados con el producto del delito,601,0.5136,Actos ilícitos relacionados con drogas o precursores sujetos a fiscalización,6019,0.5132,Otros actos ilícitos relacionados con drogas o precursores sujetos a fiscalización,70211,0.5103,Falsificación de medios de pago en efectivo,7023,0.5101,Actos de falsificación de documentos
5005,Facilitación de facturas falsas,70212,0.6102,Falsificación de medios de pago distintos del efectivo,7021,0.6055,Falsificación de medios de pago,7023,0.6038,Actos de falsificación de documentos,70211,0.6014,Falsificación de medios de pago en efectivo,702,0.5872,Falsificación,6019,0.5523,Otros actos ilícitos relacionados con drogas o precursores sujetos a fiscalización,7011,0.5277,Fraude financiero,7019,0.5275,Otros actos de fraude,7029,0.5231,Otros actos de falsificación,7022,0.5195,Delitos relacionados con productos falsificados
5006,Falta al deber de informar,7011,0.5004,Fraude financiero,8042,0.4699,Actos contrarios a disposiciones comerciales o financieras,9032,0.4688,Injerencia ilícita en sistemas o datos informáticos,90322,0.4584,Injerencia ilícita en datos informáticos,90321,0.4561,Injerencia ilícita en sistemas informáticos,7039,0.4555,Otros actos de corrupción,701,0.4479,Fraude,70111,0.4466,Fraude financiero contra el Estado,8045,0.4438,Manipulación del mercado o utilización indebida de información privilegiada,70212,0.4424,Falsificación de medios de pago distintos del efectivo
5098,Otros delitos del Código Tributario,8041,0.5771,Actos contrarios a las disposiciones relativas a los ingresos públicos,804,0.5598,Actos contrarios a las disposiciones relativas a los ingresos públicos u otras disposiciones regulatorias,704,0.5221,Actos relacionados con el producto del delito,6019,0.5153,Otros actos ilícitos relacionados con drogas o precursores sujetos a fiscalización,8042,0.5128,Actos contrarios a disposiciones comerciales o financieras,601,0.5072,Actos ilícitos relacionados con drogas o precursores sujetos a fiscalización,7049,0.504,Otros actos relacionados con el producto del delito,7039,0.5033,Otros actos de corrupción,7011,0.4974,Fraude financiero,60121,0.4971,Tráfico ilícito de drogas sujetas a fiscalización no destinadas al consumo personal
5099,Infracciones tributarias contempladas en otras leyes,8041,0.5898,Actos contrarios a las disposiciones relativas a los ingresos públicos,1109,0.585,Otros actos delictivos no clasificados en otra parte,609,0.5739,Otros actos relacionados con drogas sujetas a fiscalización u otras sustancias psicoactivas,60129,0.5706,"Otros actos ilícitos de tráfico, cultivo o producción de drogas o precursores sujetos a fiscalización no destinados al consumo personal",601,0.5651,Actos ilícitos relacionados con drogas o precursores sujetos a fiscalización,60121,0.5573,Tráfico ilícito de drogas sujetas a fiscalización no destinadas al consumo personal,602,0.546,"Actos ilícitos relacionados con bebidas alcohólicas, tabaco u otras sustancias sujetas a fiscalización",804,0.5358,Actos contrarios a las disposiciones relativas a los ingresos públicos u otras disposiciones regulatorias,11021,0.5357,Delitos en razón de la condición de menor de edad,6019,0.5301,Otros actos ilícitos relacionados con drogas o precursores sujetos a fiscalización
6001,Calumnias a través de medios de difusión (acción privada),8022,0.5981,Delitos de pornografía,209,0.5816,Difamación o insulto,803,0.5788,Actos relacionados con la libertad de expresión o el control de la expresión,2099,0.569,Otras formas de difamación o insulto,8031,0.5613,Actos contra la libertad de expresión,30221,0.5598,Pornografía infantil,2082,0.5552,Acoso,211,0.5467,Transgresiones contra las personas,8039,0.5453,Otros actos relacionados con la libertad de expresión o el control de la expresión,2092,0.5441,Difamación o insulto debido a las creencias o valores que se le imputan a la víctima
6002,Injuria a través de medios de difusión (acción privada),209,0.6629,Difamación o insulto,2099,0.6525,Otras formas de difamación o insulto,2092,0.6193,Difamación o insulto debido a las creencias o valores que se le imputan a la víctima,2091,0.6084,Difamación o insulto debido a las características de la víctima o a los atributos que se le imputan,211,0.589,Transgresiones contra las personas,803,0.5879,Actos relacionados con la libertad de expresión o el control de la expresión,503,0.5838,Delitos contra la propiedad intelectual,8022,0.5817,Delitos de pornografía,202,0.5748,Actos contra la libertad,219,0.5746,Otros actos que causan daños o que tienen la intención de causar daños a las personas
6099,Otros delitos Ley 16.643 sobre abusos de publicidad,8022,0.5895,Delitos de pornografía,30221,0.5709,Pornografía infantil,802,0.5503,Actos contrarios a las normas de conducta sexual orientadas al mantenimiento del orden público,3022,0.5419,Explotación sexual de menores,3011,0.5403,Violación,803,0.5395,Actos relacionados con la libertad de expresión o el control de la expresión,60229,0.5395,"Otros actos ilícitos de producción, manipulación, posesión o uso de productos de tabaco",203,0.5388,Esclavitud y explotación,302,0.5364,Explotación sexual,8042,0.5334,Actos contrarios a disposiciones comerciales o financieras
7001,Elaboración ilegal de drogas o sustancias sicotrópicas,6012,0.6894,"Tráfico, cultivo o producción ilícitos de drogas o precursores sujetos a fiscalización no destinados al consumo personal",601,0.6834,Actos ilícitos relacionados con drogas o precursores sujetos a fiscalización,60121,0.6802,Tráfico ilícito de drogas sujetas a fiscalización no destinadas al consumo personal,60122,0.6795,Fabricación ilícita de drogas sujetas a fiscalización no destinadas al consumo personal,60222,0.6674,"Producción, tráfico o distribución ilícitos de productos de tabaco",60129,0.6671,"Otros actos ilícitos de tráfico, cultivo o producción de drogas o precursores sujetos a fiscalización no destinados al consumo personal",6022,0.6628,"Producción, manipulación, posesión o uso ilícitos de productos de tabaco",602,0.6487,"Actos ilícitos relacionados con bebidas alcohólicas, tabaco u otras sustancias sujetas a fiscalización",60229,0.6384,"Otros actos ilícitos de producción, manipulación, posesión o uso de productos de tabaco",60112,0.6383,Cultivo o producción ilícitos de drogas sujetas a fiscalización para consumo personal
7006,Cultivo/cosecha de especies vegetales productoras de estupefacientes,6012,0.6713,"Tráfico, cultivo o producción ilícitos de drogas o precursores sujetos a fiscalización no destinados al consumo personal",60123,0.663,Cultivo ilícito de drogas sujetas a fiscalización no destinadas al consumo personal,60112,0.6517,Cultivo o producción ilícitos de drogas sujetas a fiscalización para consumo personal,60122,0.6373,Fabricación ilícita de drogas sujetas a fiscalización no destinadas al consumo personal,601,0.6358,Actos ilícitos relacionados con drogas o precursores sujetos a fiscalización,60121,0.6346,Tráfico ilícito de drogas sujetas a fiscalización no destinadas al consumo personal,60129,0.6314,"Otros actos ilícitos de tráfico, cultivo o producción de drogas o precursores sujetos a fiscalización no destinados al consumo personal",60222,0.6233,"Producción, tráfico o distribución ilícitos de productos de tabaco",6022,0.6172,"Producción, manipulación, posesión o uso ilícitos de productos de tabaco",602,0.6165,"Actos ilícitos relacionados con bebidas alcohólicas, tabaco u otras sustancias sujetas a fiscalización"
7007,Tráfico ilícito de drogas,60121,0.7172,Tráfico ilícito de drogas sujetas a fiscalización no destinadas al consumo personal,6012,0.6764,"Tráfico, cultivo o producción ilícitos de drogas o precursores sujetos a fiscalización no destinados al consumo personal",601,0.6631,Actos ilícitos relacionados con drogas o precursores sujetos a fiscalización,60129,0.6489,"Otros actos ilícitos de tráfico, cultivo o producción de drogas o precursores sujetos a fiscalización no destinados al consumo personal",60222,0.6278,"Producción, tráfico o distribución ilícitos de productos de tabaco",602,0.6271,"Actos ilícitos relacionados con bebidas alcohólicas, tabaco u otras sustancias sujetas a fiscalización",6011,0.6126,"Posesión, adquisición, utilización, cultivo o producción ilícitos de drogas sujetas a fiscalización para consumo personal",8051,0.6123,Delitos de tráfico ilícito de migrantes,60122,0.6121,Fabricación ilícita de drogas sujetas a fiscalización no destinadas al consumo personal,90129,0.6058,Otros actos relacionados con el tráfico de armas y explosivos
7012,Receta innecesaria de drogas,60121,0.7022,Tráfico ilícito de drogas sujetas a fiscalización no destinadas al consumo personal,601,0.6591,Actos ilícitos relacionados con drogas o precursores sujetos a fiscalización,6012,0.6485,"Tráfico, cultivo o producción ilícitos de drogas o precursores sujetos a fiscalización no destinados al consumo personal",602,0.6481,"Actos ilícitos relacionados con bebidas alcohólicas, tabaco u otras sustancias sujetas a fiscalización",60129,0.6369,"Otros actos ilícitos de tráfico, cultivo o producción de drogas o precursores sujetos a fiscalización no destinados al consumo personal",60122,0.6289,Fabricación ilícita de drogas sujetas a fiscalización no destinadas al consumo personal,60222,0.6178,"Producción, tráfico o distribución ilícitos de productos de tabaco",6019,0.6051,Otros actos ilícitos relacionados con drogas o precursores sujetos a fiscalización,60123,0.604,Cultivo ilícito de drogas sujetas a fiscalización no destinadas al consumo personal,6029,0.6029,"Otros actos ilícitos relacionados con bebidas alcohólicas, tabaco u otras sustancias sujetas a fiscalización"
7013,Lavado de dinero,60121,0.6664,Tráfico ilícito de drogas sujetas a fiscalización no destinadas al consumo personal,601,0.6442,Actos ilícitos relacionados con drogas o precursores sujetos a fiscalización,602,0.6325,"Actos ilícitos relacionados con bebidas alcohólicas, tabaco u otras sustancias sujetas a fiscalización",6012,0.6122,"Tráfico, cultivo o producción ilícitos de drogas o precursores sujetos a fiscalización no destinados al consumo personal",704,0.6105,Actos relacionados con el producto del delito,60129,0.6096,"Otros actos ilícitos de tráfico, cultivo o producción de drogas o precursores sujetos a fiscalización no destinados al consumo personal",6029,0.5832,"Otros actos ilícitos relacionados con bebidas alcohólicas, tabaco u otras sustancias sujetas a fiscalización",8051,0.5731,Delitos de tráfico ilícito de migrantes,60122,0.5717,Fabricación ilícita de drogas sujetas a fiscalización no destinadas al consumo personal,6019,0.5716,Otros actos ilícitos relacionados con drogas o precursores sujetos a fiscalización
7014,Asociaciones ilícitas Ley de Drogas,60121,0.6587,Tráfico ilícito de drogas sujetas a fiscalización no destinadas al consumo personal,601,0.6352,Actos ilícitos relacionados con drogas o precursores sujetos a fiscalización,602,0.6168,"Actos ilícitos relacionados con bebidas alcohólicas, tabaco u otras sustancias sujetas a fiscalización",6012,0.5971,"Tráfico, cultivo o producción ilícitos de drogas o precursores sujetos a fiscalización no destinados al consumo personal",60129,0.5897,"Otros actos ilícitos de tráfico, cultivo o producción de drogas o precursores sujetos a fiscalización no destinados al consumo personal",60122,0.5869,Fabricación ilícita de drogas sujetas a fiscalización no destinadas al consumo personal,60222,0.5686,"Producción, tráfico o distribución ilícitos de productos de tabaco",6029,0.5633,"Otros actos ilícitos relacionados con bebidas alcohólicas, tabaco u otras sustancias sujetas a fiscalización",6019,0.5631,Otros actos ilícitos relacionados con drogas o precursores sujetos a fiscalización,905,0.556,Actos relacionados con grupos delictivos organizados
7030,Desvío ilícito de precursores y sustancias esenciales Art. 3 Ley 20.000,60124,0.662,Desviación ilícita de precursores no destinados al consumo personal,60121,0.6607,Tráfico ilícito de drogas sujetas a fiscalización no destinadas al consumo personal,6012,0.6492,"Tráfico, cultivo o producción ilícitos de drogas o precursores sujetos a fiscalización no destinados al consumo personal",601,0.6456,Actos ilícitos relacionados con drogas o precursores sujetos a fiscalización,60129,0.6326,"Otros actos ilícitos de tráfico, cultivo o producción de drogas o precursores sujetos a fiscalización no destinados al consumo personal",602,0.619,"Actos ilícitos relacionados con bebidas alcohólicas, tabaco u otras sustancias sujetas a fiscalización",60222,0.5999,"Producción, tráfico o distribución ilícitos de productos de tabaco",6019,0.5916,Otros actos ilícitos relacionados con drogas o precursores sujetos a fiscalización,60122,0.5812,Fabricación ilícita de drogas sujetas a fiscalización no destinadas al consumo personal,60212,0.5789,"Producción, tráfico o distribución ilícitos de productos alcohólicos"
7031,Producción y tráfico por desvío de precursores,60124,0.747,Desviación ilícita de precursores no destinados al consumo personal,6012,0.7174,"Tráfico, cultivo o producción ilícitos de drogas o precursores sujetos a fiscalización no destinados al consumo personal",60129,0.6818,"Otros actos ilícitos de tráfico, cultivo o producción de drogas o precursores sujetos a fiscalización no destinados al consumo personal",601,0.6767,Actos ilícitos relacionados con drogas o precursores sujetos a fiscalización,60121,0.6725,Tráfico ilícito de drogas sujetas a fiscalización no destinadas al consumo personal,60222,0.6373,"Producción, tráfico o distribución ilícitos de productos de tabaco",6019,0.6306,Otros actos ilícitos relacionados con drogas o precursores sujetos a fiscalización,60122,0.6248,Fabricación ilícita de drogas sujetas a fiscalización no destinadas al consumo personal,6022,0.6155,"Producción, manipulación, posesión o uso ilícitos de productos de tabaco",60212,0.6106,"Producción, tráfico o distribución ilícitos de productos alcohólicos"
7032,Suministro indebido de drogas,60121,0.7298,Tráfico ilícito de drogas sujetas a fiscalización no destinadas al consumo personal,6012,0.6706,"Tráfico, cultivo o producción ilícitos de drogas o precursores sujetos a fiscalización no destinados al consumo personal",601,0.6623,Actos ilícitos relacionados con drogas o precursores sujetos a fiscalización,60222,0.6516,"Producción, tráfico o distribución ilícitos de productos de tabaco",60129,0.6412,"Otros actos ilícitos de tráfico, cultivo o producción de drogas o precursores sujetos a fiscalización no destinados al consumo personal",60122,0.6282,Fabricación ilícita de drogas sujetas a fiscalización no destinadas al consumo personal,602,0.6262,"Actos ilícitos relacionados con bebidas alcohólicas, tabaco u otras sustancias sujetas a fiscalización",60212,0.6174,"Producción, tráfico o distribución ilícitos de productos alcohólicos",60124,0.6101,Desviación ilícita de precursores no destinados al consumo personal,6022,0.6032,"Producción, manipulación, posesión o uso ilícitos de productos de tabaco"
7033,"Prescripción médica abusiva de drogas, estupefacientes o sicotrópicas",601,0.634,Actos ilícitos relacionados con drogas o precursores sujetos a fiscalización,60121,0.6232,Tráfico ilícito de drogas sujetas a fiscalización no destinadas al consumo personal,6019,0.6199,Otros actos ilícitos relacionados con drogas o precursores sujetos a fiscalización,602,0.6082,"Actos ilícitos relacionados con bebidas alcohólicas, tabaco u otras sustancias sujetas a fiscalización",6012,0.5895,"Tráfico, cultivo o producción ilícitos de drogas o precursores sujetos a fiscalización no destinados al consumo personal",6011,0.5823,"Posesión, adquisición, utilización, cultivo o producción ilícitos de drogas sujetas a fiscalización para consumo personal",60123,0.5786,Cultivo ilícito de drogas sujetas a fiscalización no destinadas al consumo personal,60111,0.5765,"Posesión, adquisición o uso ilícitos de drogas sujetas a fiscalización para consumo personal",60122,0.573,Fabricación ilícita de drogas sujetas a fiscalización no destinadas al consumo personal,60129,0.5716,"Otros actos ilícitos de tráfico, cultivo o producción de drogas o precursores sujetos a fiscalización no destinados al consumo personal"
7034,Suministro de hidrocarburos aromáticos a menores,11021,0.5938,Delitos en razón de la condición de menor de edad,602,0.5909,"Actos ilícitos relacionados con bebidas alcohólicas, tabaco u otras sustancias sujetas a fiscalización",60121,0.5827,Tráfico ilícito de drogas sujetas a fiscalización no destinadas al consumo personal,60222,0.5708,"Producción, tráfico o distribución ilícitos de productos de tabaco",601,0.565,Actos ilícitos relacionados con drogas o precursores sujetos a fiscalización,6029,0.5581,"Otros actos ilícitos relacionados con bebidas alcohólicas, tabaco u otras sustancias sujetas a fiscalización",60129,0.5579,"Otros actos ilícitos de tráfico, cultivo o producción de drogas o precursores sujetos a fiscalización no destinados al consumo personal",60122,0.5573,Fabricación ilícita de drogas sujetas a fiscalización no destinadas al consumo personal,6012,0.5566,"Tráfico, cultivo o producción ilícitos de drogas o precursores sujetos a fiscalización no destinados al consumo personal",6022,0.549,"Producción, manipulación, posesión o uso ilícitos de productos de tabaco"
7035,Consumo de drogas (art. 41),60121,0.6726,Tráfico ilícito de drogas sujetas a fiscalización no destinadas al consumo personal,601,0.6526,Actos ilícitos relacionados con drogas o precursores sujetos a fiscalización,602,0.6521,"Actos ilícitos relacionados con bebidas alcohólicas, tabaco u otras sustancias sujetas a fiscalización",6012,0.629,"Tráfico, cultivo o producción ilícitos de drogas o precursores sujetos a fiscalización no destinados al consumo personal",60129,0.6187,"Otros actos ilícitos de tráfico, cultivo o producción de drogas o precursores sujetos a fiscalización no destinados al consumo personal",6011,0.616,"Posesión, adquisición, utilización, cultivo o producción ilícitos de drogas sujetas a fiscalización para consumo personal",6029,0.6149,"Otros actos ilícitos relacionados con bebidas alcohólicas, tabaco u otras sustancias sujetas a fiscalización",60111,0.6045,"Posesión, adquisición o uso ilícitos de drogas sujetas a fiscalización para consumo personal",60122,0.5869,Fabricación ilícita de drogas sujetas a fiscalización no destinadas al consumo personal,60112,0.5812,Cultivo o producción ilícitos de drogas sujetas a fiscalización para consumo personal
7036,Porte de drogas,60121,0.7008,Tráfico ilícito de drogas sujetas a fiscalización no destinadas al consumo personal,601,0.6559,Actos ilícitos relacionados con drogas o precursores sujetos a fiscalización,6012,0.6398,"Tráfico, cultivo o producción ilícitos de drogas o precursores sujetos a fiscalización no destinados al consumo personal",602,0.6391,"Actos ilícitos relacionados con bebidas alcohólicas, tabaco u otras sustancias sujetas a fiscalización",60129,0.6243,"Otros actos ilícitos de tráfico, cultivo o producción de drogas o precursores sujetos a fiscalización no destinados al consumo personal",60222,0.6007,"Producción, tráfico o distribución ilícitos de productos de tabaco",6011,0.6002,"Posesión, adquisición, utilización, cultivo o producción ilícitos de drogas sujetas a fiscalización para consumo personal",6029,0.5975,"Otros actos ilícitos relacionados con bebidas alcohólicas, tabaco u otras sustancias sujetas a fiscalización",60122,0.5956,Fabricación ilícita de drogas sujetas a fiscalización no destinadas al consumo personal,60111,0.5891,"Posesión, adquisición o uso ilícitos de drogas sujetas a fiscalización para consumo personal"
7037,Microtráfico (tráfico de pequeñas cantidades),60121,0.6979,Tráfico ilícito de drogas sujetas a fiscalización no destinadas al consumo personal,6012,0.6466,"Tráfico, cultivo o producción ilícitos de drogas o precursores sujetos a fiscalización no destinados al consumo personal",60129,0.6411,"Otros actos ilícitos de tráfico, cultivo o producción de drogas o precursores sujetos a fiscalización no destinados al consumo personal",601,0.6341,Actos ilícitos relacionados con drogas o precursores sujetos a fiscalización,602,0.618,"Actos ilícitos relacionados con bebidas alcohólicas, tabaco u otras sustancias sujetas a fiscalización",60222,0.6157,"Producción, tráfico o distribución ilícitos de productos de tabaco",60122,0.601,Fabricación ilícita de drogas sujetas a fiscalización no destinadas al consumo personal,2072,0.5896,Utilización de un vehículo bajo los efectos de sustancias psicoactivas,11021,0.5887,Delitos en razón de la condición de menor de edad,6011,0.5877,"Posesión, adquisición, utilización, cultivo o producción ilícitos de drogas sujetas a fiscalización para consumo personal"
7038,Consumo o porte en lugares públicos o privados con previo concierto,602,0.6464,"Actos ilícitos relacionados con bebidas alcohólicas, tabaco u otras sustancias sujetas a fiscalización",6029,0.6168,"Otros actos ilícitos relacionados con bebidas alcohólicas, tabaco u otras sustancias sujetas a fiscalización",60121,0.6095,Tráfico ilícito de drogas sujetas a fiscalización no destinadas al consumo personal,2072,0.6084,Utilización de un vehículo bajo los efectos de sustancias psicoactivas,601,0.5981,Actos ilícitos relacionados con drogas o precursores sujetos a fiscalización,6012,0.5879,"Tráfico, cultivo o producción ilícitos de drogas o precursores sujetos a fiscalización no destinados al consumo personal",60129,0.5868,"Otros actos ilícitos de tráfico, cultivo o producción de drogas o precursores sujetos a fiscalización no destinados al consumo personal",20729,0.5855,Utilización de un vehículo bajo los efectos de otras sustancias psicoactivas,60219,0.5821,"Otros actos ilícitos de producción, manipulación, posesión o uso de productos alcohólicos",6021,0.5809,"Producción, manipulación, posesión o uso ilícitos de productos alcohólicos"
7039,Consumo o porte de drogas en lugares calificados,60121,0.6769,Tráfico ilícito de drogas sujetas a fiscalización no destinadas al consumo personal,602,0.6467,"Actos ilícitos relacionados con bebidas alcohólicas, tabaco u otras sustancias sujetas a fiscalización",601,0.6408,Actos ilícitos relacionados con drogas o precursores sujetos a fiscalización,6012,0.6362,"Tráfico, cultivo o producción ilícitos de drogas o precursores sujetos a fiscalización no destinados al consumo personal",60129,0.6224,"Otros actos ilícitos de tráfico, cultivo o producción de drogas o precursores sujetos a fiscalización no destinados al consumo personal",6029,0.6144,"Otros actos ilícitos relacionados con bebidas alcohólicas, tabaco u otras sustancias sujetas a fiscalización",6011,0.614,"Posesión, adquisición, utilización, cultivo o producción ilícitos de drogas sujetas a fiscalización para consumo personal",60111,0.6092,"Posesión, adquisición o uso ilícitos de drogas sujetas a fiscalización para consumo personal",60123,0.6085,Cultivo ilícito de drogas sujetas a fiscalización no destinadas al consumo personal,2072,0.5996,Utilización de un vehículo bajo los efectos de sustancias psicoactivas
7042,Facilitación de bienes al tráfico de drogas,60121,0.6862,Tráfico ilícito de drogas sujetas a fiscalización no destinadas al consumo personal,601,0.6246,Actos ilícitos relacionados con drogas o precursores sujetos a fiscalización,6012,0.6235,"Tráfico, cultivo o producción ilícitos de drogas o precursores sujetos a fiscalización no destinados al consumo personal",8051,0.6159,Delitos de tráfico ilícito de migrantes,60129,0.6093,"Otros actos ilícitos de tráfico, cultivo o producción de drogas o precursores sujetos a fiscalización no destinados al consumo personal",7042,0.5943,Tráfico ilícito de bienes culturales,6011,0.5733,"Posesión, adquisición, utilización, cultivo o producción ilícitos de drogas sujetas a fiscalización para consumo personal",602,0.5717,"Actos ilícitos relacionados con bebidas alcohólicas, tabaco u otras sustancias sujetas a fiscalización",60222,0.5679,"Producción, tráfico o distribución ilícitos de productos de tabaco",90129,0.5677,Otros actos relacionados con el tráfico de armas y explosivos
7043,Tolerancia al tráfico o consumo de drogas,60121,0.6758,Tráfico ilícito de drogas sujetas a fiscalización no destinadas al consumo personal,602,0.6501,"Actos ilícitos relacionados con bebidas alcohólicas, tabaco u otras sustancias sujetas a fiscalización",60129,0.6392,"Otros actos ilícitos de tráfico, cultivo o producción de drogas o precursores sujetos a fiscalización no destinados al consumo personal",6012,0.6282,"Tráfico, cultivo o producción ilícitos de drogas o precursores sujetos a fiscalización no destinados al consumo personal",601,0.6206,Actos ilícitos relacionados con drogas o precursores sujetos a fiscalización,6029,0.6055,"Otros actos ilícitos relacionados con bebidas alcohólicas, tabaco u otras sustancias sujetas a fiscalización",60222,0.5938,"Producción, tráfico o distribución ilícitos de productos de tabaco",6011,0.5917,"Posesión, adquisición, utilización, cultivo o producción ilícitos de drogas sujetas a fiscalización para consumo personal",2072,0.5891,Utilización de un vehículo bajo los efectos de sustancias psicoactivas,8051,0.5881,Delitos de tráfico ilícito de migrantes
7044,Tráfico de especies vegetales,6012,0.6334,"Tráfico, cultivo o producción ilícitos de drogas o precursores sujetos a fiscalización no destinados al consumo personal",60121,0.6219,Tráfico ilícito de drogas sujetas a fiscalización no destinadas al consumo personal,1003,0.6163,Comercio o posesión de especies protegidas o prohibidas de la fauna y la flora,60129,0.6142,"Otros actos ilícitos de tráfico, cultivo o producción de drogas o precursores sujetos a fiscalización no destinados al consumo personal",60123,0.6069,Cultivo ilícito de drogas sujetas a fiscalización no destinadas al consumo personal,10032,0.604,Comercio o posesión de especies animales prohibidas o controladas,100312,0.6022,Tráfico transfronterizo de especies protegidas,10031,0.5882,Comercio o posesión de especies protegidas de fauna y flora silvestres,601,0.5802,Actos ilícitos relacionados con drogas o precursores sujetos a fiscalización,100311,0.5762,Comercio o posesión de especies protegidas dentro de las fronteras nacionales
7045,Omisión de denunciar por funcionario público,60121,0.5653,Tráfico ilícito de drogas sujetas a fiscalización no destinadas al consumo personal,11021,0.559,Delitos en razón de la condición de menor de edad,601,0.5446,Actos ilícitos relacionados con drogas o precursores sujetos a fiscalización,60129,0.5414,"Otros actos ilícitos de tráfico, cultivo o producción de drogas o precursores sujetos a fiscalización no destinados al consumo personal",704,0.5326,Actos relacionados con el producto del delito,6012,0.5248,"Tráfico, cultivo o producción ilícitos de drogas o precursores sujetos a fiscalización no destinados al consumo personal",907,0.5202,Infracciones de tráfico no lesivas,602,0.5187,"Actos ilícitos relacionados con bebidas alcohólicas, tabaco u otras sustancias sujetas a fiscalización",7034,0.5159,Tráfico de influencias,1109,0.5122,Otros actos delictivos no clasificados en otra parte
7046,Delitos cometidos por personal militar y gente de mar,60121,0.6313,Tráfico ilícito de drogas sujetas a fiscalización no destinadas al consumo personal,602,0.6006,"Actos ilícitos relacionados con bebidas alcohólicas, tabaco u otras sustancias sujetas a fiscalización",601,0.5973,Actos ilícitos relacionados con drogas o precursores sujetos a fiscalización,6029,0.5832,"Otros actos ilícitos relacionados con bebidas alcohólicas, tabaco u otras sustancias sujetas a fiscalización",6012,0.579,"Tráfico, cultivo o producción ilícitos de drogas o precursores sujetos a fiscalización no destinados al consumo personal",60111,0.5745,"Posesión, adquisición o uso ilícitos de drogas sujetas a fiscalización para consumo personal",60129,0.5698,"Otros actos ilícitos de tráfico, cultivo o producción de drogas o precursores sujetos a fiscalización no destinados al consumo personal",6011,0.5676,"Posesión, adquisición, utilización, cultivo o producción ilícitos de drogas sujetas a fiscalización para consumo personal",20722,0.566,Utilización de un vehículo bajo los efectos de drogas ilícitas,60122,0.5552,Fabricación ilícita de drogas sujetas a fiscalización no destinadas al consumo personal
7047,Conspiración de Ley 20.000,601,0.6032,Actos ilícitos relacionados con drogas o precursores sujetos a fiscalización,602,0.5772,"Actos ilícitos relacionados con bebidas alcohólicas, tabaco u otras sustancias sujetas a fiscalización",60121,0.5772,Tráfico ilícito de drogas sujetas a fiscalización no destinadas al consumo personal,60129,0.5683,"Otros actos ilícitos de tráfico, cultivo o producción de drogas o precursores sujetos a fiscalización no destinados al consumo personal",8063,0.5658,Intención delictiva,6012,0.559,"Tráfico, cultivo o producción ilícitos de drogas o precursores sujetos a fiscalización no destinados al consumo personal",704,0.5587,Actos relacionados con el producto del delito,6019,0.5449,Otros actos ilícitos relacionados con drogas o precursores sujetos a fiscalización,60124,0.5421,Desviación ilícita de precursores no destinados al consumo personal,60122,0.5389,Fabricación ilícita de drogas sujetas a fiscalización no destinadas al consumo personal
7048,"Negativa injustificada de notarios, conservadores y archiveros a entregar copia de instrumentos y datos",60121,0.6099,Tráfico ilícito de drogas sujetas a fiscalización no destinadas al consumo personal,601,0.5835,Actos ilícitos relacionados con drogas o precursores sujetos a fiscalización,602,0.5804,"Actos ilícitos relacionados con bebidas alcohólicas, tabaco u otras sustancias sujetas a fiscalización",9032,0.5779,Injerencia ilícita en sistemas o datos informáticos,60129,0.5717,"Otros actos ilícitos de tráfico, cultivo o producción de drogas o precursores sujetos a fiscalización no destinados al consumo personal",60222,0.5694,"Producción, tráfico o distribución ilícitos de productos de tabaco",6012,0.5682,"Tráfico, cultivo o producción ilícitos de drogas o precursores sujetos a fiscalización no destinados al consumo personal",90322,0.5663,Injerencia ilícita en datos informáticos,7023,0.5654,Actos de falsificación de documentos,704,0.5552,Actos relacionados con el producto del delito
7049,Difusión de identidad de testigos protegidos,60121,0.577,Tráfico ilícito de drogas sujetas a fiscalización no destinadas al consumo personal,601,0.5624,Actos ilícitos relacionados con drogas o precursores sujetos a fiscalización,602,0.5585,"Actos ilícitos relacionados con bebidas alcohólicas, tabaco u otras sustancias sujetas a fiscalización",2021,0.544,Secuestro de menores,6012,0.5347,"Tráfico, cultivo o producción ilícitos de drogas o precursores sujetos a fiscalización no destinados al consumo personal",2022,0.5308,Privación de libertad,60129,0.5291,"Otros actos ilícitos de tráfico, cultivo o producción de drogas o precursores sujetos a fiscalización no destinados al consumo personal",704,0.522,Actos relacionados con el producto del delito,609,0.5206,Otros actos relacionados con drogas sujetas a fiscalización u otras sustancias psicoactivas,60122,0.5205,Fabricación ilícita de drogas sujetas a fiscalización no destinadas al consumo personal
7050,Uso malicioso de identidad anterior,601,0.6078,Actos ilícitos relacionados con drogas o precursores sujetos a fiscalización,60121,0.5876,Tráfico ilícito de drogas sujetas a fiscalización no destinadas al consumo personal,60124,0.5837,Desviación ilícita de precursores no destinados al consumo personal,602,0.5818,"Actos ilícitos relacionados con bebidas alcohólicas, tabaco u otras sustancias sujetas a fiscalización",6019,0.5749,Otros actos ilícitos relacionados con drogas o precursores sujetos a fiscalización,6012,0.5626,"Tráfico, cultivo o producción ilícitos de drogas o precursores sujetos a fiscalización no destinados al consumo personal",60129,0.5571,"Otros actos ilícitos de tráfico, cultivo o producción de drogas o precursores sujetos a fiscalización no destinados al consumo personal",704,0.5553,Actos relacionados con el producto del delito,8051,0.5506,Delitos de tráfico ilícito de migrantes,6022,0.5402,"Producción, manipulación, posesión o uso ilícitos de productos de tabaco"
7051,"Violación de secreto parcial de la investigación y de la identidad de agentes encubiertos, agentes reveladores, etc.",601,0.5779,Actos ilícitos relacionados con drogas o precursores sujetos a fiscalización,2021,0.5772,Secuestro de menores,2022,0.5705,Privación de libertad,704,0.5687,Actos relacionados con el producto del delito,602,0.5641,"Actos ilícitos relacionados con bebidas alcohólicas, tabaco u otras sustancias sujetas a fiscalización",60121,0.561,Tráfico ilícito de drogas sujetas a fiscalización no destinadas al consumo personal,9032,0.5573,Injerencia ilícita en sistemas o datos informáticos,90322,0.5558,Injerencia ilícita en datos informáticos,60129,0.5522,"Otros actos ilícitos de tráfico, cultivo o producción de drogas o precursores sujetos a fiscalización no destinados al consumo personal",20221,0.5463,Secuestro
7052,Violación del secreto absoluto de la investigación,60121,0.6152,Tráfico ilícito de drogas sujetas a fiscalización no destinadas al consumo personal,601,0.6071,Actos ilícitos relacionados con drogas o precursores sujetos a fiscalización,602,0.593,"Actos ilícitos relacionados con bebidas alcohólicas, tabaco u otras sustancias sujetas a fiscalización",6012,0.5784,"Tráfico, cultivo o producción ilícitos de drogas o precursores sujetos a fiscalización no destinados al consumo personal",60122,0.5744,Fabricación ilícita de drogas sujetas a fiscalización no destinadas al consumo personal,60129,0.5724,"Otros actos ilícitos de tráfico, cultivo o producción de drogas o precursores sujetos a fiscalización no destinados al consumo personal",704,0.5589,Actos relacionados con el producto del delito,60222,0.5571,"Producción, tráfico o distribución ilícitos de productos de tabaco",90129,0.5456,Otros actos relacionados con el tráfico de armas y explosivos,6011,0.5448,"Posesión, adquisición, utilización, cultivo o producción ilícitos de drogas sujetas a fiscalización para consumo personal"
7053,"Abandonar en lugar de fácil acceso plantas, semillas u otras",6012,0.6099,"Tráfico, cultivo o producción ilícitos de drogas o precursores sujetos a fiscalización no destinados al consumo personal",60123,0.5981,Cultivo ilícito de drogas sujetas a fiscalización no destinadas al consumo personal,60121,0.5894,Tráfico ilícito de drogas sujetas a fiscalización no destinadas al consumo personal,60129,0.5891,"Otros actos ilícitos de tráfico, cultivo o producción de drogas o precursores sujetos a fiscalización no destinados al consumo personal",10032,0.5732,Comercio o posesión de especies animales prohibidas o controladas,60222,0.5722,"Producción, tráfico o distribución ilícitos de productos de tabaco",601,0.5709,Actos ilícitos relacionados con drogas o precursores sujetos a fiscalización,60124,0.5628,Desviación ilícita de precursores no destinados al consumo personal,90129,0.5621,Otros actos relacionados con el tráfico de armas y explosivos,1003,0.5606,Comercio o posesión de especies protegidas o prohibidas de la fauna y la flora
7054,Suministro de estupefacientes sin consentimiento,60121,0.6598,Tráfico ilícito de drogas sujetas a fiscalización no destinadas al consumo personal,601,0.6431,Actos ilícitos relacionados con drogas o precursores sujetos a fiscalización,6012,0.6316,"Tráfico, cultivo o producción ilícitos de drogas o precursores sujetos a fiscalización no destinados al consumo personal",602,0.6295,"Actos ilícitos relacionados con bebidas alcohólicas, tabaco u otras sustancias sujetas a fiscalización",60122,0.6121,Fabricación ilícita de drogas sujetas a fiscalización no destinadas al consumo personal,60222,0.6109,"Producción, tráfico o distribución ilícitos de productos de tabaco",60129,0.6075,"Otros actos ilícitos de tráfico, cultivo o producción de drogas o precursores sujetos a fiscalización no destinados al consumo personal",60124,0.6051,Desviación ilícita de precursores no destinados al consumo personal,6022,0.5986,"Producción, manipulación, posesión o uso ilícitos de productos de tabaco",60212,0.594,"Producción, tráfico o distribución ilícitos de productos alcohólicos"
7098,Otras faltas a la Ley 19.366,602,0.6387,"Actos ilícitos relacionados con bebidas alcohólicas, tabaco u otras sustancias sujetas a fiscalización",60121,0.6382,Tráfico ilícito de drogas sujetas a fiscalización no destinadas al consumo personal,601,0.6216,Actos ilícitos relacionados con drogas o precursores sujetos a fiscalización,60129,0.6105,"Otros actos ilícitos de tráfico, cultivo o producción de drogas o precursores sujetos a fiscalización no destinados al consumo personal",6012,0.6095,"Tráfico, cultivo o producción ilícitos de drogas o precursores sujetos a fiscalización no destinados al consumo personal",6029,0.5953,"Otros actos ilícitos relacionados con bebidas alcohólicas, tabaco u otras sustancias sujetas a fiscalización",2072,0.5937,Utilización de un vehículo bajo los efectos de sustancias psicoactivas,60222,0.5774,"Producción, tráfico o distribución ilícitos de productos de tabaco",20729,0.5731,Utilización de un vehículo bajo los efectos de otras sustancias psicoactivas,20722,0.5701,Utilización de un vehículo bajo los efectos de drogas ilícitas
7099,Otros delitos de la Ley 20.000,60121,0.6312,Tráfico ilícito de drogas sujetas a fiscalización no destinadas al consumo personal,602,0.6255,"Actos ilícitos relacionados con bebidas alcohólicas, tabaco u otras sustancias sujetas a fiscalización",601,0.6217,Actos ilícitos relacionados con drogas o precursores sujetos a fiscalización,60129,0.6089,"Otros actos ilícitos de tráfico, cultivo o producción de drogas o precursores sujetos a fiscalización no destinados al consumo personal",6012,0.5911,"Tráfico, cultivo o producción ilícitos de drogas o precursores sujetos a fiscalización no destinados al consumo personal",6029,0.581,"Otros actos ilícitos relacionados con bebidas alcohólicas, tabaco u otras sustancias sujetas a fiscalización",11021,0.5692,Delitos en razón de la condición de menor de edad,2072,0.5674,Utilización de un vehículo bajo los efectos de sustancias psicoactivas,60229,0.5666,"Otros actos ilícitos de producción, manipulación, posesión o uso de productos de tabaco",60122,0.5643,Fabricación ilícita de drogas sujetas a fiscalización no destinadas al consumo personal
8001,Delitos contra Ley de Propiedad Industrial,503,0.6373,Delitos contra la propiedad intelectual,509,0.5996,Otros actos contra la propiedad solamente,5049,0.578,Otros daños a bienes,504,0.5707,Daños a la propiedad,502,0.562,Hurto,5043,0.5546,Daños a bienes comerciales,8042,0.5458,Actos contrarios a disposiciones comerciales o financieras,401,0.5296,Robo,110132,0.5219,Destrucción o daños ilícitos a la propiedad en relación con conflictos armados,409,0.5212,Otros actos contra la propiedad que entrañan violencia o amenaza de violencia contra las personas
8002,Delitos marcarios,503,0.6432,Delitos contra la propiedad intelectual,8042,0.5954,Actos contrarios a disposiciones comerciales o financieras,7022,0.5891,Delitos relacionados con productos falsificados,5043,0.5659,Daños a bienes comerciales,704,0.5508,Actos relacionados con el producto del delito,60229,0.5499,"Otros actos ilícitos de producción, manipulación, posesión o uso de productos de tabaco",502,0.5361,Hurto,401,0.5346,Robo,509,0.534,Otros actos contra la propiedad solamente,6022,0.5337,"Producción, manipulación, posesión o uso ilícitos de productos de tabaco"
8003,Demás delitos contra Ley de Propiedad Industrial,503,0.6752,Delitos contra la propiedad intelectual,509,0.566,Otros actos contra la propiedad solamente,5049,0.5575,Otros daños a bienes,504,0.5494,Daños a la propiedad,8042,0.5343,Actos contrarios a disposiciones comerciales o financieras,5043,0.5228,Daños a bienes comerciales,7022,0.5211,Delitos relacionados con productos falsificados,110132,0.5131,Destrucción o daños ilícitos a la propiedad en relación con conflictos armados,502,0.5066,Hurto,5019,0.5034,Otros actos de robo con entrada ilícita
9001,Delitos contra Ley de Propiedad Intelectual,503,0.7553,Delitos contra la propiedad intelectual,5049,0.6102,Otros daños a bienes,509,0.5939,Otros actos contra la propiedad solamente,504,0.5733,Daños a la propiedad,1109,0.5642,Otros actos delictivos no clasificados en otra parte,8063,0.5513,Intención delictiva,5043,0.5492,Daños a bienes comerciales,4019,0.5443,Otros actos de robo,110132,0.543,Destrucción o daños ilícitos a la propiedad en relación con conflictos armados,5029,0.5405,Otros actos de hurto
9002,Falsificación de obras protegidas por Ley de Propiedad Intelectual,503,0.7183,Delitos contra la propiedad intelectual,702,0.6423,Falsificación,7023,0.6173,Actos de falsificación de documentos,7022,0.596,Delitos relacionados con productos falsificados,7029,0.5837,Otros actos de falsificación,704,0.5836,Actos relacionados con el producto del delito,509,0.559,Otros actos contra la propiedad solamente,701,0.5547,Fraude,6019,0.5516,Otros actos ilícitos relacionados con drogas o precursores sujetos a fiscalización,7049,0.5502,Otros actos relacionados con el producto del delito
9003,Venta ilícita de obras protegidas por Ley de Propiedad Intelectual,503,0.7002,Delitos contra la propiedad intelectual,7042,0.5893,Tráfico ilícito de bienes culturales,509,0.5558,Otros actos contra la propiedad solamente,8042,0.543,Actos contrarios a disposiciones comerciales o financieras,8063,0.541,Intención delictiva,502,0.5312,Hurto,60121,0.5278,Tráfico ilícito de drogas sujetas a fiscalización no destinadas al consumo personal,704,0.5263,Actos relacionados con el producto del delito,7049,0.5163,Otros actos relacionados con el producto del delito,5019,0.5142,Otros actos de robo con entrada ilícita
9004,Utilización sin autorización de obras de dominio ajeno por Ley de Propiedad Intelectual,503,0.7216,Delitos contra la propiedad intelectual,509,0.5783,Otros actos contra la propiedad solamente,502,0.5381,Hurto,501,0.5355,Robo con entrada ilícita,8042,0.5313,Actos contrarios a disposiciones comerciales o financieras,8063,0.5078,Intención delictiva,5019,0.5074,Otros actos de robo con entrada ilícita,1102,0.5064,Actos contrarios a las leyes u otras disposiciones sobre menores,5049,0.5059,Otros daños a bienes,808,0.4977,Actos contrarios al derecho laboral
9005,"Inducir, permitir, facilitar u ocultar una infracción de los derechos de autor o conexos Art. 81 ter Ley 17.336",503,0.7132,Delitos contra la propiedad intelectual,509,0.5515,Otros actos contra la propiedad solamente,8063,0.5497,Intención delictiva,502,0.5364,Hurto,501,0.5348,Robo con entrada ilícita,704,0.5198,Actos relacionados con el producto del delito,504,0.5188,Daños a la propiedad,202,0.5185,Actos contra la libertad,5049,0.518,Otros daños a bienes,803,0.5166,Actos relacionados con la libertad de expresión o el control de la expresión
9099,Demás delitos contemplados en la Ley de Propiedad Intelectual,503,0.7655,Delitos contra la propiedad intelectual,509,0.6068,Otros actos contra la propiedad solamente,5049,0.6051,Otros daños a bienes,1109,0.5929,Otros actos delictivos no clasificados en otra parte,8063,0.585,Intención delictiva,504,0.5713,Daños a la propiedad,704,0.5696,Actos relacionados con el producto del delito,5029,0.5643,Otros actos de hurto,1102,0.5626,Actos contrarios a las leyes u otras disposiciones sobre menores,4019,0.5601,Otros actos de robo
10001,"Posesión, tenencia o porte de armas sujetas a control",9011,0.7387,Posesión o uso de armas y explosivos,901,0.7133,"Actos relacionados con armas, explosivos y otros materiales destructivos",90111,0.6972,Posesión o uso ilícitos de armas de fuego,9012,0.6966,Tráfico de armas y explosivos,90112,0.6931,Posesión o uso ilícitos de otras armas o explosivos,90119,0.6771,Otros actos relacionados con posesión o uso de armas y explosivos,90122,0.6501,Tráfico de otras armas o explosivos,90121,0.6407,Tráfico de armas de fuego,90129,0.6391,Otros actos relacionados con el tráfico de armas y explosivos,9019,0.639,Otros actos relacionados con armas y explosivos
10004,"Porte ilegal de arma de fuego, municiones y otros sujetas a control",90111,0.6619,Posesión o uso ilícitos de armas de fuego,9011,0.6596,Posesión o uso de armas y explosivos,901,0.6321,"Actos relacionados con armas, explosivos y otros materiales destructivos",9012,0.6285,Tráfico de armas y explosivos,90112,0.6214,Posesión o uso ilícitos de otras armas o explosivos,90121,0.5994,Tráfico de armas de fuego,90119,0.5931,Otros actos relacionados con posesión o uso de armas y explosivos,90122,0.5869,Tráfico de otras armas o explosivos,90129,0.5691,Otros actos relacionados con el tráfico de armas y explosivos,9019,0.5556,Otros actos relacionados con armas y explosivos
10005,Adquisición y venta indebida de cartuchos y municiones. Art. 9 A Ley 17.798,9011,0.6352,Posesión o uso de armas y explosivos,9012,0.6337,Tráfico de armas y explosivos,901,0.6333,"Actos relacionados con armas, explosivos y otros materiales destructivos",90111,0.6332,Posesión o uso ilícitos de armas de fuego,90112,0.604,Posesión o uso ilícitos de otras armas o explosivos,90121,0.5999,Tráfico de armas de fuego,90122,0.5809,Tráfico de otras armas o explosivos,90129,0.5791,Otros actos relacionados con el tráfico de armas y explosivos,90119,0.5687,Otros actos relacionados con posesión o uso de armas y explosivos,9019,0.5385,Otros actos relacionados con armas y explosivos
10006,Violación de reserva base de datos s/inscrip.y reg. de arma,90111,0.5978,Posesión o uso ilícitos de armas de fuego,9011,0.5963,Posesión o uso de armas y explosivos,90112,0.5723,Posesión o uso ilícitos de otras armas o explosivos,90119,0.554,Otros actos relacionados con posesión o uso de armas y explosivos,9032,0.5449,Injerencia ilícita en sistemas o datos informáticos,901,0.5421,"Actos relacionados con armas, explosivos y otros materiales destructivos",90322,0.5356,Injerencia ilícita en datos informáticos,9019,0.5272,Otros actos relacionados con armas y explosivos,9012,0.5106,Tráfico de armas y explosivos,903,0.5095,Actos contra sistemas informáticos
10007,Abandono de armas o elementos sujetas a control,9011,0.6181,Posesión o uso de armas y explosivos,90111,0.6052,Posesión o uso ilícitos de armas de fuego,901,0.5996,"Actos relacionados con armas, explosivos y otros materiales destructivos",90112,0.5852,Posesión o uso ilícitos de otras armas o explosivos,90119,0.578,Otros actos relacionados con posesión o uso de armas y explosivos,9012,0.5739,Tráfico de armas y explosivos,90122,0.5454,Tráfico de otras armas o explosivos,90121,0.5423,Tráfico de armas de fuego,8063,0.5422,Intención delictiva,90129,0.5366,Otros actos relacionados con el tráfico de armas y explosivos
10008,Porte de arma prohibida,9011,0.7041,Posesión o uso de armas y explosivos,90111,0.6977,Posesión o uso ilícitos de armas de fuego,901,0.6916,"Actos relacionados con armas, explosivos y otros materiales destructivos",9012,0.6633,Tráfico de armas y explosivos,90119,0.6578,Otros actos relacionados con posesión o uso de armas y explosivos,90112,0.6521,Posesión o uso ilícitos de otras armas o explosivos,90121,0.6374,Tráfico de armas de fuego,90129,0.6355,Otros actos relacionados con el tráfico de armas y explosivos,9019,0.6238,Otros actos relacionados con armas y explosivos,90122,0.6228,Tráfico de otras armas o explosivos
10009,Posesión o tenencia de armas prohibidas,9011,0.7237,Posesión o uso de armas y explosivos,90111,0.7136,Posesión o uso ilícitos de armas de fuego,901,0.7005,"Actos relacionados con armas, explosivos y otros materiales destructivos",90112,0.6727,Posesión o uso ilícitos de otras armas o explosivos,90119,0.6717,Otros actos relacionados con posesión o uso de armas y explosivos,9012,0.6565,Tráfico de armas y explosivos,90121,0.6284,Tráfico de armas de fuego,9019,0.622,Otros actos relacionados con armas y explosivos,90129,0.6214,Otros actos relacionados con el tráfico de armas y explosivos,90122,0.6174,Tráfico de otras armas o explosivos
10010,Tráfico de armas,9012,0.7178,Tráfico de armas y explosivos,90122,0.6749,Tráfico de otras armas o explosivos,90129,0.6731,Otros actos relacionados con el tráfico de armas y explosivos,901,0.6684,"Actos relacionados con armas, explosivos y otros materiales destructivos",90121,0.6565,Tráfico de armas de fuego,9011,0.6196,Posesión o uso de armas y explosivos,90111,0.6016,Posesión o uso ilícitos de armas de fuego,90112,0.5908,Posesión o uso ilícitos de otras armas o explosivos,60121,0.5854,Tráfico ilícito de drogas sujetas a fiscalización no destinadas al consumo personal,6012,0.5733,"Tráfico, cultivo o producción ilícitos de drogas o precursores sujetos a fiscalización no destinados al consumo personal"
10011,"Posesión, tenencia o porte de municiones y sustancias químicas",9011,0.7113,Posesión o uso de armas y explosivos,9012,0.6995,Tráfico de armas y explosivos,901,0.6958,"Actos relacionados con armas, explosivos y otros materiales destructivos",90112,0.6671,Posesión o uso ilícitos de otras armas o explosivos,90122,0.6522,Tráfico de otras armas o explosivos,90119,0.6507,Otros actos relacionados con posesión o uso de armas y explosivos,90111,0.6422,Posesión o uso ilícitos de armas de fuego,90129,0.6407,Otros actos relacionados con el tráfico de armas y explosivos,9019,0.622,Otros actos relacionados con armas y explosivos,90121,0.6195,Tráfico de armas de fuego
10012,"Porte de arma de guerra, química, biológica o nuclear",9011,0.662,Posesión o uso de armas y explosivos,901,0.662,"Actos relacionados con armas, explosivos y otros materiales destructivos",9012,0.6599,Tráfico de armas y explosivos,90129,0.6308,Otros actos relacionados con el tráfico de armas y explosivos,90119,0.6224,Otros actos relacionados con posesión o uso de armas y explosivos,110139,0.6215,Otros crímenes de guerra,11013,0.6185,Crímenes de guerra,90122,0.6175,Tráfico de otras armas o explosivos,90112,0.6151,Posesión o uso ilícitos de otras armas o explosivos,110131,0.6114,Homicidio o tentativa de causar la muerte o lesiones graves de forma ilícita en conflictos armados
10013,"Posesión o tenencia de armas de guerra, química, biológica o nuclear",9011,0.669,Posesión o uso de armas y explosivos,901,0.6604,"Actos relacionados con armas, explosivos y otros materiales destructivos",9012,0.6434,Tráfico de armas y explosivos,90119,0.6267,Otros actos relacionados con posesión o uso de armas y explosivos,90112,0.6209,Posesión o uso ilícitos de otras armas o explosivos,90111,0.6157,Posesión o uso ilícitos de armas de fuego,90129,0.6119,Otros actos relacionados con el tráfico de armas y explosivos,110139,0.6088,Otros crímenes de guerra,11013,0.6084,Crímenes de guerra,90122,0.6013,Tráfico de otras armas o explosivos
10014,Entrega o puesta a disposición de armas a menores,9011,0.6072,Posesión o uso de armas y explosivos,90111,0.6018,Posesión o uso ilícitos de armas de fuego,901,0.592,"Actos relacionados con armas, explosivos y otros materiales destructivos",9012,0.5917,Tráfico de armas y explosivos,90112,0.5743,Posesión o uso ilícitos de otras armas o explosivos,90119,0.5612,Otros actos relacionados con posesión o uso de armas y explosivos,90121,0.5558,Tráfico de armas de fuego,11021,0.5536,Delitos en razón de la condición de menor de edad,90129,0.5506,Otros actos relacionados con el tráfico de armas y explosivos,30221,0.5499,Pornografía infantil
10015,Colocación de bomba o artefacto,901,0.7032,"Actos relacionados con armas, explosivos y otros materiales destructivos",9011,0.6983,Posesión o uso de armas y explosivos,9012,0.6968,Tráfico de armas y explosivos,90119,0.6763,Otros actos relacionados con posesión o uso de armas y explosivos,90129,0.6736,Otros actos relacionados con el tráfico de armas y explosivos,9019,0.6668,Otros actos relacionados con armas y explosivos,90112,0.6661,Posesión o uso ilícitos de otras armas o explosivos,90122,0.6588,Tráfico de otras armas o explosivos,90111,0.6114,Posesión o uso ilícitos de armas de fuego,90121,0.6048,Tráfico de armas de fuego
10016,Disparos injustificados en la vía pública,90111,0.6186,Posesión o uso ilícitos de armas de fuego,8011,0.6172,Delitos relacionados con la alteración violenta del orden público,9011,0.604,Posesión o uso de armas y explosivos,90112,0.5877,Posesión o uso ilícitos de otras armas o explosivos,9012,0.5872,Tráfico de armas y explosivos,907,0.587,Infracciones de tráfico no lesivas,901,0.5772,"Actos relacionados con armas, explosivos y otros materiales destructivos",90129,0.5749,Otros actos relacionados con el tráfico de armas y explosivos,9019,0.5671,Otros actos relacionados con armas y explosivos,90122,0.5666,Tráfico de otras armas o explosivos
10017,"Organizar, pertenecer, financiar o colaborar con milicias privadas",908,0.6014,Otros actos contra la seguridad pública y la seguridad del Estado,905,0.6002,Actos relacionados con grupos delictivos organizados,8063,0.5835,Intención delictiva,906,0.5777,Terrorismo,9051,0.5775,Participación en un grupo delictivo organizado,8064,0.5645,Conspiración,9059,0.5584,Otros actos relacionados con grupos delictivos organizados,9061,0.5438,Participación en un grupo terrorista,107,0.5323,Homicidio ilícito relacionado con conflictos armados,8011,0.5305,Delitos relacionados con la alteración violenta del orden público
10018,"Delitos referidos a la Ley sobre armas biológicas, químicas o toxínicas",9012,0.5846,Tráfico de armas y explosivos,9011,0.579,Posesión o uso de armas y explosivos,901,0.5707,"Actos relacionados con armas, explosivos y otros materiales destructivos",110131,0.569,Homicidio o tentativa de causar la muerte o lesiones graves de forma ilícita en conflictos armados,90129,0.5675,Otros actos relacionados con el tráfico de armas y explosivos,107,0.5644,Homicidio ilícito relacionado con conflictos armados,8063,0.5605,Intención delictiva,90111,0.5495,Posesión o uso ilícitos de armas de fuego,9019,0.5464,Otros actos relacionados con armas y explosivos,90119,0.5462,Otros actos relacionados con posesión o uso de armas y explosivos
10037,"Accionar fuegos artificiales, pirotécnicos o similares sin autorización",9011,0.6352,Posesión o uso de armas y explosivos,90111,0.6279,Posesión o uso ilícitos de armas de fuego,90112,0.5959,Posesión o uso ilícitos de otras armas o explosivos,90119,0.5945,Otros actos relacionados con posesión o uso de armas y explosivos,9012,0.5764,Tráfico de armas y explosivos,901,0.5551,"Actos relacionados con armas, explosivos y otros materiales destructivos",9019,0.5488,Otros actos relacionados con armas y explosivos,11012,0.5488,Piratería,90129,0.5404,Otros actos relacionados con el tráfico de armas y explosivos,90122,0.5326,Tráfico de otras armas o explosivos
10038,Posesión de fuegos artificiales,9011,0.6704,Posesión o uso de armas y explosivos,90111,0.658,Posesión o uso ilícitos de armas de fuego,90119,0.6282,Otros actos relacionados con posesión o uso de armas y explosivos,90112,0.628,Posesión o uso ilícitos de otras armas o explosivos,901,0.6122,"Actos relacionados con armas, explosivos y otros materiales destructivos",9012,0.6028,Tráfico de armas y explosivos,90121,0.5642,Tráfico de armas de fuego,90129,0.5574,Otros actos relacionados con el tráfico de armas y explosivos,90122,0.5568,Tráfico de otras armas o explosivos,9019,0.5548,Otros actos relacionados con armas y explosivos
10039,"Fabricación, elaboración, modificación, importación, exportación, adquisición de fuegos artificiales",9011,0.6397,Posesión o uso de armas y explosivos,9012,0.6329,Tráfico de armas y explosivos,90119,0.6146,Otros actos relacionados con posesión o uso de armas y explosivos,90111,0.6118,Posesión o uso ilícitos de armas de fuego,90112,0.5988,Posesión o uso ilícitos de otras armas o explosivos,901,0.5916,"Actos relacionados con armas, explosivos y otros materiales destructivos",90122,0.5831,Tráfico de otras armas o explosivos,90129,0.5765,Otros actos relacionados con el tráfico de armas y explosivos,90121,0.5642,Tráfico de armas de fuego,9019,0.5392,Otros actos relacionados con armas y explosivos
10040,Venta ilegal de cartuchos o municiones,9012,0.6551,Tráfico de armas y explosivos,90111,0.639,Posesión o uso ilícitos de armas de fuego,9011,0.631,Posesión o uso de armas y explosivos,901,0.6228,"Actos relacionados con armas, explosivos y otros materiales destructivos",90121,0.6093,Tráfico de armas de fuego,90112,0.5929,Posesión o uso ilícitos de otras armas o explosivos,90129,0.5826,Otros actos relacionados con el tráfico de armas y explosivos,90122,0.5733,Tráfico de otras armas o explosivos,90119,0.566,Otros actos relacionados con posesión o uso de armas y explosivos,60121,0.5449,Tráfico ilícito de drogas sujetas a fiscalización no destinadas al consumo personal
10041,Entrega de arma o elementos a menores de edad,11021,0.5864,Delitos en razón de la condición de menor de edad,30221,0.5663,Pornografía infantil,90111,0.5508,Posesión o uso ilícitos de armas de fuego,9011,0.5381,Posesión o uso de armas y explosivos,9012,0.5364,Tráfico de armas y explosivos,30113,0.536,Violación por presunción legal,30223,0.5317,Captación de menores con fines sexuales,901,0.5297,"Actos relacionados con armas, explosivos y otros materiales destructivos",1102,0.5182,Actos contrarios a las leyes u otras disposiciones sobre menores,8063,0.5181,Intención delictiva
10042,Borrado del número de serie de arma o municiones,90119,0.6025,Otros actos relacionados con posesión o uso de armas y explosivos,9011,0.5823,Posesión o uso de armas y explosivos,90111,0.5791,Posesión o uso ilícitos de armas de fuego,901,0.5638,"Actos relacionados con armas, explosivos y otros materiales destructivos",90121,0.5578,Tráfico de armas de fuego,9012,0.547,Tráfico de armas y explosivos,90112,0.5401,Posesión o uso ilícitos de otras armas o explosivos,90129,0.5331,Otros actos relacionados con el tráfico de armas y explosivos,9019,0.527,Otros actos relacionados con armas y explosivos,9032,0.5179,Injerencia ilícita en sistemas o datos informáticos
10099,Otros delitos de la Ley de Control de Armas,90111,0.6392,Posesión o uso ilícitos de armas de fuego,9011,0.632,Posesión o uso de armas y explosivos,901,0.6248,"Actos relacionados con armas, explosivos y otros materiales destructivos",90112,0.606,Posesión o uso ilícitos de otras armas o explosivos,9012,0.6054,Tráfico de armas y explosivos,90119,0.6006,Otros actos relacionados con posesión o uso de armas y explosivos,90129,0.5882,Otros actos relacionados con el tráfico de armas y explosivos,90122,0.5833,Tráfico de otras armas o explosivos,8063,0.5805,Intención delictiva,90121,0.5793,Tráfico de armas de fuego
11001,Maltrato de obra personal de Investigaciones con o sin lesiones,2032,0.5955,Trabajo forzoso,203,0.5718,Esclavitud y explotación,808,0.5698,Actos contrarios al derecho laboral,8082,0.5654,Violaciones del derecho laboral individual,20323,0.5643,Trabajo forzoso para el Estado o las fuerzas armadas,20811,0.5613,Hostigamiento en el trabajo,20819,0.5548,Otras formas de hostigamiento,2042,0.5523,Trata de personas con fines de trabajo o servicios forzosos,20329,0.5515,Otras formas de trabajo forzoso,9021,0.5459,Actos contra la salud y la seguridad en el trabajo
11002,Obtención declaraciones forzadas,20221,0.5211,Secuestro,9033,0.5119,Interceptación o acceso ilícitos a datos informáticos,2022,0.5086,Privación de libertad,903,0.5051,Actos contra sistemas informáticos,30111,0.4927,Violación con uso de la fuerza,205,0.4909,Coacción,2051,0.4885,Extorsión o chantaje,2021,0.4858,Secuestro de menores,20222,0.4847,Retención ilegal,30112,0.4814,Violación sin uso de la fuerza
11003,Causar la muerte a personal de la Policía de Investigaciones,101,0.5376,Homicidio intencional,1031,0.5144,Homicidio no culposo,7033,0.5026,Abuso de funciones,103,0.4956,Homicidio no intencional,1032,0.4916,Homicidio culposo,908,0.4908,Otros actos contra la seguridad pública y la seguridad del Estado,110131,0.4905,Homicidio o tentativa de causar la muerte o lesiones graves de forma ilícita en conflictos armados,2032,0.4904,Trabajo forzoso,20323,0.4902,Trabajo forzoso para el Estado o las fuerzas armadas,8069,0.4897,Otros actos contra el sistema de justicia
11004,Amenazar simple o condicionalmente u ofender públicamente a personal de la Policía de Investigaciones,904,0.5349,Actos contra la seguridad del Estado,908,0.5335,Otros actos contra la seguridad pública y la seguridad del Estado,2012,0.5231,Amenaza,8011,0.5222,Delitos relacionados con la alteración violenta del orden público,201,0.5066,Agresiones y amenazas,903,0.5011,Actos contra sistemas informáticos,20122,0.4983,Amenaza leve,8069,0.4967,Otros actos contra el sistema de justicia,20121,0.4953,Amenaza grave,2011,0.492,Agresión
11005,"Falsificación de placas, tarjetas, timbres y sellos de Investigaciones",7023,0.6329,Actos de falsificación de documentos,702,0.5907,Falsificación,70211,0.5717,Falsificación de medios de pago en efectivo,7021,0.5713,Falsificación de medios de pago,6019,0.5351,Otros actos ilícitos relacionados con drogas o precursores sujetos a fiscalización,70212,0.532,Falsificación de medios de pago distintos del efectivo,602,0.526,"Actos ilícitos relacionados con bebidas alcohólicas, tabaco u otras sustancias sujetas a fiscalización",601,0.5232,Actos ilícitos relacionados con drogas o precursores sujetos a fiscalización,8059,0.5193,Otros actos ilícitos relacionados con la migración,7029,0.5147,Otros actos de falsificación
11006,Falsificación de parte policial,7023,0.5919,Actos de falsificación de documentos,702,0.5816,Falsificación,7033,0.5445,Abuso de funciones,704,0.5325,Actos relacionados con el producto del delito,8061,0.5319,Obstrucción de la justicia,7019,0.5319,Otros actos de fraude,709,0.5263,"Otros actos que conllevan fraude, engaño o corrupción",701,0.514,Fraude,7029,0.5108,Otros actos de falsificación,7039,0.5091,Otros actos de corrupción
11099,Otros delitos Ley Orgánica de Investigaciones,1109,0.6239,Otros actos delictivos no clasificados en otra parte,11019,0.5793,Otros actos bajo jurisdicción universal,1102,0.5768,Actos contrarios a las leyes u otras disposiciones sobre menores,9059,0.5666,Otros actos relacionados con grupos delictivos organizados,905,0.5565,Actos relacionados con grupos delictivos organizados,8063,0.5511,Intención delictiva,11021,0.5505,Delitos en razón de la condición de menor de edad,11013,0.5504,Crímenes de guerra,1101,0.5477,Actos bajo jurisdicción universal,11029,0.5358,Otros actos contrarios a las leyes u otras disposiciones sobre menores
11101,Homicidio de gendarme en el desempeño de sus funciones,101,0.5732,Homicidio intencional,110131,0.5587,Homicidio o tentativa de causar la muerte o lesiones graves de forma ilícita en conflictos armados,1031,0.5491,Homicidio no culposo,107,0.5401,Homicidio ilícito relacionado con conflictos armados,103,0.5365,Homicidio no intencional,908,0.5262,Otros actos contra la seguridad pública y la seguridad del Estado,904,0.513,Actos contra la seguridad del Estado,1032,0.5091,Homicidio culposo,11013,0.5057,Crímenes de guerra,110134,0.4988,Actos contra la libertad o la dignidad humana en relación con conflictos armados
11102,Maltrato de obra a gendarme en el desempeño de sus funciones,20323,0.5609,Trabajo forzoso para el Estado o las fuerzas armadas,2032,0.5345,Trabajo forzoso,8011,0.5246,Delitos relacionados con la alteración violenta del orden público,808,0.5224,Actos contrarios al derecho laboral,20819,0.5147,Otras formas de hostigamiento,20811,0.5138,Hostigamiento en el trabajo,11013,0.51,Crímenes de guerra,8082,0.5074,Violaciones del derecho laboral individual,20111,0.5059,Agresión grave,110134,0.5057,Actos contra la libertad o la dignidad humana en relación con conflictos armados
11103,Amenaza a gendarme en el desempeño de sus funciones,908,0.547,Otros actos contra la seguridad pública y la seguridad del Estado,8011,0.5317,Delitos relacionados con la alteración violenta del orden público,904,0.5159,Actos contra la seguridad del Estado,905,0.5102,Actos relacionados con grupos delictivos organizados,110131,0.4915,Homicidio o tentativa de causar la muerte o lesiones graves de forma ilícita en conflictos armados,11016,0.4899,Crimen de agresión,8063,0.489,Intención delictiva,101,0.4849,Homicidio intencional,9059,0.4834,Otros actos relacionados con grupos delictivos organizados,201,0.4819,Agresiones y amenazas
11104,Ingreso ilegítimo de aparatos de comunicaciones y tecnológicos a centros penitenciarios,9031,0.5742,Acceso ilícito a sistemas informáticos,9033,0.5433,Interceptación o acceso ilícitos a datos informáticos,8051,0.5412,Delitos de tráfico ilícito de migrantes,90321,0.5375,Injerencia ilícita en sistemas informáticos,903,0.5319,Actos contra sistemas informáticos,9032,0.5314,Injerencia ilícita en sistemas o datos informáticos,5019,0.5124,Otros actos de robo con entrada ilícita,8063,0.4991,Intención delictiva,90322,0.497,Injerencia ilícita en datos informáticos,805,0.4902,Actos relacionados con la migración
12010,Infracción Ley Mataderos Clandestinos,10091,0.4992,Actos contra los animales,106,0.496,Feticidio ilegal,10032,0.4613,Comercio o posesión de especies animales prohibidas o controladas,4014,0.4605,Robo de ganado,2071,0.444,Actos que ponen en peligro la salud,8051,0.4407,Delitos de tráfico ilícito de migrantes,601,0.438,Actos ilícitos relacionados con drogas o precursores sujetos a fiscalización,902,0.4335,Actos contra la salud y la seguridad,907,0.4299,Infracciones de tráfico no lesivas,8021,0.4279,Delitos de prostitución
12020,Infracción Ley 18.892 de Pesca,10042,0.5204,"Caza, pesca o recolección ilegales de fauna y flora silvestres",1102,0.4983,Actos contrarios a las leyes u otras disposiciones sobre menores,11012,0.4856,Piratería,10032,0.4825,Comercio o posesión de especies animales prohibidas o controladas,10091,0.4802,Actos contra los animales,10039,0.4802,Otras formas de comercio o posesión de especies protegidas o prohibidas de la fauna y la flora,30113,0.474,Violación por presunción legal,907,0.4686,Infracciones de tráfico no lesivas,1003,0.4653,Comercio o posesión de especies protegidas o prohibidas de la fauna y la flora,60221,0.4623,Posesión o uso ilícitos de productos de tabaco
12021,Infracción por contaminación,10012,0.6552,Actos que causan la contaminación o degradación del agua,1001,0.6521,Actos que causan contaminación o degradación del medio ambiente,10019,0.6419,Otros actos que causan contaminación o degradación del medio ambiente,1004,0.5864,Actos que provocan el agotamiento o la degradación de los recursos naturales,1009,0.5861,Otros actos contra el entorno natural,2071,0.578,Actos que ponen en peligro la salud,1002,0.5742,Actos relacionados con el traslado o vertimiento de desechos,10011,0.5627,Actos que causan la contaminación o degradación del aire,10099,0.5594,Otros actos contra el entorno natural,10049,0.5547,Otros actos que provocan el agotamiento o la degradación de los recursos naturales
12022,Otras infracciones Ley de Pesca,1102,0.587,Actos contrarios a las leyes u otras disposiciones sobre menores,11029,0.5763,Otros actos contrarios a las leyes u otras disposiciones sobre menores,1109,0.5746,Otros actos delictivos no clasificados en otra parte,10042,0.558,"Caza, pesca o recolección ilegales de fauna y flora silvestres",11019,0.5446,Otros actos bajo jurisdicción universal,10039,0.532,Otras formas de comercio o posesión de especies protegidas o prohibidas de la fauna y la flora,11012,0.5289,Piratería,907,0.5277,Infracciones de tráfico no lesivas,10091,0.5238,Actos contra los animales,1101,0.5206,Actos bajo jurisdicción universal
12023,Pesca ilegal,10042,0.6834,"Caza, pesca o recolección ilegales de fauna y flora silvestres",1004,0.6054,Actos que provocan el agotamiento o la degradación de los recursos naturales,10039,0.5762,Otras formas de comercio o posesión de especies protegidas o prohibidas de la fauna y la flora,1003,0.5678,Comercio o posesión de especies protegidas o prohibidas de la fauna y la flora,10032,0.5643,Comercio o posesión de especies animales prohibidas o controladas,11012,0.5636,Piratería,10031,0.5573,Comercio o posesión de especies protegidas de fauna y flora silvestres,10049,0.5502,Otros actos que provocan el agotamiento o la degradación de los recursos naturales,10041,0.5498,Tala ilegal,302,0.5368,Explotación sexual
12030,Infracción L.O.C del Banco Central,7011,0.5051,Fraude financiero,704,0.4899,Actos relacionados con el producto del delito,70211,0.4889,Falsificación de medios de pago en efectivo,40131,0.4802,Robo a instituciones financieras,8042,0.4784,Actos contrarios a disposiciones comerciales o financieras,701,0.4757,Fraude,70212,0.475,Falsificación de medios de pago distintos del efectivo,7021,0.4632,Falsificación de medios de pago,7023,0.4602,Actos de falsificación de documentos,703,0.4587,Corrupción
12031,Falsificación de dinero Art. 64 Ley 18.840 del Banco Central,70211,0.7394,Falsificación de medios de pago en efectivo,7021,0.7214,Falsificación de medios de pago,70212,0.6921,Falsificación de medios de pago distintos del efectivo,702,0.6687,Falsificación,7023,0.6517,Actos de falsificación de documentos,7019,0.5886,Otros actos de fraude,701,0.5882,Fraude,7011,0.585,Fraude financiero,7029,0.5825,Otros actos de falsificación,704,0.5744,Actos relacionados con el producto del delito
12032,Otras infracciones a la Ley del Banco Central,7011,0.5515,Fraude financiero,8042,0.548,Actos contrarios a disposiciones comerciales o financieras,1102,0.5468,Actos contrarios a las leyes u otras disposiciones sobre menores,704,0.5361,Actos relacionados con el producto del delito,11029,0.5169,Otros actos contrarios a las leyes u otras disposiciones sobre menores,701,0.5167,Fraude,602,0.5163,"Actos ilícitos relacionados con bebidas alcohólicas, tabaco u otras sustancias sujetas a fiscalización",601,0.5077,Actos ilícitos relacionados con drogas o precursores sujetos a fiscalización,709,0.4997,"Otros actos que conllevan fraude, engaño o corrupción",7049,0.4994,Otros actos relacionados con el producto del delito
12040,Infracción Ley 18.175 de Quiebras,8062,0.5134,Incumplimiento de órdenes judiciales,8061,0.5101,Obstrucción de la justicia,106,0.4946,Feticidio ilegal,806,0.4914,Actos contra el sistema de justicia,1102,0.4901,Actos contrarios a las leyes u otras disposiciones sobre menores,8042,0.4815,Actos contrarios a disposiciones comerciales o financieras,501,0.4761,Robo con entrada ilícita,509,0.4751,Otros actos contra la propiedad solamente,11021,0.4743,Delitos en razón de la condición de menor de edad,8082,0.4715,Violaciones del derecho laboral individual
12050,Infracción Ordenanza de Aduanas,8041,0.5785,Actos contrarios a las disposiciones relativas a los ingresos públicos,8059,0.5492,Otros actos ilícitos relacionados con la migración,8051,0.5492,Delitos de tráfico ilícito de migrantes,60121,0.5311,Tráfico ilícito de drogas sujetas a fiscalización no destinadas al consumo personal,601,0.5292,Actos ilícitos relacionados con drogas o precursores sujetos a fiscalización,805,0.5266,Actos relacionados con la migración,8044,0.5257,Contrabando de bienes,1102,0.5253,Actos contrarios a las leyes u otras disposiciones sobre menores,8062,0.5166,Incumplimiento de órdenes judiciales,8042,0.5144,Actos contrarios a disposiciones comerciales o financieras
12051,Contrabando. Infracción a la Ordenanza de Aduanas,8044,0.6808,Contrabando de bienes,8051,0.6178,Delitos de tráfico ilícito de migrantes,60121,0.6157,Tráfico ilícito de drogas sujetas a fiscalización no destinadas al consumo personal,6012,0.5743,"Tráfico, cultivo o producción ilícitos de drogas o precursores sujetos a fiscalización no destinados al consumo personal",100312,0.5722,Tráfico transfronterizo de especies protegidas,8041,0.5706,Actos contrarios a las disposiciones relativas a los ingresos públicos,7042,0.5695,Tráfico ilícito de bienes culturales,9012,0.5661,Tráfico de armas y explosivos,601,0.5603,Actos ilícitos relacionados con drogas o precursores sujetos a fiscalización,60129,0.5602,"Otros actos ilícitos de tráfico, cultivo o producción de drogas o precursores sujetos a fiscalización no destinados al consumo personal"
12052,Fraude aduanero. Infracción a la Ordenanza de Aduanas,702,0.671,Falsificación,7023,0.6566,Actos de falsificación de documentos,7019,0.6126,Otros actos de fraude,70211,0.6004,Falsificación de medios de pago en efectivo,70212,0.5994,Falsificación de medios de pago distintos del efectivo,7022,0.5987,Delitos relacionados con productos falsificados,701,0.5985,Fraude,704,0.5907,Actos relacionados con el producto del delito,7021,0.5889,Falsificación de medios de pago,8044,0.588,Contrabando de bienes
12053,Receptación aduanera. Infracción a la Ordenanza de Aduanas,8044,0.6535,Contrabando de bienes,8051,0.6087,Delitos de tráfico ilícito de migrantes,60121,0.5901,Tráfico ilícito de drogas sujetas a fiscalización no destinadas al consumo personal,8041,0.5843,Actos contrarios a las disposiciones relativas a los ingresos públicos,7049,0.5689,Otros actos relacionados con el producto del delito,7042,0.5647,Tráfico ilícito de bienes culturales,704,0.5597,Actos relacionados con el producto del delito,8042,0.5575,Actos contrarios a disposiciones comerciales o financieras,601,0.5535,Actos ilícitos relacionados con drogas o precursores sujetos a fiscalización,60129,0.5501,"Otros actos ilícitos de tráfico, cultivo o producción de drogas o precursores sujetos a fiscalización no destinados al consumo personal"
12054,Otras infracciones a la Ordenanza de Aduanas Ley 20.780,8041,0.5645,Actos contrarios a las disposiciones relativas a los ingresos públicos,1102,0.5612,Actos contrarios a las leyes u otras disposiciones sobre menores,907,0.5413,Infracciones de tráfico no lesivas,8062,0.5351,Incumplimiento de órdenes judiciales,8042,0.5346,Actos contrarios a disposiciones comerciales o financieras,601,0.5324,Actos ilícitos relacionados con drogas o precursores sujetos a fiscalización,11021,0.5322,Delitos en razón de la condición de menor de edad,60121,0.5263,Tráfico ilícito de drogas sujetas a fiscalización no destinadas al consumo personal,60129,0.5253,"Otros actos ilícitos de tráfico, cultivo o producción de drogas o precursores sujetos a fiscalización no destinados al consumo personal",11029,0.5217,Otros actos contrarios a las leyes u otras disposiciones sobre menores
12055,Contrabando de especies exóticas,100312,0.671,Tráfico transfronterizo de especies protegidas,1003,0.6688,Comercio o posesión de especies protegidas o prohibidas de la fauna y la flora,100311,0.66,Comercio o posesión de especies protegidas dentro de las fronteras nacionales,10032,0.6555,Comercio o posesión de especies animales prohibidas o controladas,10031,0.6487,Comercio o posesión de especies protegidas de fauna y flora silvestres,10039,0.6233,Otras formas de comercio o posesión de especies protegidas o prohibidas de la fauna y la flora,10022,0.5565,Actos relacionados con el traslado o vertimiento transfronterizos de desechos,8044,0.5554,Contrabando de bienes,10021,0.5461,Actos relacionados con el traslado o vertimiento de desechos dentro de las fronteras nacionales,7042,0.5448,Tráfico ilícito de bienes culturales
12056,Contrabando de dinero,8044,0.6385,Contrabando de bienes,60121,0.5949,Tráfico ilícito de drogas sujetas a fiscalización no destinadas al consumo personal,8051,0.5833,Delitos de tráfico ilícito de migrantes,704,0.5809,Actos relacionados con el producto del delito,7049,0.5637,Otros actos relacionados con el producto del delito,7041,0.5609,Blanqueo de dinero,601,0.5471,Actos ilícitos relacionados con drogas o precursores sujetos a fiscalización,70211,0.5447,Falsificación de medios de pago en efectivo,7042,0.5439,Tráfico ilícito de bienes culturales,70212,0.5397,Falsificación de medios de pago distintos del efectivo
12060,Infracción artículo 74 bis b) del C.P.P (secreto sumario),1102,0.5245,Actos contrarios a las leyes u otras disposiciones sobre menores,503,0.5171,Delitos contra la propiedad intelectual,8063,0.5114,Intención delictiva,9032,0.5105,Injerencia ilícita en sistemas o datos informáticos,1109,0.5091,Otros actos delictivos no clasificados en otra parte,30113,0.5068,Violación por presunción legal,8022,0.504,Delitos de pornografía,806,0.5028,Actos contra el sistema de justicia,11029,0.5017,Otros actos contrarios a las leyes u otras disposiciones sobre menores,90321,0.5009,Injerencia ilícita en sistemas informáticos
12071,Otorgamiento irregular de documentos,7023,0.5939,Actos de falsificación de documentos,805,0.5912,Actos relacionados con la migración,8051,0.5874,Delitos de tráfico ilícito de migrantes,8059,0.5847,Otros actos ilícitos relacionados con la migración,907,0.5533,Infracciones de tráfico no lesivas,60121,0.5404,Tráfico ilícito de drogas sujetas a fiscalización no destinadas al consumo personal,7034,0.5193,Tráfico de influencias,602,0.514,"Actos ilícitos relacionados con bebidas alcohólicas, tabaco u otras sustancias sujetas a fiscalización",601,0.5079,Actos ilícitos relacionados con drogas o precursores sujetos a fiscalización,8021,0.503,Delitos de prostitución
12072,Falsificación de licencia de conducir y otras falsificaciones,7023,0.6362,Actos de falsificación de documentos,907,0.5851,Infracciones de tráfico no lesivas,702,0.5774,Falsificación,8051,0.5702,Delitos de tráfico ilícito de migrantes,60121,0.5662,Tráfico ilícito de drogas sujetas a fiscalización no destinadas al consumo personal,6019,0.5542,Otros actos ilícitos relacionados con drogas o precursores sujetos a fiscalización,8059,0.5524,Otros actos ilícitos relacionados con la migración,601,0.545,Actos ilícitos relacionados con drogas o precursores sujetos a fiscalización,602,0.5413,"Actos ilícitos relacionados con bebidas alcohólicas, tabaco u otras sustancias sujetas a fiscalización",7034,0.5412,Tráfico de influencias
12073,Accidente con resultado de muerte o lesiones graves,10321,0.7064,Homicidio por tránsito vehicular,907,0.6475,Infracciones de tráfico no lesivas,10322,0.6356,Homicidio no ocasionado por tránsito vehicular,103,0.5965,Homicidio no intencional,1032,0.593,Homicidio culposo,101,0.5804,Homicidio intencional,1031,0.5731,Homicidio no culposo,2072,0.5516,Utilización de un vehículo bajo los efectos de sustancias psicoactivas,207,0.5439,Actos peligrosos,106,0.5409,Feticidio ilegal
12074,Conducción sin la licencia debida,907,0.6375,Infracciones de tráfico no lesivas,10321,0.6206,Homicidio por tránsito vehicular,8051,0.5843,Delitos de tráfico ilícito de migrantes,60121,0.5635,Tráfico ilícito de drogas sujetas a fiscalización no destinadas al consumo personal,2072,0.5447,Utilización de un vehículo bajo los efectos de sustancias psicoactivas,2063,0.5429,Negligencia relacionada con la conducción de un vehículo,10322,0.5349,Homicidio no ocasionado por tránsito vehicular,805,0.5343,Actos relacionados con la migración,60129,0.5317,"Otros actos ilícitos de tráfico, cultivo o producción de drogas o precursores sujetos a fiscalización no destinados al consumo personal",40121,0.5299,Robo de automóviles o vehículos
12075,Conducción bajo la influencia del alcohol,2072,0.6734,Utilización de un vehículo bajo los efectos de sustancias psicoactivas,20721,0.6605,Utilización de un vehículo bajo los efectos del alcohol,602,0.6391,"Actos ilícitos relacionados con bebidas alcohólicas, tabaco u otras sustancias sujetas a fiscalización",20722,0.6329,Utilización de un vehículo bajo los efectos de drogas ilícitas,20729,0.6192,Utilización de un vehículo bajo los efectos de otras sustancias psicoactivas,6021,0.616,"Producción, manipulación, posesión o uso ilícitos de productos alcohólicos",10321,0.6094,Homicidio por tránsito vehicular,60212,0.6076,"Producción, tráfico o distribución ilícitos de productos alcohólicos",60219,0.5961,"Otros actos ilícitos de producción, manipulación, posesión o uso de productos alcohólicos",907,0.596,Infracciones de tráfico no lesivas
12076,Instalación indebida de señales del tránsito o barreras,907,0.6487,Infracciones de tráfico no lesivas,10321,0.5798,Homicidio por tránsito vehicular,8051,0.536,Delitos de tráfico ilícito de migrantes,202,0.5263,Actos contra la libertad,8061,0.5174,Obstrucción de la justicia,805,0.5148,Actos relacionados con la migración,10322,0.5147,Homicidio no ocasionado por tránsito vehicular,103,0.514,Homicidio no intencional,60121,0.5138,Tráfico ilícito de drogas sujetas a fiscalización no destinadas al consumo personal,8059,0.5128,Otros actos ilícitos relacionados con la migración
12077,No dar cuenta de accidente de tránsito,907,0.6702,Infracciones de tráfico no lesivas,10321,0.6483,Homicidio por tránsito vehicular,10322,0.5872,Homicidio no ocasionado por tránsito vehicular,2063,0.5746,Negligencia relacionada con la conducción de un vehículo,2069,0.5585,Otros actos de negligencia,1032,0.5437,Homicidio culposo,103,0.5376,Homicidio no intencional,206,0.5145,Negligencia,1031,0.5119,Homicidio no culposo,207,0.5106,Actos peligrosos
12078,Conducción bajo la influencia del alcohol con o sin daños o lesiones leves,20721,0.691,Utilización de un vehículo bajo los efectos del alcohol,2072,0.686,Utilización de un vehículo bajo los efectos de sustancias psicoactivas,20722,0.6472,Utilización de un vehículo bajo los efectos de drogas ilícitas,602,0.6285,"Actos ilícitos relacionados con bebidas alcohólicas, tabaco u otras sustancias sujetas a fiscalización",907,0.6268,Infracciones de tráfico no lesivas,20729,0.6247,Utilización de un vehículo bajo los efectos de otras sustancias psicoactivas,6021,0.6198,"Producción, manipulación, posesión o uso ilícitos de productos alcohólicos",10321,0.6195,Homicidio por tránsito vehicular,60212,0.6129,"Producción, tráfico o distribución ilícitos de productos alcohólicos",60219,0.6075,"Otros actos ilícitos de producción, manipulación, posesión o uso de productos alcohólicos"
12079,Conducción bajo la influencia del alcohol causando lesiones menos graves,20721,0.6883,Utilización de un vehículo bajo los efectos del alcohol,2072,0.6811,Utilización de un vehículo bajo los efectos de sustancias psicoactivas,907,0.6525,Infracciones de tráfico no lesivas,20722,0.6495,Utilización de un vehículo bajo los efectos de drogas ilícitas,11021,0.6276,Delitos en razón de la condición de menor de edad,20729,0.6247,Utilización de un vehículo bajo los efectos de otras sustancias psicoactivas,10321,0.6178,Homicidio por tránsito vehicular,602,0.6069,"Actos ilícitos relacionados con bebidas alcohólicas, tabaco u otras sustancias sujetas a fiscalización",6021,0.5951,"Producción, manipulación, posesión o uso ilícitos de productos alcohólicos",60212,0.5927,"Producción, tráfico o distribución ilícitos de productos alcohólicos"
12080,Conducción bajo la influencia del alcohol causando lesiones graves,2072,0.7036,Utilización de un vehículo bajo los efectos de sustancias psicoactivas,20721,0.6977,Utilización de un vehículo bajo los efectos del alcohol,20722,0.6644,Utilización de un vehículo bajo los efectos de drogas ilícitas,20729,0.6497,Utilización de un vehículo bajo los efectos de otras sustancias psicoactivas,10321,0.6459,Homicidio por tránsito vehicular,907,0.617,Infracciones de tráfico no lesivas,602,0.6052,"Actos ilícitos relacionados con bebidas alcohólicas, tabaco u otras sustancias sujetas a fiscalización",6021,0.5917,"Producción, manipulación, posesión o uso ilícitos de productos alcohólicos",2063,0.5862,Negligencia relacionada con la conducción de un vehículo,60212,0.5847,"Producción, tráfico o distribución ilícitos de productos alcohólicos"
12081,Maltrato de obra a Carabineros,2032,0.5669,Trabajo forzoso,203,0.5599,Esclavitud y explotación,20811,0.5569,Hostigamiento en el trabajo,20323,0.5569,Trabajo forzoso para el Estado o las fuerzas armadas,20819,0.5479,Otras formas de hostigamiento,808,0.5397,Actos contrarios al derecho laboral,20329,0.5313,Otras formas de trabajo forzoso,2031,0.5304,Esclavitud,2042,0.5272,Trata de personas con fines de trabajo o servicios forzosos,7033,0.5269,Abuso de funciones
12082,Amenazas a Carabineros,201,0.561,Agresiones y amenazas,20121,0.5509,Amenaza grave,2012,0.5375,Amenaza,20122,0.5336,Amenaza leve,2011,0.5315,Agresión,401,0.5272,Robo,8063,0.5245,Intención delictiva,8011,0.5207,Delitos relacionados con la alteración violenta del orden público,908,0.5204,Otros actos contra la seguridad pública y la seguridad del Estado,11016,0.5187,Crimen de agresión
12083,Conducción bajo la influencia del alcohol causando lesiones graves gravísimas o muerte,2072,0.6712,Utilización de un vehículo bajo los efectos de sustancias psicoactivas,10321,0.6671,Homicidio por tránsito vehicular,20721,0.6628,Utilización de un vehículo bajo los efectos del alcohol,20729,0.6299,Utilización de un vehículo bajo los efectos de otras sustancias psicoactivas,20722,0.6251,Utilización de un vehículo bajo los efectos de drogas ilícitas,907,0.6155,Infracciones de tráfico no lesivas,602,0.5899,"Actos ilícitos relacionados con bebidas alcohólicas, tabaco u otras sustancias sujetas a fiscalización",60212,0.5757,"Producción, tráfico o distribución ilícitos de productos alcohólicos",6021,0.5748,"Producción, manipulación, posesión o uso ilícitos de productos alcohólicos",2063,0.5594,Negligencia relacionada con la conducción de un vehículo
12086,Matar a Carabinero en ejercicio de sus funciones,101,0.5634,Homicidio intencional,110131,0.5495,Homicidio o tentativa de causar la muerte o lesiones graves de forma ilícita en conflictos armados,1031,0.5293,Homicidio no culposo,7033,0.5282,Abuso de funciones,904,0.5253,Actos contra la seguridad del Estado,8063,0.5251,Intención delictiva,103,0.5233,Homicidio no intencional,104,0.5183,Suicidio asistido o incitación al suicidio,102,0.5182,Tentativa de homicidio intencional,8069,0.5141,Otros actos contra el sistema de justicia
12087,"Traición, espionaje y demás delitos contra la soberanía y seguridad exterior del Estado",904,0.6686,Actos contra la seguridad del Estado,908,0.5324,Otros actos contra la seguridad pública y la seguridad del Estado,903,0.5245,Actos contra sistemas informáticos,1109,0.5174,Otros actos delictivos no clasificados en otra parte,2022,0.5149,Privación de libertad,8063,0.5138,Intención delictiva,906,0.5137,Terrorismo,20221,0.5131,Secuestro,9032,0.5121,Injerencia ilícita en sistemas o datos informáticos,704,0.5113,Actos relacionados con el producto del delito
12088,Uso de uniforme o insignias de Fuerzas Armadas o Carabineros de Chile,9011,0.5661,Posesión o uso de armas y explosivos,90112,0.5523,Posesión o uso ilícitos de otras armas o explosivos,90111,0.5488,Posesión o uso ilícitos de armas de fuego,90119,0.5073,Otros actos relacionados con posesión o uso de armas y explosivos,9012,0.5051,Tráfico de armas y explosivos,901,0.5029,"Actos relacionados con armas, explosivos y otros materiales destructivos",90122,0.4943,Tráfico de otras armas o explosivos,90129,0.4878,Otros actos relacionados con el tráfico de armas y explosivos,90121,0.4857,Tráfico de armas de fuego,9019,0.4776,Otros actos relacionados con armas y explosivos
12089,Otras infracciones al Código Justicia Militar,1109,0.5747,Otros actos delictivos no clasificados en otra parte,11013,0.5587,Crímenes de guerra,1102,0.5411,Actos contrarios a las leyes u otras disposiciones sobre menores,11029,0.537,Otros actos contrarios a las leyes u otras disposiciones sobre menores,11021,0.534,Delitos en razón de la condición de menor de edad,11019,0.534,Otros actos bajo jurisdicción universal,8069,0.513,Otros actos contra el sistema de justicia,907,0.5117,Infracciones de tráfico no lesivas,8062,0.507,Incumplimiento de órdenes judiciales,110132,0.4877,Destrucción o daños ilícitos a la propiedad en relación con conflictos armados
12090,Delitos contenidos en la Ley de Adopción de Menores,20291,0.7123,Adopción ilegal,30222,0.6142,Prostitución infantil,3022,0.5897,Explotación sexual de menores,30223,0.5633,Captación de menores con fines sexuales,20211,0.5626,Secuestro por progenitores,30221,0.5563,Pornografía infantil,30113,0.554,Violación por presunción legal,204,0.5497,Trata de personas,30229,0.5491,Otras formas de explotación sexual de menores,1102,0.5471,Actos contrarios a las leyes u otras disposiciones sobre menores
12100,Delitos contenidos en el D.L 1.094 de extranjería,8059,0.6015,Otros actos ilícitos relacionados con la migración,805,0.5707,Actos relacionados con la migración,8051,0.5616,Delitos de tráfico ilícito de migrantes,1109,0.5373,Otros actos delictivos no clasificados en otra parte,11019,0.5128,Otros actos bajo jurisdicción universal,907,0.507,Infracciones de tráfico no lesivas,211,0.5036,Transgresiones contra las personas,1102,0.5006,Actos contrarios a las leyes u otras disposiciones sobre menores,11012,0.4976,Piratería,203,0.4968,Esclavitud y explotación
12110,Delitos de la Ley 4.702 de compraventa bienes a plazo,7042,0.5118,Tráfico ilícito de bienes culturales,7049,0.511,Otros actos relacionados con el producto del delito,509,0.5061,Otros actos contra la propiedad solamente,60121,0.5009,Tráfico ilícito de drogas sujetas a fiscalización no destinadas al consumo personal,704,0.4993,Actos relacionados con el producto del delito,503,0.4943,Delitos contra la propiedad intelectual,4012,0.491,Robo de objetos de valor o bienes en tránsito,8042,0.4884,Actos contrarios a disposiciones comerciales o financieras,2031,0.4851,Esclavitud,502,0.4803,Hurto
12120,Delitos contemplados en la Ley antimonopolios,1102,0.5752,Actos contrarios a las leyes u otras disposiciones sobre menores,8042,0.5564,Actos contrarios a disposiciones comerciales o financieras,503,0.5409,Delitos contra la propiedad intelectual,704,0.5353,Actos relacionados con el producto del delito,907,0.5258,Infracciones de tráfico no lesivas,8061,0.5243,Obstrucción de la justicia,11021,0.5225,Delitos en razón de la condición de menor de edad,11029,0.5217,Otros actos contrarios a las leyes u otras disposiciones sobre menores,1109,0.5187,Otros actos delictivos no clasificados en otra parte,8021,0.5134,Delitos de prostitución
12121,"Extranjeros que ingresan o intentan egresar del país con documentos falsificados, adulterados o a nombre de otro",7023,0.7519,Actos de falsificación de documentos,8059,0.7187,Otros actos ilícitos relacionados con la migración,702,0.6654,Falsificación,805,0.6455,Actos relacionados con la migración,8051,0.64,Delitos de tráfico ilícito de migrantes,70212,0.62,Falsificación de medios de pago distintos del efectivo,70211,0.6134,Falsificación de medios de pago en efectivo,7021,0.6042,Falsificación de medios de pago,7029,0.6038,Otros actos de falsificación,701,0.582,Fraude
12122,Extranjeros que ingresan o intentan egresar del país clandestinamente,8059,0.7023,Otros actos ilícitos relacionados con la migración,8051,0.6782,Delitos de tráfico ilícito de migrantes,805,0.6478,Actos relacionados con la migración,7023,0.5529,Actos de falsificación de documentos,5019,0.5486,Otros actos de robo con entrada ilícita,60121,0.5404,Tráfico ilícito de drogas sujetas a fiscalización no destinadas al consumo personal,8044,0.5367,Contrabando de bienes,211,0.5328,Transgresiones contra las personas,100312,0.53,Tráfico transfronterizo de especies protegidas,501,0.523,Robo con entrada ilícita
12123,Robo o hurto de material de guerra,110132,0.6249,Destrucción o daños ilícitos a la propiedad en relación con conflictos armados,9011,0.6143,Posesión o uso de armas y explosivos,901,0.6115,"Actos relacionados con armas, explosivos y otros materiales destructivos",401,0.5956,Robo,9012,0.592,Tráfico de armas y explosivos,90112,0.5876,Posesión o uso ilícitos de otras armas o explosivos,90111,0.5812,Posesión o uso ilícitos de armas de fuego,11013,0.5762,Crímenes de guerra,107,0.5662,Homicidio ilícito relacionado con conflictos armados,90129,0.5651,Otros actos relacionados con el tráfico de armas y explosivos
12124,Adquisición material de guerra o vestuario instituciones armadas,9011,0.5495,Posesión o uso de armas y explosivos,901,0.5483,"Actos relacionados con armas, explosivos y otros materiales destructivos",9012,0.5422,Tráfico de armas y explosivos,90112,0.5184,Posesión o uso ilícitos de otras armas o explosivos,110132,0.5098,Destrucción o daños ilícitos a la propiedad en relación con conflictos armados,90129,0.5081,Otros actos relacionados con el tráfico de armas y explosivos,90111,0.5062,Posesión o uso ilícitos de armas de fuego,90121,0.5058,Tráfico de armas de fuego,90122,0.5031,Tráfico de otras armas o explosivos,90119,0.4944,Otros actos relacionados con posesión o uso de armas y explosivos
12125,Falsedades,702,0.6855,Falsificación,7023,0.6809,Actos de falsificación de documentos,7021,0.6202,Falsificación de medios de pago,7022,0.6168,Delitos relacionados con productos falsificados,70211,0.6083,Falsificación de medios de pago en efectivo,7029,0.5998,Otros actos de falsificación,7019,0.578,Otros actos de fraude,70212,0.5765,Falsificación de medios de pago distintos del efectivo,701,0.5571,Fraude,6019,0.5538,Otros actos ilícitos relacionados con drogas o precursores sujetos a fiscalización
12130,Reconocimiento malicioso de posesión regular,7049,0.5758,Otros actos relacionados con el producto del delito,501,0.5697,Robo con entrada ilícita,8063,0.5664,Intención delictiva,704,0.5651,Actos relacionados con el producto del delito,503,0.5434,Delitos contra la propiedad intelectual,5019,0.5411,Otros actos de robo con entrada ilícita,509,0.537,Otros actos contra la propiedad solamente,6011,0.5337,"Posesión, adquisición, utilización, cultivo o producción ilícitos de drogas sujetas a fiscalización para consumo personal",7032,0.5334,Malversación o peculado,502,0.5287,Hurto
12131,Vigilancia privada no autorizada,907,0.5409,Infracciones de tráfico no lesivas,2021,0.5366,Secuestro de menores,9033,0.5351,Interceptación o acceso ilícitos a datos informáticos,5019,0.5242,Otros actos de robo con entrada ilícita,903,0.52,Actos contra sistemas informáticos,9031,0.5191,Acceso ilícito a sistemas informáticos,501,0.5134,Robo con entrada ilícita,2022,0.5132,Privación de libertad,11012,0.5096,Piratería,90321,0.5091,Injerencia ilícita en sistemas informáticos
12132,"Infracción Ley General de Telecomunicaciones Letras A,B,C,D,G y F (excluye la Letra E)",9033,0.5599,Interceptación o acceso ilícitos a datos informáticos,90321,0.5278,Injerencia ilícita en sistemas informáticos,9032,0.527,Injerencia ilícita en sistemas o datos informáticos,903,0.5161,Actos contra sistemas informáticos,90322,0.4909,Injerencia ilícita en datos informáticos,2082,0.4871,Acoso,9031,0.4864,Acceso ilícito a sistemas informáticos,803,0.4817,Actos relacionados con la libertad de expresión o el control de la expresión,8061,0.476,Obstrucción de la justicia,211,0.4741,Transgresiones contra las personas
12133,Lavado de dinero persona natural,7041,0.6271,Blanqueo de dinero,70112,0.589,Fraude financiero contra personas naturales o jurídicas,704,0.5849,Actos relacionados con el producto del delito,7049,0.5753,Otros actos relacionados con el producto del delito,7035,0.553,Enriquecimiento ilícito,601,0.5517,Actos ilícitos relacionados con drogas o precursores sujetos a fiscalización,60121,0.5487,Tráfico ilícito de drogas sujetas a fiscalización no destinadas al consumo personal,8051,0.5465,Delitos de tráfico ilícito de migrantes,2022,0.5433,Privación de libertad,701,0.5431,Fraude
12134,Otras infracciones a la Ley 19.913,1102,0.5717,Actos contrarios a las leyes u otras disposiciones sobre menores,1109,0.5586,Otros actos delictivos no clasificados en otra parte,907,0.5528,Infracciones de tráfico no lesivas,11029,0.5507,Otros actos contrarios a las leyes u otras disposiciones sobre menores,11021,0.5216,Delitos en razón de la condición de menor de edad,11019,0.5163,Otros actos bajo jurisdicción universal,602,0.5058,"Actos ilícitos relacionados con bebidas alcohólicas, tabaco u otras sustancias sujetas a fiscalización",30119,0.5015,Otras formas de violación,5019,0.494,Otros actos de robo con entrada ilícita,503,0.4933,Delitos contra la propiedad intelectual
12135,Infracción a la Ley Mercado de Valores,701,0.6129,Fraude,702,0.611,Falsificación,8045,0.6098,Manipulación del mercado o utilización indebida de información privilegiada,7019,0.5768,Otros actos de fraude,7011,0.5688,Fraude financiero,7021,0.564,Falsificación de medios de pago,8042,0.5631,Actos contrarios a disposiciones comerciales o financieras,70111,0.5564,Fraude financiero contra el Estado,7023,0.5547,Actos de falsificación de documentos,70211,0.5506,Falsificación de medios de pago en efectivo
12136,Enseñanza no autorizada de artes marciales,11016,0.5553,Crimen de agresión,2011,0.5511,Agresión,8063,0.5458,Intención delictiva,90111,0.544,Posesión o uso ilícitos de armas de fuego,8011,0.5438,Delitos relacionados con la alteración violenta del orden público,110132,0.5358,Destrucción o daños ilícitos a la propiedad en relación con conflictos armados,9011,0.534,Posesión o uso de armas y explosivos,201,0.534,Agresiones y amenazas,11012,0.5296,Piratería,110131,0.5289,Homicidio o tentativa de causar la muerte o lesiones graves de forma ilícita en conflictos armados
12137,Corte o destrucción de árboles o arbustos,504,0.5925,Daños a la propiedad,110132,0.5767,Destrucción o daños ilícitos a la propiedad en relación con conflictos armados,1009,0.5709,Otros actos contra el entorno natural,10041,0.5668,Tala ilegal,5049,0.551,Otros daños a bienes,10039,0.5369,Otras formas de comercio o posesión de especies protegidas o prohibidas de la fauna y la flora,1003,0.5266,Comercio o posesión de especies protegidas o prohibidas de la fauna y la flora,5041,0.524,Daños a bienes públicos,10032,0.521,Comercio o posesión de especies animales prohibidas o controladas,100311,0.5196,Comercio o posesión de especies protegidas dentro de las fronteras nacionales
12138,Caza y comercialización de especies prohibidas,10032,0.6979,Comercio o posesión de especies animales prohibidas o controladas,1003,0.6868,Comercio o posesión de especies protegidas o prohibidas de la fauna y la flora,10042,0.6782,"Caza, pesca o recolección ilegales de fauna y flora silvestres",10031,0.6739,Comercio o posesión de especies protegidas de fauna y flora silvestres,10039,0.6613,Otras formas de comercio o posesión de especies protegidas o prohibidas de la fauna y la flora,100311,0.6456,Comercio o posesión de especies protegidas dentro de las fronteras nacionales,10091,0.6256,Actos contra los animales,100312,0.614,Tráfico transfronterizo de especies protegidas,1009,0.5279,Otros actos contra el entorno natural,1004,0.5224,Actos que provocan el agotamiento o la degradación de los recursos naturales
12139,Infracciones al Código Aeronáutico,11012,0.6123,Piratería,907,0.5468,Infracciones de tráfico no lesivas,20223,0.5164,Secuestro de vehículos,8042,0.5145,Actos contrarios a disposiciones comerciales o financieras,202,0.4854,Actos contra la libertad,602,0.4837,"Actos ilícitos relacionados con bebidas alcohólicas, tabaco u otras sustancias sujetas a fiscalización",9032,0.477,Injerencia ilícita en sistemas o datos informáticos,503,0.4756,Delitos contra la propiedad intelectual,9033,0.4746,Interceptación o acceso ilícitos a datos informáticos,1102,0.4735,Actos contrarios a las leyes u otras disposiciones sobre menores
12140,Tráfico de órganos (incluye provenientes de aborto),2043,0.6466,Trata de personas con fines de extracción de órganos,2119,0.6299,Otras transgresiones contra las personas,106,0.6023,Feticidio ilegal,204,0.5419,Trata de personas,203,0.5354,Esclavitud y explotación,60121,0.5313,Tráfico ilícito de drogas sujetas a fiscalización no destinadas al consumo personal,8051,0.5297,Delitos de tráfico ilícito de migrantes,101,0.527,Homicidio intencional,8021,0.527,Delitos de prostitución,7034,0.5206,Tráfico de influencias
12141,Infracción al estatuto de capacitación y empleo,808,0.533,Actos contrarios al derecho laboral,7033,0.4864,Abuso de funciones,7023,0.4842,Actos de falsificación de documentos,8061,0.4822,Obstrucción de la justicia,806,0.4799,Actos contra el sistema de justicia,8082,0.4776,Violaciones del derecho laboral individual,2062,0.4774,Negligencia profesional,8051,0.4757,Delitos de tráfico ilícito de migrantes,2032,0.4718,Trabajo forzoso,804,0.4698,Actos contrarios a las disposiciones relativas a los ingresos públicos u otras disposiciones regulatorias
12142,Infracción en el otorgamiento prestaciones de salud,7034,0.5928,Tráfico de influencias,7019,0.5893,Otros actos de fraude,7035,0.5827,Enriquecimiento ilícito,701,0.5809,Fraude,7033,0.5691,Abuso de funciones,7031,0.5691,Soborno,704,0.5645,Actos relacionados con el producto del delito,6019,0.561,Otros actos ilícitos relacionados con drogas o precursores sujetos a fiscalización,2071,0.5578,Actos que ponen en peligro la salud,601,0.5463,Actos ilícitos relacionados con drogas o precursores sujetos a fiscalización
12143,Transporte o distribución de gas e instalaciones clandestinas,60222,0.5339,"Producción, tráfico o distribución ilícitos de productos de tabaco",90321,0.5326,Injerencia ilícita en sistemas informáticos,9032,0.5245,Injerencia ilícita en sistemas o datos informáticos,60229,0.5139,"Otros actos ilícitos de producción, manipulación, posesión o uso de productos de tabaco",6022,0.5077,"Producción, manipulación, posesión o uso ilícitos de productos de tabaco",8061,0.5039,Obstrucción de la justicia,60121,0.5035,Tráfico ilícito de drogas sujetas a fiscalización no destinadas al consumo personal,90129,0.4977,Otros actos relacionados con el tráfico de armas y explosivos,9012,0.4958,Tráfico de armas y explosivos,601,0.4946,Actos ilícitos relacionados con drogas o precursores sujetos a fiscalización
12144,Interrupción de servicio eléctrico,504,0.5236,Daños a la propiedad,8061,0.5184,Obstrucción de la justicia,90321,0.5103,Injerencia ilícita en sistemas informáticos,5026,0.4987,Hurto de servicios,9032,0.498,Injerencia ilícita en sistemas o datos informáticos,907,0.4959,Infracciones de tráfico no lesivas,104,0.4956,Suicidio asistido o incitación al suicidio,202,0.4935,Actos contra la libertad,8062,0.486,Incumplimiento de órdenes judiciales,8011,0.4837,Delitos relacionados con la alteración violenta del orden público
12145,Loteos irregulares,509,0.5823,Otros actos contra la propiedad solamente,5019,0.5721,Otros actos de robo con entrada ilícita,501,0.5622,Robo con entrada ilícita,502,0.5405,Hurto,805,0.5278,Actos relacionados con la migración,8051,0.5227,Delitos de tráfico ilícito de migrantes,8021,0.5222,Delitos de prostitución,5011,0.5161,Robo con entrada ilícita en locales comerciales,5013,0.5157,Robo con entrada ilícita en locales públicos,2031,0.5154,Esclavitud
12146,Infracción a la Ley Orgánica Constitucional sobre Votaciones Populares y Escrutinios,807,0.6754,Actos relacionados con las elecciones democráticas,8079,0.6221,Otros actos relacionados con las elecciones democráticas,8071,0.6129,Actos encaminados a influir indebidamente en los votantes en elecciones,8069,0.4928,Otros actos contra el sistema de justicia,806,0.4917,Actos contra el sistema de justicia,1102,0.4913,Actos contrarios a las leyes u otras disposiciones sobre menores,8061,0.488,Obstrucción de la justicia,809,0.4802,"Otros actos contra el orden público, la autoridad y las disposiciones del Estado",803,0.4789,Actos relacionados con la libertad de expresión o el control de la expresión,30113,0.4754,Violación por presunción legal
12147,Ejercicio irregular de martillero público,8011,0.5793,Delitos relacionados con la alteración violenta del orden público,801,0.5688,Actos contrarios a las normas de conducta orientadas al mantenimiento del orden público,808,0.5671,Actos contrarios al derecho laboral,8069,0.5582,Otros actos contra el sistema de justicia,8021,0.5567,Delitos de prostitución,907,0.5533,Infracciones de tráfico no lesivas,806,0.5391,Actos contra el sistema de justicia,203,0.5391,Esclavitud y explotación,1102,0.5389,Actos contrarios a las leyes u otras disposiciones sobre menores,803,0.5389,Actos relacionados con la libertad de expresión o el control de la expresión
12148,Infracciones a la Ley de Seguridad Nuclear,90113,0.5793,"Posesión o uso ilícitos de materiales químicos, biológicos o radiactivos",90321,0.5511,Injerencia ilícita en sistemas informáticos,907,0.5472,Infracciones de tráfico no lesivas,903,0.547,Actos contra sistemas informáticos,902,0.5441,Actos contra la salud y la seguridad,90112,0.5426,Posesión o uso ilícitos de otras armas o explosivos,9011,0.5401,Posesión o uso de armas y explosivos,207,0.5337,Actos peligrosos,9032,0.5321,Injerencia ilícita en sistemas o datos informáticos,9021,0.522,Actos contra la salud y la seguridad en el trabajo
12149,Desacato,8062,0.5861,Incumplimiento de órdenes judiciales,806,0.5664,Actos contra el sistema de justicia,704,0.5598,Actos relacionados con el producto del delito,8063,0.5572,Intención delictiva,20221,0.5514,Secuestro,8061,0.548,Obstrucción de la justicia,8069,0.5433,Otros actos contra el sistema de justicia,11021,0.5395,Delitos en razón de la condición de menor de edad,2031,0.5372,Esclavitud,503,0.5352,Delitos contra la propiedad intelectual
12150,Uso ilícito del fuego,504,0.5501,Daños a la propiedad,90111,0.5447,Posesión o uso ilícitos de armas de fuego,9011,0.5342,Posesión o uso de armas y explosivos,110132,0.5173,Destrucción o daños ilícitos a la propiedad en relación con conflictos armados,90112,0.4984,Posesión o uso ilícitos de otras armas o explosivos,10041,0.4853,Tala ilegal,90119,0.4766,Otros actos relacionados con posesión o uso de armas y explosivos,501,0.4709,Robo con entrada ilícita,104,0.469,Suicidio asistido o incitación al suicidio,1009,0.4647,Otros actos contra el entorno natural
12151,Uso malicioso de medios de pago u obtención maliciosa de devoluciones.  Art. 7° letras a) y b) Ley 20.009,70212,0.6558,Falsificación de medios de pago distintos del efectivo,70211,0.6323,Falsificación de medios de pago en efectivo,7021,0.6293,Falsificación de medios de pago,704,0.6121,Actos relacionados con el producto del delito,7049,0.6079,Otros actos relacionados con el producto del delito,7011,0.6021,Fraude financiero,701,0.5652,Fraude,7034,0.5515,Tráfico de influencias,7019,0.5505,Otros actos de fraude,8063,0.548,Intención delictiva
12152,Delitos de la Ley 17.322 sobre cotizaciones,808,0.5418,Actos contrarios al derecho laboral,8082,0.5295,Violaciones del derecho laboral individual,8081,0.5251,Violaciones del derecho laboral colectivo,8041,0.4735,Actos contrarios a las disposiciones relativas a los ingresos públicos,2102,0.4707,Discriminación de grupos,804,0.4668,Actos contrarios a las disposiciones relativas a los ingresos públicos u otras disposiciones regulatorias,2032,0.4637,Trabajo forzoso,20329,0.4539,Otras formas de trabajo forzoso,2101,0.4506,Discriminación de personas,9021,0.4429,Actos contra la salud y la seguridad en el trabajo
12153,Infracciones a la seguridad social,7035,0.5299,Enriquecimiento ilícito,7033,0.5272,Abuso de funciones,7031,0.5243,Soborno,9032,0.5208,Injerencia ilícita en sistemas o datos informáticos,804,0.5196,Actos contrarios a las disposiciones relativas a los ingresos públicos u otras disposiciones regulatorias,701,0.5182,Fraude,703,0.5134,Corrupción,90322,0.5048,Injerencia ilícita en datos informáticos,704,0.5045,Actos relacionados con el producto del delito,70311,0.5004,Soborno activo
12154,Daños o apropiación sobre monumentos nacionales Art. 38-38 bis Ley 17.288,8049,0.5458,Otros actos contra la administración pública o contra disposiciones regulatorias,5041,0.5407,Daños a bienes públicos,110132,0.5289,Destrucción o daños ilícitos a la propiedad en relación con conflictos armados,5049,0.4953,Otros daños a bienes,504,0.4933,Daños a la propiedad,907,0.4673,Infracciones de tráfico no lesivas,503,0.4618,Delitos contra la propiedad intelectual,8061,0.458,Obstrucción de la justicia,2119,0.4565,Otras transgresiones contra las personas,809,0.4547,"Otros actos contra el orden público, la autoridad y las disposiciones del Estado"
12155,Infracción en la utilización de gas como combustible en vehículos,60121,0.5399,Tráfico ilícito de drogas sujetas a fiscalización no destinadas al consumo personal,50212,0.5366,Utilización ilegal de vehículos terrestres de motor,20729,0.5318,Utilización de un vehículo bajo los efectos de otras sustancias psicoactivas,2072,0.5292,Utilización de un vehículo bajo los efectos de sustancias psicoactivas,602,0.529,"Actos ilícitos relacionados con bebidas alcohólicas, tabaco u otras sustancias sujetas a fiscalización",60129,0.5164,"Otros actos ilícitos de tráfico, cultivo o producción de drogas o precursores sujetos a fiscalización no destinados al consumo personal",907,0.5139,Infracciones de tráfico no lesivas,20722,0.5084,Utilización de un vehículo bajo los efectos de drogas ilícitas,60221,0.5081,Posesión o uso ilícitos de productos de tabaco,10321,0.5062,Homicidio por tránsito vehicular
12156,"Acceso, divulgación y uso indebido de información genética con ocasión de tratamiento de ADN",90322,0.5764,Injerencia ilícita en datos informáticos,9033,0.5754,Interceptación o acceso ilícitos a datos informáticos,9032,0.5505,Injerencia ilícita en sistemas o datos informáticos,2119,0.5377,Otras transgresiones contra las personas,903,0.5193,Actos contra sistemas informáticos,211,0.5179,Transgresiones contra las personas,9031,0.5069,Acceso ilícito a sistemas informáticos,90113,0.4953,"Posesión o uso ilícitos de materiales químicos, biológicos o radiactivos",601,0.4946,Actos ilícitos relacionados con drogas o precursores sujetos a fiscalización,602,0.4895,"Actos ilícitos relacionados con bebidas alcohólicas, tabaco u otras sustancias sujetas a fiscalización"
12157,Obstrucción a la justicia con ocasión de tratamiento de ADN,8061,0.5959,Obstrucción de la justicia,2119,0.5352,Otras transgresiones contra las personas,9032,0.5344,Injerencia ilícita en sistemas o datos informáticos,90322,0.5243,Injerencia ilícita en datos informáticos,106,0.513,Feticidio ilegal,601,0.5013,Actos ilícitos relacionados con drogas o precursores sujetos a fiscalización,11014,0.501,Genocidio,7023,0.5004,Actos de falsificación de documentos,211,0.4995,Transgresiones contra las personas,806,0.4977,Actos contra el sistema de justicia
12158,Delitos de la Ley de Sociedades Anónimas,8042,0.5716,Actos contrarios a disposiciones comerciales o financieras,701,0.5438,Fraude,702,0.5379,Falsificación,7019,0.533,Otros actos de fraude,804,0.5298,Actos contrarios a las disposiciones relativas a los ingresos públicos u otras disposiciones regulatorias,7039,0.5285,Otros actos de corrupción,7011,0.5256,Fraude financiero,709,0.5255,"Otros actos que conllevan fraude, engaño o corrupción",704,0.522,Actos relacionados con el producto del delito,70111,0.5198,Fraude financiero contra el Estado
12159,Delitos contenidos en Leyes de Prenda Especiales,1102,0.5846,Actos contrarios a las leyes u otras disposiciones sobre menores,11021,0.5615,Delitos en razón de la condición de menor de edad,1109,0.5535,Otros actos delictivos no clasificados en otra parte,11029,0.5518,Otros actos contrarios a las leyes u otras disposiciones sobre menores,5019,0.5424,Otros actos de robo con entrada ilícita,60129,0.5356,"Otros actos ilícitos de tráfico, cultivo o producción de drogas o precursores sujetos a fiscalización no destinados al consumo personal",601,0.5354,Actos ilícitos relacionados con drogas o precursores sujetos a fiscalización,907,0.532,Infracciones de tráfico no lesivas,602,0.5296,"Actos ilícitos relacionados con bebidas alcohólicas, tabaco u otras sustancias sujetas a fiscalización",60222,0.5281,"Producción, tráfico o distribución ilícitos de productos de tabaco"
12160,Fraudulenta atribución de la calidad de indígena,702,0.5366,Falsificación,701,0.5236,Fraude,7019,0.5173,Otros actos de fraude,60123,0.5094,Cultivo ilícito de drogas sujetas a fiscalización no destinadas al consumo personal,704,0.5033,Actos relacionados con el producto del delito,7035,0.4981,Enriquecimiento ilícito,7023,0.496,Actos de falsificación de documentos,210,0.4891,Discriminación,3011,0.4827,Violación,7029,0.4802,Otros actos de falsificación
12161,Infracción a la Ley sobre Genoma Humano,2119,0.5833,Otras transgresiones contra las personas,11014,0.576,Genocidio,211,0.5638,Transgresiones contra las personas,11015,0.5613,Crímenes de lesa humanidad,110134,0.545,Actos contra la libertad o la dignidad humana en relación con conflictos armados,210,0.5439,Discriminación,3011,0.53,Violación,2043,0.5241,Trata de personas con fines de extracción de órganos,11013,0.5206,Crímenes de guerra,106,0.5148,Feticidio ilegal
12162,Incumplimiento malicioso en el pago pensiones alimenticias,7035,0.5161,Enriquecimiento ilícito,7011,0.5107,Fraude financiero,7033,0.5104,Abuso de funciones,8041,0.5102,Actos contrarios a las disposiciones relativas a los ingresos públicos,804,0.5093,Actos contrarios a las disposiciones relativas a los ingresos públicos u otras disposiciones regulatorias,704,0.5016,Actos relacionados con el producto del delito,701,0.5014,Fraude,70212,0.4978,Falsificación de medios de pago distintos del efectivo,8061,0.4974,Obstrucción de la justicia,7032,0.4963,Malversación o peculado
12163,Delitos relativos al pago de pensiones alimenticias,7019,0.5727,Otros actos de fraude,701,0.5632,Fraude,7035,0.5598,Enriquecimiento ilícito,70212,0.5584,Falsificación de medios de pago distintos del efectivo,7011,0.5506,Fraude financiero,70211,0.5417,Falsificación de medios de pago en efectivo,7021,0.5358,Falsificación de medios de pago,7023,0.5329,Actos de falsificación de documentos,709,0.5313,"Otros actos que conllevan fraude, engaño o corrupción",704,0.5307,Actos relacionados con el producto del delito
12170,Delitos contra la Ley de Bosque Nativo,1102,0.5422,Actos contrarios a las leyes u otras disposiciones sobre menores,10091,0.5376,Actos contra los animales,1009,0.5236,Otros actos contra el entorno natural,11029,0.5096,Otros actos contrarios a las leyes u otras disposiciones sobre menores,503,0.5085,Delitos contra la propiedad intelectual,1109,0.5038,Otros actos delictivos no clasificados en otra parte,106,0.4903,Feticidio ilegal,907,0.489,Infracciones de tráfico no lesivas,100311,0.489,Comercio o posesión de especies protegidas dentro de las fronteras nacionales,80322,0.4888,Violaciones de las normas sobre intolerancia e incitación al odio
12171,"Fabricación, acopio o comercialización de hilo curado",60122,0.5246,Fabricación ilícita de drogas sujetas a fiscalización no destinadas al consumo personal,6022,0.52,"Producción, manipulación, posesión o uso ilícitos de productos de tabaco",60229,0.5047,"Otros actos ilícitos de producción, manipulación, posesión o uso de productos de tabaco",60222,0.5014,"Producción, tráfico o distribución ilícitos de productos de tabaco",203,0.5011,Esclavitud y explotación,6012,0.4974,"Tráfico, cultivo o producción ilícitos de drogas o precursores sujetos a fiscalización no destinados al consumo personal",60129,0.4907,"Otros actos ilícitos de tráfico, cultivo o producción de drogas o precursores sujetos a fiscalización no destinados al consumo personal",702,0.4846,Falsificación,2031,0.4795,Esclavitud,7022,0.4777,Delitos relacionados con productos falsificados
12172,"Uso, facilitación o transporte de hilo curado",60229,0.5251,"Otros actos ilícitos de producción, manipulación, posesión o uso de productos de tabaco",6022,0.5214,"Producción, manipulación, posesión o uso ilícitos de productos de tabaco",60222,0.5207,"Producción, tráfico o distribución ilícitos de productos de tabaco",60121,0.5138,Tráfico ilícito de drogas sujetas a fiscalización no destinadas al consumo personal,60122,0.5085,Fabricación ilícita de drogas sujetas a fiscalización no destinadas al consumo personal,60129,0.5009,"Otros actos ilícitos de tráfico, cultivo o producción de drogas o precursores sujetos a fiscalización no destinados al consumo personal",6012,0.5,"Tráfico, cultivo o producción ilícitos de drogas o precursores sujetos a fiscalización no destinados al consumo personal",60221,0.5,Posesión o uso ilícitos de productos de tabaco,203,0.4898,Esclavitud y explotación,601,0.486,Actos ilícitos relacionados con drogas o precursores sujetos a fiscalización
12173,Asociación ilícita,60121,0.6363,Tráfico ilícito de drogas sujetas a fiscalización no destinadas al consumo personal,601,0.6242,Actos ilícitos relacionados con drogas o precursores sujetos a fiscalización,60129,0.5998,"Otros actos ilícitos de tráfico, cultivo o producción de drogas o precursores sujetos a fiscalización no destinados al consumo personal",6012,0.5989,"Tráfico, cultivo o producción ilícitos de drogas o precursores sujetos a fiscalización no destinados al consumo personal",8063,0.5953,Intención delictiva,90129,0.5928,Otros actos relacionados con el tráfico de armas y explosivos,704,0.5928,Actos relacionados con el producto del delito,602,0.5851,"Actos ilícitos relacionados con bebidas alcohólicas, tabaco u otras sustancias sujetas a fiscalización",60122,0.5845,Fabricación ilícita de drogas sujetas a fiscalización no destinadas al consumo personal,7041,0.5831,Blanqueo de dinero
12174,Lavado de dinero persona jurídica,704,0.6345,Actos relacionados con el producto del delito,7041,0.6307,Blanqueo de dinero,7049,0.6146,Otros actos relacionados con el producto del delito,8042,0.6046,Actos contrarios a disposiciones comerciales o financieras,7011,0.6029,Fraude financiero,70112,0.6006,Fraude financiero contra personas naturales o jurídicas,7035,0.5988,Enriquecimiento ilícito,701,0.5965,Fraude,703,0.5886,Corrupción,601,0.5811,Actos ilícitos relacionados con drogas o precursores sujetos a fiscalización
12175,Infracción al deber de información de la Ley 19.913,90322,0.5287,Injerencia ilícita en datos informáticos,9032,0.5283,Injerencia ilícita en sistemas o datos informáticos,8045,0.5198,Manipulación del mercado o utilización indebida de información privilegiada,701,0.5033,Fraude,9033,0.5027,Interceptación o acceso ilícitos a datos informáticos,7039,0.5014,Otros actos de corrupción,7011,0.4969,Fraude financiero,704,0.4953,Actos relacionados con el producto del delito,7019,0.4923,Otros actos de fraude,8042,0.4922,Actos contrarios a disposiciones comerciales o financieras
12180,Revelación de información obtenida en aplicación monitoreo telemático,9033,0.598,Interceptación o acceso ilícitos a datos informáticos,903,0.5805,Actos contra sistemas informáticos,9032,0.5509,Injerencia ilícita en sistemas o datos informáticos,9031,0.549,Acceso ilícito a sistemas informáticos,90322,0.5289,Injerencia ilícita en datos informáticos,90321,0.5252,Injerencia ilícita en sistemas informáticos,9039,0.4836,Otros actos contra sistemas informáticos,2021,0.4793,Secuestro de menores,5019,0.4634,Otros actos de robo con entrada ilícita,2082,0.462,Acoso
12181,Inutilización de dispositivo para monitoreo telemático,9032,0.5807,Injerencia ilícita en sistemas o datos informáticos,90321,0.5692,Injerencia ilícita en sistemas informáticos,903,0.5611,Actos contra sistemas informáticos,9031,0.5502,Acceso ilícito a sistemas informáticos,9039,0.5346,Otros actos contra sistemas informáticos,9033,0.5279,Interceptación o acceso ilícitos a datos informáticos,90322,0.5261,Injerencia ilícita en datos informáticos,2082,0.4908,Acoso,5019,0.4905,Otros actos de robo con entrada ilícita,501,0.4885,Robo con entrada ilícita
12182,Daños a monumentos nacionales,5041,0.6012,Daños a bienes públicos,110132,0.5979,Destrucción o daños ilícitos a la propiedad en relación con conflictos armados,5049,0.5831,Otros daños a bienes,504,0.5635,Daños a la propiedad,8049,0.5454,Otros actos contra la administración pública o contra disposiciones regulatorias,907,0.5173,Infracciones de tráfico no lesivas,5043,0.5051,Daños a bienes comerciales,219,0.5044,Otros actos que causan daños o que tienen la intención de causar daños a las personas,1109,0.5034,Otros actos delictivos no clasificados en otra parte,5042,0.498,Daños a bienes personales
12183,Apropiación de monumentos nacionales,8049,0.5501,Otros actos contra la administración pública o contra disposiciones regulatorias,503,0.5365,Delitos contra la propiedad intelectual,509,0.5353,Otros actos contra la propiedad solamente,5041,0.533,Daños a bienes públicos,110132,0.5313,Destrucción o daños ilícitos a la propiedad en relación con conflictos armados,501,0.5248,Robo con entrada ilícita,401,0.5108,Robo,5019,0.5055,Otros actos de robo con entrada ilícita,504,0.5054,Daños a la propiedad,7049,0.5035,Otros actos relacionados con el producto del delito
12184,Conducción bajo la influencia del alcohol causando lesiones graves gravísimas,2072,0.6876,Utilización de un vehículo bajo los efectos de sustancias psicoactivas,20721,0.6843,Utilización de un vehículo bajo los efectos del alcohol,20722,0.6479,Utilización de un vehículo bajo los efectos de drogas ilícitas,10321,0.6455,Homicidio por tránsito vehicular,20729,0.6341,Utilización de un vehículo bajo los efectos de otras sustancias psicoactivas,907,0.6077,Infracciones de tráfico no lesivas,602,0.5929,"Actos ilícitos relacionados con bebidas alcohólicas, tabaco u otras sustancias sujetas a fiscalización",6021,0.5809,"Producción, manipulación, posesión o uso ilícitos de productos alcohólicos",60212,0.5764,"Producción, tráfico o distribución ilícitos de productos alcohólicos",2063,0.5732,Negligencia relacionada con la conducción de un vehículo
12185,Conducción bajo la influencia del alcohol causando muerte,10321,0.6868,Homicidio por tránsito vehicular,2072,0.6598,Utilización de un vehículo bajo los efectos de sustancias psicoactivas,20721,0.6423,Utilización de un vehículo bajo los efectos del alcohol,20729,0.6163,Utilización de un vehículo bajo los efectos de otras sustancias psicoactivas,20722,0.6148,Utilización de un vehículo bajo los efectos de drogas ilícitas,602,0.5965,"Actos ilícitos relacionados con bebidas alcohólicas, tabaco u otras sustancias sujetas a fiscalización",10322,0.578,Homicidio no ocasionado por tránsito vehicular,907,0.5776,Infracciones de tráfico no lesivas,1032,0.5725,Homicidio culposo,6021,0.5719,"Producción, manipulación, posesión o uso ilícitos de productos alcohólicos"
12186,Comercialización o distribución de señal protegida de televisión,8022,0.5316,Delitos de pornografía,30221,0.5302,Pornografía infantil,503,0.5221,Delitos contra la propiedad intelectual,803,0.5191,Actos relacionados con la libertad de expresión o el control de la expresión,90321,0.5145,Injerencia ilícita en sistemas informáticos,704,0.5125,Actos relacionados con el producto del delito,2022,0.5028,Privación de libertad,9032,0.5022,Injerencia ilícita en sistemas o datos informáticos,8031,0.4981,Actos contra la libertad de expresión,60229,0.4972,"Otros actos ilícitos de producción, manipulación, posesión o uso de productos de tabaco"
12187,Fraudes en transacciones electrónicas,7011,0.6643,Fraude financiero,704,0.6388,Actos relacionados con el producto del delito,70212,0.6256,Falsificación de medios de pago distintos del efectivo,701,0.6212,Fraude,70211,0.6042,Falsificación de medios de pago en efectivo,7021,0.5931,Falsificación de medios de pago,7049,0.5906,Otros actos relacionados con el producto del delito,7019,0.5887,Otros actos de fraude,709,0.5877,"Otros actos que conllevan fraude, engaño o corrupción",702,0.5838,Falsificación
12188,Obtención simulada o engañosa de beneficios para cuidadores de niños o niñas durante la pandemia del Covid-19,7034,0.5423,Tráfico de influencias,203,0.538,Esclavitud y explotación,204,0.5368,Trata de personas,30222,0.5339,Prostitución infantil,704,0.527,Actos relacionados con el producto del delito,20611,0.5266,Negligencia en situaciones de menores bajo cuidado,302,0.5166,Explotación sexual,2021,0.5145,Secuestro de menores,106,0.513,Feticidio ilegal,7033,0.5126,Abuso de funciones
12189,Uso malicioso de recetas médicas digitales,6019,0.6199,Otros actos ilícitos relacionados con drogas o precursores sujetos a fiscalización,601,0.5702,Actos ilícitos relacionados con drogas o precursores sujetos a fiscalización,9032,0.5679,Injerencia ilícita en sistemas o datos informáticos,602,0.552,"Actos ilícitos relacionados con bebidas alcohólicas, tabaco u otras sustancias sujetas a fiscalización",90322,0.5458,Injerencia ilícita en datos informáticos,2071,0.543,Actos que ponen en peligro la salud,90321,0.5398,Injerencia ilícita en sistemas informáticos,60122,0.5355,Fabricación ilícita de drogas sujetas a fiscalización no destinadas al consumo personal,60121,0.5352,Tráfico ilícito de drogas sujetas a fiscalización no destinadas al consumo personal,7019,0.5282,Otros actos de fraude
12190,Acuerdos abusivos del directorio de S.A,8042,0.5758,Actos contrarios a disposiciones comerciales o financieras,7033,0.5585,Abuso de funciones,3011,0.5412,Violación,808,0.5287,Actos contrarios al derecho laboral,7034,0.5251,Tráfico de influencias,7035,0.5218,Enriquecimiento ilícito,8081,0.5133,Violaciones del derecho laboral colectivo,703,0.5103,Corrupción,8021,0.5067,Delitos de prostitución,7039,0.5065,Otros actos de corrupción
12200,Delitos de la Ley 18.450 sobre riego o drenaje,701,0.5561,Fraude,704,0.5418,Actos relacionados con el producto del delito,7035,0.5382,Enriquecimiento ilícito,709,0.5197,"Otros actos que conllevan fraude, engaño o corrupción",7019,0.5191,Otros actos de fraude,7039,0.5097,Otros actos de corrupción,7049,0.5082,Otros actos relacionados con el producto del delito,7034,0.5036,Tráfico de influencias,60123,0.5001,Cultivo ilícito de drogas sujetas a fiscalización no destinadas al consumo personal,703,0.5,Corrupción
12201,"Uso malicioso de tarjeta, clave o dispositivo financiero",70212,0.7037,Falsificación de medios de pago distintos del efectivo,70211,0.684,Falsificación de medios de pago en efectivo,7021,0.676,Falsificación de medios de pago,7011,0.6647,Fraude financiero,7023,0.5843,Actos de falsificación de documentos,701,0.5809,Fraude,704,0.5687,Actos relacionados con el producto del delito,7019,0.564,Otros actos de fraude,702,0.5574,Falsificación,7049,0.5431,Otros actos relacionados con el producto del delito
12202,Obtención maliciosa o restitución de los fondos de operaciones reclamadas,7011,0.6634,Fraude financiero,70212,0.6557,Falsificación de medios de pago distintos del efectivo,70211,0.6444,Falsificación de medios de pago en efectivo,7021,0.6368,Falsificación de medios de pago,704,0.5988,Actos relacionados con el producto del delito,701,0.592,Fraude,7049,0.5743,Otros actos relacionados con el producto del delito,7019,0.5464,Otros actos de fraude,7023,0.5412,Actos de falsificación de documentos,70112,0.5345,Fraude financiero contra personas naturales o jurídicas
12203,Empleo de violencia innecesaria,2011,0.6114,Agresión,110131,0.6105,Homicidio o tentativa de causar la muerte o lesiones graves de forma ilícita en conflictos armados,103,0.5854,Homicidio no intencional,101,0.5849,Homicidio intencional,201,0.5848,Agresiones y amenazas,110132,0.5808,Destrucción o daños ilícitos a la propiedad en relación con conflictos armados,1031,0.5787,Homicidio no culposo,8011,0.5776,Delitos relacionados con la alteración violenta del orden público,11013,0.5762,Crímenes de guerra,11016,0.5699,Crimen de agresión
12999,Delitos contemplados en otros textos legales,1109,0.6827,Otros actos delictivos no clasificados en otra parte,11019,0.6145,Otros actos bajo jurisdicción universal,1102,0.6047,Actos contrarios a las leyes u otras disposiciones sobre menores,11021,0.5881,Delitos en razón de la condición de menor de edad,907,0.5785,Infracciones de tráfico no lesivas,11029,0.5755,Otros actos contrarios a las leyes u otras disposiciones sobre menores,11013,0.573,Crímenes de guerra,1101,0.5659,Actos bajo jurisdicción universal,8063,0.5593,Intención delictiva,30119,0.5565,Otras formas de violación
13001,Lesiones leves,20112,0.652,Agresión leve,206,0.5984,Negligencia,2069,0.5956,Otros actos de negligencia,907,0.5851,Infracciones de tráfico no lesivas,20122,0.584,Amenaza leve,20611,0.5725,Negligencia en situaciones de menores bajo cuidado,2061,0.5692,Negligencia en situaciones de personas bajo cuidado,207,0.5567,Actos peligrosos,20619,0.5543,Otras formas de negligencia en situaciones de personas bajo cuidado,11021,0.5375,Delitos en razón de la condición de menor de edad
13002,Faltas Código Penal conocidas por juzgados del crimen,1109,0.5787,Otros actos delictivos no clasificados en otra parte,11021,0.5493,Delitos en razón de la condición de menor de edad,11019,0.5354,Otros actos bajo jurisdicción universal,704,0.509,Actos relacionados con el producto del delito,1102,0.5055,Actos contrarios a las leyes u otras disposiciones sobre menores,1101,0.4978,Actos bajo jurisdicción universal,709,0.4915,"Otros actos que conllevan fraude, engaño o corrupción",20229,0.488,Otras formas de privación de libertad,701,0.4865,Fraude,11013,0.4854,Crímenes de guerra
13005,Consumo y otras faltas Ley de Drogas,601,0.6139,Actos ilícitos relacionados con drogas o precursores sujetos a fiscalización,602,0.6132,"Actos ilícitos relacionados con bebidas alcohólicas, tabaco u otras sustancias sujetas a fiscalización",60121,0.6031,Tráfico ilícito de drogas sujetas a fiscalización no destinadas al consumo personal,6011,0.5978,"Posesión, adquisición, utilización, cultivo o producción ilícitos de drogas sujetas a fiscalización para consumo personal",60111,0.594,"Posesión, adquisición o uso ilícitos de drogas sujetas a fiscalización para consumo personal",6019,0.586,Otros actos ilícitos relacionados con drogas o precursores sujetos a fiscalización,6029,0.5799,"Otros actos ilícitos relacionados con bebidas alcohólicas, tabaco u otras sustancias sujetas a fiscalización",60129,0.5777,"Otros actos ilícitos de tráfico, cultivo o producción de drogas o precursores sujetos a fiscalización no destinados al consumo personal",6012,0.5737,"Tráfico, cultivo o producción ilícitos de drogas o precursores sujetos a fiscalización no destinados al consumo personal",11021,0.5714,Delitos en razón de la condición de menor de edad
13016,Infracción a la Ley Electoral,807,0.6652,Actos relacionados con las elecciones democráticas,8079,0.6251,Otros actos relacionados con las elecciones democráticas,8071,0.5702,Actos encaminados a influir indebidamente en los votantes en elecciones,709,0.4636,"Otros actos que conllevan fraude, engaño o corrupción",11021,0.459,Delitos en razón de la condición de menor de edad,1102,0.456,Actos contrarios a las leyes u otras disposiciones sobre menores,704,0.4487,Actos relacionados con el producto del delito,7039,0.4461,Otros actos de corrupción,7033,0.4411,Abuso de funciones,7023,0.4398,Actos de falsificación de documentos
13017,Infracción a la Ley 16.643 de Abusos de Publicidad,30221,0.5431,Pornografía infantil,8022,0.5393,Delitos de pornografía,3022,0.5201,Explotación sexual de menores,8042,0.5191,Actos contrarios a disposiciones comerciales o financieras,3011,0.5183,Violación,209,0.5152,Difamación o insulto,302,0.5091,Explotación sexual,704,0.5066,Actos relacionados con el producto del delito,2099,0.5066,Otras formas de difamación o insulto,803,0.506,Actos relacionados con la libertad de expresión o el control de la expresión
13018,Violencia en los estadios,8011,0.6024,Delitos relacionados con la alteración violenta del orden público,80322,0.5382,Violaciones de las normas sobre intolerancia e incitación al odio,301,0.5243,Violencia sexual,11013,0.524,Crímenes de guerra,2011,0.5232,Agresión,11016,0.5206,Crimen de agresión,110132,0.5192,Destrucción o daños ilícitos a la propiedad en relación con conflictos armados,3011,0.5159,Violación,201,0.5147,Agresiones y amenazas,3012,0.5144,Agresión sexual
13021,Ofensas al pudor,8022,0.6072,Delitos de pornografía,8029,0.6021,Otros actos contrarios a las normas de conducta sexual orientadas al mantenimiento del orden público,8021,0.6017,Delitos de prostitución,802,0.5985,Actos contrarios a las normas de conducta sexual orientadas al mantenimiento del orden público,3011,0.5825,Violación,2099,0.574,Otras formas de difamación o insulto,209,0.5664,Difamación o insulto,80322,0.5596,Violaciones de las normas sobre intolerancia e incitación al odio,302,0.557,Explotación sexual,30119,0.5565,Otras formas de violación
13022,Disensiones domésticas,809,0.5309,"Otros actos contra el orden público, la autoridad y las disposiciones del Estado",20292,0.505,Matrimonio forzado,3012,0.4838,Agresión sexual,20212,0.4838,Secuestro por otro familiar,8029,0.4826,Otros actos contrarios a las normas de conducta sexual orientadas al mantenimiento del orden público,209,0.4765,Difamación o insulto,11021,0.476,Delitos en razón de la condición de menor de edad,802,0.4759,Actos contrarios a las normas de conducta sexual orientadas al mantenimiento del orden público,3011,0.4754,Violación,301,0.474,Violencia sexual
13023,Alterar el orden público,8011,0.746,Delitos relacionados con la alteración violenta del orden público,801,0.7205,Actos contrarios a las normas de conducta orientadas al mantenimiento del orden público,8012,0.695,Actos relacionados con las normas y preceptos sociales y religiosos orientados al mantenimiento del orden público,806,0.6744,Actos contra el sistema de justicia,8019,0.6635,Otros actos contrarios a las normas de conducta orientadas al mantenimiento del orden público,802,0.6628,Actos contrarios a las normas de conducta sexual orientadas al mantenimiento del orden público,8062,0.6559,Incumplimiento de órdenes judiciales,809,0.6502,"Otros actos contra el orden público, la autoridad y las disposiciones del Estado",8029,0.6371,Otros actos contrarios a las normas de conducta sexual orientadas al mantenimiento del orden público,8069,0.6345,Otros actos contra el sistema de justicia
13024,Ocultación de identidad,701,0.5792,Fraude,702,0.569,Falsificación,7023,0.5681,Actos de falsificación de documentos,7019,0.5606,Otros actos de fraude,704,0.5551,Actos relacionados con el producto del delito,5019,0.5299,Otros actos de robo con entrada ilícita,709,0.5295,"Otros actos que conllevan fraude, engaño o corrupción",7041,0.5268,Blanqueo de dinero,7049,0.5262,Otros actos relacionados con el producto del delito,20229,0.5241,Otras formas de privación de libertad
13025,Dejar animales sueltos,10091,0.6368,Actos contra los animales,2031,0.5441,Esclavitud,20229,0.5395,Otras formas de privación de libertad,2022,0.5372,Privación de libertad,10032,0.5305,Comercio o posesión de especies animales prohibidas o controladas,2029,0.5238,Otros actos contra la libertad,202,0.5224,Actos contra la libertad,4014,0.5133,Robo de ganado,20222,0.5133,Retención ilegal,11015,0.5081,Crímenes de lesa humanidad
13026,Arrojamiento de piedras u otros objetos,8011,0.594,Delitos relacionados con la alteración violenta del orden público,5041,0.5758,Daños a bienes públicos,8012,0.5715,Actos relacionados con las normas y preceptos sociales y religiosos orientados al mantenimiento del orden público,801,0.5568,Actos contrarios a las normas de conducta orientadas al mantenimiento del orden público,110132,0.5463,Destrucción o daños ilícitos a la propiedad en relación con conflictos armados,207,0.5443,Actos peligrosos,1002,0.5403,Actos relacionados con el traslado o vertimiento de desechos,907,0.5339,Infracciones de tráfico no lesivas,211,0.531,Transgresiones contra las personas,202,0.5301,Actos contra la libertad
13027,Daño (falta),5049,0.5846,Otros daños a bienes,11021,0.5485,Delitos en razón de la condición de menor de edad,1109,0.5465,Otros actos delictivos no clasificados en otra parte,110132,0.5343,Destrucción o daños ilícitos a la propiedad en relación con conflictos armados,20229,0.5325,Otras formas de privación de libertad,504,0.5312,Daños a la propiedad,206,0.5234,Negligencia,219,0.5225,Otros actos que causan daños o que tienen la intención de causar daños a las personas,5029,0.522,Otros actos de hurto,704,0.5174,Actos relacionados con el producto del delito
13028,Hurto (falta),5029,0.6622,Otros actos de hurto,5023,0.6457,Hurto de bienes comerciales,50239,0.6224,Otras formas de hurto de bienes comerciales,50229,0.6218,Otras formas de hurto de bienes personales,502,0.618,Hurto,50231,0.6119,Hurto en tiendas,501,0.6081,Robo con entrada ilícita,50221,0.6039,Hurto de bienes personales a una persona,401,0.5975,Robo,5022,0.5965,Hurto de bienes personales
13030,Amenaza con arma (falta),201,0.6142,Agresiones y amenazas,90111,0.5963,Posesión o uso ilícitos de armas de fuego,9011,0.5912,Posesión o uso de armas y explosivos,20121,0.5876,Amenaza grave,90119,0.5861,Otros actos relacionados con posesión o uso de armas y explosivos,8063,0.5846,Intención delictiva,102,0.584,Tentativa de homicidio intencional,20122,0.5815,Amenaza leve,2019,0.5782,Otras formas de agresiones y amenazas,2012,0.574,Amenaza
13031,Falta de respeto a la autoridad pública,801,0.6323,Actos contrarios a las normas de conducta orientadas al mantenimiento del orden público,809,0.6061,"Otros actos contra el orden público, la autoridad y las disposiciones del Estado",8019,0.583,Otros actos contrarios a las normas de conducta orientadas al mantenimiento del orden público,8062,0.5818,Incumplimiento de órdenes judiciales,8069,0.58,Otros actos contra el sistema de justicia,806,0.5748,Actos contra el sistema de justicia,8012,0.5665,Actos relacionados con las normas y preceptos sociales y religiosos orientados al mantenimiento del orden público,7033,0.5616,Abuso de funciones,8029,0.5536,Otros actos contrarios a las normas de conducta sexual orientadas al mantenimiento del orden público,802,0.5524,Actos contrarios a las normas de conducta sexual orientadas al mantenimiento del orden público
13032,"Malversación, defraudación e incendio por menos de 1 UTM",701,0.5884,Fraude,704,0.5849,Actos relacionados con el producto del delito,7049,0.5671,Otros actos relacionados con el producto del delito,7039,0.5602,Otros actos de corrupción,7019,0.5579,Otros actos de fraude,7011,0.5573,Fraude financiero,709,0.544,"Otros actos que conllevan fraude, engaño o corrupción",11021,0.5415,Delitos en razón de la condición de menor de edad,7032,0.5392,Malversación o peculado,70212,0.5351,Falsificación de medios de pago distintos del efectivo
13033,Riña pública,8011,0.6795,Delitos relacionados con la alteración violenta del orden público,8029,0.5823,Otros actos contrarios a las normas de conducta sexual orientadas al mantenimiento del orden público,905,0.5788,Actos relacionados con grupos delictivos organizados,8019,0.5785,Otros actos contrarios a las normas de conducta orientadas al mantenimiento del orden público,90111,0.571,Posesión o uso ilícitos de armas de fuego,8021,0.5666,Delitos de prostitución,802,0.564,Actos contrarios a las normas de conducta sexual orientadas al mantenimiento del orden público,8063,0.5639,Intención delictiva,907,0.5635,Infracciones de tráfico no lesivas,9059,0.5611,Otros actos relacionados con grupos delictivos organizados
13034,Infracción a reglamento de carruajes públicos o particulares,907,0.6048,Infracciones de tráfico no lesivas,1102,0.5311,Actos contrarios a las leyes u otras disposiciones sobre menores,801,0.5302,Actos contrarios a las normas de conducta orientadas al mantenimiento del orden público,11021,0.5299,Delitos en razón de la condición de menor de edad,2063,0.5244,Negligencia relacionada con la conducción de un vehículo,8021,0.522,Delitos de prostitución,8051,0.5217,Delitos de tráfico ilícito de migrantes,10321,0.518,Homicidio por tránsito vehicular,805,0.5096,Actos relacionados con la migración,202,0.5074,Actos contra la libertad
13035,Desórdenes en espectáculos públicos,8011,0.6797,Delitos relacionados con la alteración violenta del orden público,8012,0.6717,Actos relacionados con las normas y preceptos sociales y religiosos orientados al mantenimiento del orden público,801,0.6629,Actos contrarios a las normas de conducta orientadas al mantenimiento del orden público,8019,0.656,Otros actos contrarios a las normas de conducta orientadas al mantenimiento del orden público,8029,0.6541,Otros actos contrarios a las normas de conducta sexual orientadas al mantenimiento del orden público,802,0.6386,Actos contrarios a las normas de conducta sexual orientadas al mantenimiento del orden público,8021,0.6322,Delitos de prostitución,8032,0.6185,Actos relacionados con expresiones de creencias y normas sociales controladas,8022,0.6166,Delitos de pornografía,803,0.6124,Actos relacionados con la libertad de expresión o el control de la expresión
13036,Lesiones leves 494 nº 5 Código Penal,20112,0.598,Agresión leve,2069,0.5719,Otros actos de negligencia,206,0.5681,Negligencia,1109,0.5523,Otros actos delictivos no clasificados en otra parte,207,0.5517,Actos peligrosos,907,0.5468,Infracciones de tráfico no lesivas,11021,0.542,Delitos en razón de la condición de menor de edad,20122,0.5389,Amenaza leve,1102,0.5297,Actos contrarios a las leyes u otras disposiciones sobre menores,20611,0.5265,Negligencia en situaciones de menores bajo cuidado
13037,Caza y pesca con violencia,10042,0.6466,"Caza, pesca o recolección ilegales de fauna y flora silvestres",11012,0.6026,Piratería,11013,0.5879,Crímenes de guerra,110131,0.5862,Homicidio o tentativa de causar la muerte o lesiones graves de forma ilícita en conflictos armados,10032,0.585,Comercio o posesión de especies animales prohibidas o controladas,10091,0.5813,Actos contra los animales,3011,0.5771,Violación,401,0.5732,Robo,301,0.5723,Violencia sexual,30112,0.5719,Violación sin uso de la fuerza
13038,Ganado que entra a predio ajeno causando daños,4014,0.528,Robo de ganado,501,0.5278,Robo con entrada ilícita,10091,0.5273,Actos contra los animales,110132,0.5201,Destrucción o daños ilícitos a la propiedad en relación con conflictos armados,504,0.5198,Daños a la propiedad,509,0.5196,Otros actos contra la propiedad solamente,5025,0.5156,Hurto de ganado,10032,0.5027,Comercio o posesión de especies animales prohibidas o controladas,5049,0.4938,Otros daños a bienes,5019,0.485,Otros actos de robo con entrada ilícita
13049,Obstrucción a la investigación de delito o infracción de la Ley de Violencia en los Estadios,8061,0.5529,Obstrucción de la justicia,8011,0.5258,Delitos relacionados con la alteración violenta del orden público,3011,0.5066,Violación,301,0.4977,Violencia sexual,80322,0.4849,Violaciones de las normas sobre intolerancia e incitación al odio,30112,0.4848,Violación sin uso de la fuerza,211,0.4833,Transgresiones contra las personas,90321,0.4794,Injerencia ilícita en sistemas informáticos,209,0.4793,Difamación o insulto,907,0.4784,Infracciones de tráfico no lesivas
13050,Lesiones a las personas o daño a la propiedad con motivo u ocasión de un espectáculo de fútbol profesional,207,0.5868,Actos peligrosos,8011,0.5744,Delitos relacionados con la alteración violenta del orden público,2079,0.5675,Otros actos peligrosos,201,0.5653,Agresiones y amenazas,110132,0.56,Destrucción o daños ilícitos a la propiedad en relación con conflictos armados,2011,0.5584,Agresión,907,0.5477,Infracciones de tráfico no lesivas,20111,0.5466,Agresión grave,504,0.5463,Daños a la propiedad,219,0.5424,Otros actos que causan daños o que tienen la intención de causar daños a las personas
13051,Otros delitos sobre Ley 19.327 sobre Violencia en los Estadios,8011,0.5901,Delitos relacionados con la alteración violenta del orden público,301,0.5276,Violencia sexual,11013,0.5176,Crímenes de guerra,80322,0.5174,Violaciones de las normas sobre intolerancia e incitación al odio,3012,0.5143,Agresión sexual,3011,0.5126,Violación,11016,0.5108,Crimen de agresión,401,0.5098,Robo,110133,0.5045,Violencia sexual relacionada con conflictos armados,3019,0.5025,Otros actos de violencia sexual
13052,Ocultación de identidad en control investigativo,7023,0.5865,Actos de falsificación de documentos,701,0.5682,Fraude,702,0.5651,Falsificación,7019,0.5503,Otros actos de fraude,704,0.5255,Actos relacionados con el producto del delito,8059,0.5166,Otros actos ilícitos relacionados con la migración,5019,0.5072,Otros actos de robo con entrada ilícita,8051,0.5036,Delitos de tráfico ilícito de migrantes,7021,0.5028,Falsificación de medios de pago,7041,0.4999,Blanqueo de dinero
13053,Ocultación de identidad en control preventivo,7023,0.5372,Actos de falsificación de documentos,8051,0.5166,Delitos de tráfico ilícito de migrantes,2021,0.5113,Secuestro de menores,2022,0.5096,Privación de libertad,702,0.5061,Falsificación,701,0.5005,Fraude,20222,0.499,Retención ilegal,7041,0.4923,Blanqueo de dinero,8059,0.4906,Otros actos ilícitos relacionados con la migración,601,0.4902,Actos ilícitos relacionados con drogas o precursores sujetos a fiscalización
13096,Dirigir reuniones tumultuosas,8011,0.7166,Delitos relacionados con la alteración violenta del orden público,8019,0.6636,Otros actos contrarios a las normas de conducta orientadas al mantenimiento del orden público,8012,0.6477,Actos relacionados con las normas y preceptos sociales y religiosos orientados al mantenimiento del orden público,801,0.6358,Actos contrarios a las normas de conducta orientadas al mantenimiento del orden público,80322,0.604,Violaciones de las normas sobre intolerancia e incitación al odio,905,0.603,Actos relacionados con grupos delictivos organizados,202,0.594,Actos contra la libertad,803,0.5916,Actos relacionados con la libertad de expresión o el control de la expresión,8029,0.5886,Otros actos contrarios a las normas de conducta sexual orientadas al mantenimiento del orden público,802,0.5823,Actos contrarios a las normas de conducta sexual orientadas al mantenimiento del orden público
13097,Otras faltas Código Penal,1109,0.6305,Otros actos delictivos no clasificados en otra parte,11019,0.5645,Otros actos bajo jurisdicción universal,11021,0.5631,Delitos en razón de la condición de menor de edad,1102,0.5366,Actos contrarios a las leyes u otras disposiciones sobre menores,11029,0.5202,Otros actos contrarios a las leyes u otras disposiciones sobre menores,7039,0.5079,Otros actos de corrupción,20229,0.5072,Otras formas de privación de libertad,1101,0.5051,Actos bajo jurisdicción universal,30119,0.5036,Otras formas de violación,709,0.5012,"Otros actos que conllevan fraude, engaño o corrupción"
13098,Otras faltas leyes especiales,1109,0.5834,Otros actos delictivos no clasificados en otra parte,1102,0.5616,Actos contrarios a las leyes u otras disposiciones sobre menores,11021,0.5559,Delitos en razón de la condición de menor de edad,11019,0.5502,Otros actos bajo jurisdicción universal,11029,0.5164,Otros actos contrarios a las leyes u otras disposiciones sobre menores,709,0.5014,"Otros actos que conllevan fraude, engaño o corrupción",1101,0.4999,Actos bajo jurisdicción universal,704,0.4969,Actos relacionados con el producto del delito,7039,0.4902,Otros actos de corrupción,106,0.4872,Feticidio ilegal
13099,Otros que no dan motivo a ingreso de sumario,11021,0.5733,Delitos en razón de la condición de menor de edad,1109,0.5129,Otros actos delictivos no clasificados en otra parte,5019,0.5046,Otros actos de robo con entrada ilícita,11019,0.4943,Otros actos bajo jurisdicción universal,1102,0.4911,Actos contrarios a las leyes u otras disposiciones sobre menores,704,0.4897,Actos relacionados con el producto del delito,8062,0.4833,Incumplimiento de órdenes judiciales,804,0.4782,Actos contrarios a las disposiciones relativas a los ingresos públicos u otras disposiciones regulatorias,8041,0.4767,Actos contrarios a las disposiciones relativas a los ingresos públicos,20229,0.4742,Otras formas de privación de libertad
13100,Impedir ejercicio de funciones a inspectores municipales,7033,0.5914,Abuso de funciones,804,0.549,Actos contrarios a las disposiciones relativas a los ingresos públicos u otras disposiciones regulatorias,8041,0.5276,Actos contrarios a las disposiciones relativas a los ingresos públicos,8061,0.5243,Obstrucción de la justicia,806,0.5101,Actos contra el sistema de justicia,801,0.5005,Actos contrarios a las normas de conducta orientadas al mantenimiento del orden público,703,0.499,Corrupción,8069,0.4952,Otros actos contra el sistema de justicia,7032,0.4848,Malversación o peculado,7031,0.4839,Soborno
13101,Transporte de desechos a vertederos clandestinos,1002,0.6937,Actos relacionados con el traslado o vertimiento de desechos,10021,0.6518,Actos relacionados con el traslado o vertimiento de desechos dentro de las fronteras nacionales,10022,0.647,Actos relacionados con el traslado o vertimiento transfronterizos de desechos,90123,0.5474,"Tráfico de materiales químicos, biológicos o radiactivos",2071,0.5453,Actos que ponen en peligro la salud,90129,0.531,Otros actos relacionados con el tráfico de armas y explosivos,2119,0.5298,Otras transgresiones contra las personas,8051,0.5255,Delitos de tráfico ilícito de migrantes,60121,0.5204,Tráfico ilícito de drogas sujetas a fiscalización no destinadas al consumo personal,902,0.5195,Actos contra la salud y la seguridad
13103,Perro potencialmente peligroso no inscrito,10091,0.5727,Actos contra los animales,10032,0.5312,Comercio o posesión de especies animales prohibidas o controladas,4014,0.4837,Robo de ganado,207,0.4669,Actos peligrosos,206,0.4587,Negligencia,907,0.4583,Infracciones de tráfico no lesivas,2071,0.4576,Actos que ponen en peligro la salud,1109,0.4528,Otros actos delictivos no clasificados en otra parte,2079,0.4523,Otros actos peligrosos,211,0.4508,Transgresiones contra las personas
13104,"Arrojar basura o desechos en playas, parques nacionales u otros",1002,0.6076,Actos relacionados con el traslado o vertimiento de desechos,10019,0.5948,Otros actos que causan contaminación o degradación del medio ambiente,1001,0.5887,Actos que causan contaminación o degradación del medio ambiente,1009,0.5848,Otros actos contra el entorno natural,10021,0.5841,Actos relacionados con el traslado o vertimiento de desechos dentro de las fronteras nacionales,10022,0.5794,Actos relacionados con el traslado o vertimiento transfronterizos de desechos,1004,0.5557,Actos que provocan el agotamiento o la degradación de los recursos naturales,801,0.5462,Actos contrarios a las normas de conducta orientadas al mantenimiento del orden público,10099,0.527,Otros actos contra el entorno natural,10012,0.5236,Actos que causan la contaminación o degradación del agua
13105,Impedir acceso a playas,11012,0.5391,Piratería,202,0.5215,Actos contra la libertad,3011,0.5133,Violación,8042,0.5064,Actos contrarios a disposiciones comerciales o financieras,804,0.497,Actos contrarios a las disposiciones relativas a los ingresos públicos u otras disposiciones regulatorias,8021,0.4969,Delitos de prostitución,8041,0.4959,Actos contrarios a las disposiciones relativas a los ingresos públicos,30113,0.4936,Violación por presunción legal,907,0.4892,Infracciones de tráfico no lesivas,302,0.4847,Explotación sexual
13106,No informar domicilio por delitos sexuales (NNA),802,0.4722,Actos contrarios a las normas de conducta sexual orientadas al mantenimiento del orden público,3022,0.4669,Explotación sexual de menores,301,0.4554,Violencia sexual,30223,0.4497,Captación de menores con fines sexuales,302,0.4491,Explotación sexual,30113,0.4474,Violación por presunción legal,3012,0.4438,Agresión sexual,8021,0.4417,Delitos de prostitución,2021,0.4406,Secuestro de menores,3011,0.4384,Violación
14001,Conducción estado de ebriedad con resultado de muerte o lesiones graves gravísimas,10321,0.6763,Homicidio por tránsito vehicular,2072,0.6401,Utilización de un vehículo bajo los efectos de sustancias psicoactivas,20722,0.612,Utilización de un vehículo bajo los efectos de drogas ilícitas,20729,0.606,Utilización de un vehículo bajo los efectos de otras sustancias psicoactivas,907,0.5973,Infracciones de tráfico no lesivas,10322,0.5813,Homicidio no ocasionado por tránsito vehicular,20721,0.5799,Utilización de un vehículo bajo los efectos del alcohol,602,0.5751,"Actos ilícitos relacionados con bebidas alcohólicas, tabaco u otras sustancias sujetas a fiscalización",1032,0.5653,Homicidio culposo,60212,0.5511,"Producción, tráfico o distribución ilícitos de productos alcohólicos"
14002,Conducción estado de ebriedad con resultado de lesiones graves o menos graves,2072,0.6691,Utilización de un vehículo bajo los efectos de sustancias psicoactivas,20722,0.6481,Utilización de un vehículo bajo los efectos de drogas ilícitas,20729,0.6299,Utilización de un vehículo bajo los efectos de otras sustancias psicoactivas,907,0.6295,Infracciones de tráfico no lesivas,10321,0.6259,Homicidio por tránsito vehicular,20721,0.6183,Utilización de un vehículo bajo los efectos del alcohol,602,0.5995,"Actos ilícitos relacionados con bebidas alcohólicas, tabaco u otras sustancias sujetas a fiscalización",6021,0.5747,"Producción, manipulación, posesión o uso ilícitos de productos alcohólicos",60212,0.5736,"Producción, tráfico o distribución ilícitos de productos alcohólicos",60121,0.5671,Tráfico ilícito de drogas sujetas a fiscalización no destinadas al consumo personal
14003,Conducción estado de ebriedad con resultado de daños,2072,0.6567,Utilización de un vehículo bajo los efectos de sustancias psicoactivas,20722,0.6455,Utilización de un vehículo bajo los efectos de drogas ilícitas,20721,0.6102,Utilización de un vehículo bajo los efectos del alcohol,20729,0.6095,Utilización de un vehículo bajo los efectos de otras sustancias psicoactivas,10321,0.6043,Homicidio por tránsito vehicular,602,0.6027,"Actos ilícitos relacionados con bebidas alcohólicas, tabaco u otras sustancias sujetas a fiscalización",907,0.5916,Infracciones de tráfico no lesivas,60212,0.5881,"Producción, tráfico o distribución ilícitos de productos alcohólicos",6021,0.5853,"Producción, manipulación, posesión o uso ilícitos de productos alcohólicos",60121,0.5692,Tráfico ilícito de drogas sujetas a fiscalización no destinadas al consumo personal
14004,Conducción estado de ebriedad con suspensión de licencia,2072,0.6859,Utilización de un vehículo bajo los efectos de sustancias psicoactivas,20722,0.6584,Utilización de un vehículo bajo los efectos de drogas ilícitas,602,0.6541,"Actos ilícitos relacionados con bebidas alcohólicas, tabaco u otras sustancias sujetas a fiscalización",20729,0.6372,Utilización de un vehículo bajo los efectos de otras sustancias psicoactivas,6029,0.6217,"Otros actos ilícitos relacionados con bebidas alcohólicas, tabaco u otras sustancias sujetas a fiscalización",6021,0.6163,"Producción, manipulación, posesión o uso ilícitos de productos alcohólicos",60121,0.6116,Tráfico ilícito de drogas sujetas a fiscalización no destinadas al consumo personal,60212,0.6073,"Producción, tráfico o distribución ilícitos de productos alcohólicos",20721,0.6013,Utilización de un vehículo bajo los efectos del alcohol,601,0.601,Actos ilícitos relacionados con drogas o precursores sujetos a fiscalización
14005,Negativa a efectuarse examen,602,0.5937,"Actos ilícitos relacionados con bebidas alcohólicas, tabaco u otras sustancias sujetas a fiscalización",10321,0.588,Homicidio por tránsito vehicular,907,0.5753,Infracciones de tráfico no lesivas,6029,0.5726,"Otros actos ilícitos relacionados con bebidas alcohólicas, tabaco u otras sustancias sujetas a fiscalización",2072,0.5624,Utilización de un vehículo bajo los efectos de sustancias psicoactivas,60121,0.5577,Tráfico ilícito de drogas sujetas a fiscalización no destinadas al consumo personal,60212,0.5566,"Producción, tráfico o distribución ilícitos de productos alcohólicos",60129,0.5401,"Otros actos ilícitos de tráfico, cultivo o producción de drogas o precursores sujetos a fiscalización no destinados al consumo personal",6012,0.532,"Tráfico, cultivo o producción ilícitos de drogas o precursores sujetos a fiscalización no destinados al consumo personal",601,0.5278,Actos ilícitos relacionados con drogas o precursores sujetos a fiscalización
14006,Conducción estado ebriedad con resultado de muerte,10321,0.6785,Homicidio por tránsito vehicular,2072,0.6311,Utilización de un vehículo bajo los efectos de sustancias psicoactivas,20722,0.6014,Utilización de un vehículo bajo los efectos de drogas ilícitas,20729,0.5994,Utilización de un vehículo bajo los efectos de otras sustancias psicoactivas,602,0.5874,"Actos ilícitos relacionados con bebidas alcohólicas, tabaco u otras sustancias sujetas a fiscalización",10322,0.5837,Homicidio no ocasionado por tránsito vehicular,103,0.5762,Homicidio no intencional,1032,0.5747,Homicidio culposo,101,0.5665,Homicidio intencional,106,0.5653,Feticidio ilegal
14007,Conducción estado ebriedad con resultado de lesiones graves gravísimas,2072,0.694,Utilización de un vehículo bajo los efectos de sustancias psicoactivas,20722,0.6662,Utilización de un vehículo bajo los efectos de drogas ilícitas,20729,0.6554,Utilización de un vehículo bajo los efectos de otras sustancias psicoactivas,10321,0.6357,Homicidio por tránsito vehicular,20721,0.6268,Utilización de un vehículo bajo los efectos del alcohol,907,0.6148,Infracciones de tráfico no lesivas,602,0.6074,"Actos ilícitos relacionados con bebidas alcohólicas, tabaco u otras sustancias sujetas a fiscalización",60212,0.5757,"Producción, tráfico o distribución ilícitos de productos alcohólicos",6029,0.5748,"Otros actos ilícitos relacionados con bebidas alcohólicas, tabaco u otras sustancias sujetas a fiscalización",6021,0.5735,"Producción, manipulación, posesión o uso ilícitos de productos alcohólicos"
14008,Conducción estado de ebriedad con resultado de lesiones graves,2072,0.6745,Utilización de un vehículo bajo los efectos de sustancias psicoactivas,20722,0.6504,Utilización de un vehículo bajo los efectos de drogas ilícitas,10321,0.6367,Homicidio por tránsito vehicular,20729,0.6366,Utilización de un vehículo bajo los efectos de otras sustancias psicoactivas,907,0.6234,Infracciones de tráfico no lesivas,20721,0.6229,Utilización de un vehículo bajo los efectos del alcohol,602,0.5772,"Actos ilícitos relacionados con bebidas alcohólicas, tabaco u otras sustancias sujetas a fiscalización",60212,0.556,"Producción, tráfico o distribución ilícitos de productos alcohólicos",2063,0.5559,Negligencia relacionada con la conducción de un vehículo,6021,0.549,"Producción, manipulación, posesión o uso ilícitos de productos alcohólicos"
14009,Conducción estado ebriedad con resultado de lesiones menos graves,2072,0.6639,Utilización de un vehículo bajo los efectos de sustancias psicoactivas,907,0.657,Infracciones de tráfico no lesivas,20722,0.6491,Utilización de un vehículo bajo los efectos de drogas ilícitas,20721,0.6314,Utilización de un vehículo bajo los efectos del alcohol,20729,0.6164,Utilización de un vehículo bajo los efectos de otras sustancias psicoactivas,10321,0.61,Homicidio por tránsito vehicular,11021,0.5959,Delitos en razón de la condición de menor de edad,602,0.5925,"Actos ilícitos relacionados con bebidas alcohólicas, tabaco u otras sustancias sujetas a fiscalización",60212,0.5738,"Producción, tráfico o distribución ilícitos de productos alcohólicos",6021,0.5672,"Producción, manipulación, posesión o uso ilícitos de productos alcohólicos"
14020,Cuasidelito vehículo motorizado,10321,0.7493,Homicidio por tránsito vehicular,907,0.7124,Infracciones de tráfico no lesivas,2063,0.6945,Negligencia relacionada con la conducción de un vehículo,2072,0.6627,Utilización de un vehículo bajo los efectos de sustancias psicoactivas,10322,0.6508,Homicidio no ocasionado por tránsito vehicular,20729,0.6417,Utilización de un vehículo bajo los efectos de otras sustancias psicoactivas,1032,0.6096,Homicidio culposo,20721,0.6096,Utilización de un vehículo bajo los efectos del alcohol,103,0.6051,Homicidio no intencional,20722,0.6047,Utilización de un vehículo bajo los efectos de drogas ilícitas
14021,Marcharse del sitio del suceso sin prestar auxilio a la víctima,10321,0.6586,Homicidio por tránsito vehicular,907,0.6387,Infracciones de tráfico no lesivas,10322,0.6018,Homicidio no ocasionado por tránsito vehicular,2069,0.5851,Otros actos de negligencia,2063,0.5787,Negligencia relacionada con la conducción de un vehículo,103,0.5651,Homicidio no intencional,1032,0.5561,Homicidio culposo,104,0.546,Suicidio asistido o incitación al suicidio,1031,0.5384,Homicidio no culposo,206,0.5378,Negligencia
14022,Ocultamiento de placa patente,907,0.6266,Infracciones de tráfico no lesivas,7023,0.5706,Actos de falsificación de documentos,7022,0.5588,Delitos relacionados con productos falsificados,10321,0.553,Homicidio por tránsito vehicular,8051,0.5484,Delitos de tráfico ilícito de migrantes,60121,0.5446,Tráfico ilícito de drogas sujetas a fiscalización no destinadas al consumo personal,702,0.5439,Falsificación,60129,0.5383,"Otros actos ilícitos de tráfico, cultivo o producción de drogas o precursores sujetos a fiscalización no destinados al consumo personal",602,0.5368,"Actos ilícitos relacionados con bebidas alcohólicas, tabaco u otras sustancias sujetas a fiscalización",601,0.5336,Actos ilícitos relacionados con drogas o precursores sujetos a fiscalización
14050,Otros delitos contra la ley de alcoholes,60212,0.66,"Producción, tráfico o distribución ilícitos de productos alcohólicos",602,0.6509,"Actos ilícitos relacionados con bebidas alcohólicas, tabaco u otras sustancias sujetas a fiscalización",6021,0.6337,"Producción, manipulación, posesión o uso ilícitos de productos alcohólicos",60121,0.6289,Tráfico ilícito de drogas sujetas a fiscalización no destinadas al consumo personal,11021,0.6276,Delitos en razón de la condición de menor de edad,60219,0.6252,"Otros actos ilícitos de producción, manipulación, posesión o uso de productos alcohólicos",6029,0.6133,"Otros actos ilícitos relacionados con bebidas alcohólicas, tabaco u otras sustancias sujetas a fiscalización",60129,0.5969,"Otros actos ilícitos de tráfico, cultivo o producción de drogas o precursores sujetos a fiscalización no destinados al consumo personal",60211,0.595,Posesión o uso ilícitos de productos alcohólicos,601,0.5922,Actos ilícitos relacionados con drogas o precursores sujetos a fiscalización
14051,Ebriedad,60121,0.6385,Tráfico ilícito de drogas sujetas a fiscalización no destinadas al consumo personal,602,0.6056,"Actos ilícitos relacionados con bebidas alcohólicas, tabaco u otras sustancias sujetas a fiscalización",8051,0.5948,Delitos de tráfico ilícito de migrantes,6012,0.5869,"Tráfico, cultivo o producción ilícitos de drogas o precursores sujetos a fiscalización no destinados al consumo personal",60212,0.586,"Producción, tráfico o distribución ilícitos de productos alcohólicos",601,0.577,Actos ilícitos relacionados con drogas o precursores sujetos a fiscalización,60222,0.5746,"Producción, tráfico o distribución ilícitos de productos de tabaco",60129,0.5696,"Otros actos ilícitos de tráfico, cultivo o producción de drogas o precursores sujetos a fiscalización no destinados al consumo personal",6021,0.5622,"Producción, manipulación, posesión o uso ilícitos de productos alcohólicos",11021,0.5593,Delitos en razón de la condición de menor de edad
14052,Conducción estado de ebriedad con o sin daños o lesiones leves,2072,0.6727,Utilización de un vehículo bajo los efectos de sustancias psicoactivas,20722,0.6561,Utilización de un vehículo bajo los efectos de drogas ilícitas,602,0.6301,"Actos ilícitos relacionados con bebidas alcohólicas, tabaco u otras sustancias sujetas a fiscalización",20729,0.6191,Utilización de un vehículo bajo los efectos de otras sustancias psicoactivas,20721,0.612,Utilización de un vehículo bajo los efectos del alcohol,907,0.6096,Infracciones de tráfico no lesivas,6029,0.6053,"Otros actos ilícitos relacionados con bebidas alcohólicas, tabaco u otras sustancias sujetas a fiscalización",6021,0.6005,"Producción, manipulación, posesión o uso ilícitos de productos alcohólicos",60121,0.5951,Tráfico ilícito de drogas sujetas a fiscalización no destinadas al consumo personal,60212,0.5926,"Producción, tráfico o distribución ilícitos de productos alcohólicos"
14053,Expendio de bebidas alcohólicas,602,0.6627,"Actos ilícitos relacionados con bebidas alcohólicas, tabaco u otras sustancias sujetas a fiscalización",60212,0.6546,"Producción, tráfico o distribución ilícitos de productos alcohólicos",6021,0.6545,"Producción, manipulación, posesión o uso ilícitos de productos alcohólicos",6029,0.6206,"Otros actos ilícitos relacionados con bebidas alcohólicas, tabaco u otras sustancias sujetas a fiscalización",60219,0.6204,"Otros actos ilícitos de producción, manipulación, posesión o uso de productos alcohólicos",60121,0.6174,Tráfico ilícito de drogas sujetas a fiscalización no destinadas al consumo personal,60211,0.6116,Posesión o uso ilícitos de productos alcohólicos,8051,0.5638,Delitos de tráfico ilícito de migrantes,6012,0.562,"Tráfico, cultivo o producción ilícitos de drogas o precursores sujetos a fiscalización no destinados al consumo personal",601,0.5608,Actos ilícitos relacionados con drogas o precursores sujetos a fiscalización
14054,Consumo de bebidas alcohólicas en la vía pública,602,0.6301,"Actos ilícitos relacionados con bebidas alcohólicas, tabaco u otras sustancias sujetas a fiscalización",60212,0.6194,"Producción, tráfico o distribución ilícitos de productos alcohólicos",6021,0.6147,"Producción, manipulación, posesión o uso ilícitos de productos alcohólicos",907,0.6063,Infracciones de tráfico no lesivas,60219,0.5921,"Otros actos ilícitos de producción, manipulación, posesión o uso de productos alcohólicos",60121,0.592,Tráfico ilícito de drogas sujetas a fiscalización no destinadas al consumo personal,6029,0.5826,"Otros actos ilícitos relacionados con bebidas alcohólicas, tabaco u otras sustancias sujetas a fiscalización",60211,0.5785,Posesión o uso ilícitos de productos alcohólicos,2072,0.5777,Utilización de un vehículo bajo los efectos de sustancias psicoactivas,20721,0.5717,Utilización de un vehículo bajo los efectos del alcohol
14055,Reclamo de clausura,8051,0.5221,Delitos de tráfico ilícito de migrantes,20222,0.5179,Retención ilegal,2022,0.5172,Privación de libertad,8062,0.5125,Incumplimiento de órdenes judiciales,805,0.4963,Actos relacionados con la migración,1002,0.4944,Actos relacionados con el traslado o vertimiento de desechos,10022,0.4944,Actos relacionados con el traslado o vertimiento transfronterizos de desechos,806,0.4906,Actos contra el sistema de justicia,10021,0.4874,Actos relacionados con el traslado o vertimiento de desechos dentro de las fronteras nacionales,907,0.4861,Infracciones de tráfico no lesivas
14056,Atentado a vehículo motorizado en circulación con objeto contundente u otro semejante,10321,0.6646,Homicidio por tránsito vehicular,40121,0.634,Robo de automóviles o vehículos,50219,0.6255,Otras formas de hurto de vehículos de motor o de sus piezas,907,0.6244,Infracciones de tráfico no lesivas,20223,0.6089,Secuestro de vehículos,50211,0.6035,Hurto de vehículos terrestres de motor,20729,0.5991,Utilización de un vehículo bajo los efectos de otras sustancias psicoactivas,40129,0.5945,Otras formas de robo de objetos de valor o bienes en tránsito,5021,0.5941,Hurto de vehículos de motor o de sus piezas,2072,0.5919,Utilización de un vehículo bajo los efectos de sustancias psicoactivas
14057,Conducir vehículo durante la vigencia de alguna sanción impuesta,907,0.6176,Infracciones de tráfico no lesivas,10321,0.6127,Homicidio por tránsito vehicular,2072,0.5847,Utilización de un vehículo bajo los efectos de sustancias psicoactivas,20729,0.5561,Utilización de un vehículo bajo los efectos de otras sustancias psicoactivas,2063,0.5405,Negligencia relacionada con la conducción de un vehículo,60121,0.5334,Tráfico ilícito de drogas sujetas a fiscalización no destinadas al consumo personal,20223,0.5314,Secuestro de vehículos,60129,0.5288,"Otros actos ilícitos de tráfico, cultivo o producción de drogas o precursores sujetos a fiscalización no destinados al consumo personal",20722,0.5247,Utilización de un vehículo bajo los efectos de drogas ilícitas,50212,0.5197,Utilización ilegal de vehículos terrestres de motor
14060,Otros delitos contra la Ley de Tránsito,907,0.7048,Infracciones de tráfico no lesivas,10321,0.6388,Homicidio por tránsito vehicular,11021,0.618,Delitos en razón de la condición de menor de edad,1102,0.6162,Actos contrarios a las leyes u otras disposiciones sobre menores,1109,0.6035,Otros actos delictivos no clasificados en otra parte,60121,0.5874,Tráfico ilícito de drogas sujetas a fiscalización no destinadas al consumo personal,8051,0.58,Delitos de tráfico ilícito de migrantes,11029,0.5618,Otros actos contrarios a las leyes u otras disposiciones sobre menores,60129,0.561,"Otros actos ilícitos de tráfico, cultivo o producción de drogas o precursores sujetos a fiscalización no destinados al consumo personal",805,0.5498,Actos relacionados con la migración
14062,Falsificación medios de pago de transportes. Art. 196 quáter Ley 18.290,70212,0.6794,Falsificación de medios de pago distintos del efectivo,70211,0.6673,Falsificación de medios de pago en efectivo,7021,0.6633,Falsificación de medios de pago,7023,0.585,Actos de falsificación de documentos,702,0.5488,Falsificación,7034,0.5183,Tráfico de influencias,7011,0.5119,Fraude financiero,8051,0.5045,Delitos de tráfico ilícito de migrantes,7019,0.5044,Otros actos de fraude,60121,0.4988,Tráfico ilícito de drogas sujetas a fiscalización no destinadas al consumo personal
14063,Falsificación de medios de pago de transporte. Art. 196 quinquies Ley del Tránsito,70212,0.6945,Falsificación de medios de pago distintos del efectivo,7021,0.6888,Falsificación de medios de pago,70211,0.6866,Falsificación de medios de pago en efectivo,7023,0.6381,Actos de falsificación de documentos,702,0.5989,Falsificación,8051,0.5569,Delitos de tráfico ilícito de migrantes,7034,0.5493,Tráfico de influencias,907,0.5443,Infracciones de tráfico no lesivas,7011,0.5418,Fraude financiero,7019,0.5418,Otros actos de fraude
14064,Comercialización de dispositivos falsificados,7021,0.763,Falsificación de medios de pago,70211,0.7536,Falsificación de medios de pago en efectivo,70212,0.7531,Falsificación de medios de pago distintos del efectivo,702,0.6735,Falsificación,7023,0.6472,Actos de falsificación de documentos,7022,0.633,Delitos relacionados con productos falsificados,7029,0.6101,Otros actos de falsificación,704,0.5989,Actos relacionados con el producto del delito,7019,0.5916,Otros actos de fraude,7011,0.5909,Fraude financiero
14065,Mal uso de información de medios tecnológicos de transporte público,9032,0.5808,Injerencia ilícita en sistemas o datos informáticos,9033,0.5545,Interceptación o acceso ilícitos a datos informáticos,90322,0.5499,Injerencia ilícita en datos informáticos,903,0.5443,Actos contra sistemas informáticos,9031,0.5156,Acceso ilícito a sistemas informáticos,90321,0.5136,Injerencia ilícita en sistemas informáticos,907,0.4971,Infracciones de tráfico no lesivas,7034,0.4882,Tráfico de influencias,9039,0.4791,Otros actos contra sistemas informáticos,8051,0.472,Delitos de tráfico ilícito de migrantes
14066,Lesionar o amenazar a fiscalizador de transportes,907,0.581,Infracciones de tráfico no lesivas,808,0.525,Actos contrarios al derecho laboral,40129,0.5235,Otras formas de robo de objetos de valor o bienes en tránsito,40121,0.517,Robo de automóviles o vehículos,10321,0.5107,Homicidio por tránsito vehicular,4012,0.5092,Robo de objetos de valor o bienes en tránsito,8051,0.5021,Delitos de tráfico ilícito de migrantes,8082,0.5017,Violaciones del derecho laboral individual,9021,0.4977,Actos contra la salud y la seguridad en el trabajo,902,0.4909,Actos contra la salud y la seguridad
14087,Conducción en carreras no autorizadas con o sin daños o lesiones leves,907,0.699,Infracciones de tráfico no lesivas,2072,0.6003,Utilización de un vehículo bajo los efectos de sustancias psicoactivas,10321,0.5976,Homicidio por tránsito vehicular,60129,0.5777,"Otros actos ilícitos de tráfico, cultivo o producción de drogas o precursores sujetos a fiscalización no destinados al consumo personal",2063,0.5768,Negligencia relacionada con la conducción de un vehículo,20722,0.5765,Utilización de un vehículo bajo los efectos de drogas ilícitas,20729,0.5656,Utilización de un vehículo bajo los efectos de otras sustancias psicoactivas,60121,0.5653,Tráfico ilícito de drogas sujetas a fiscalización no destinadas al consumo personal,1102,0.549,Actos contrarios a las leyes u otras disposiciones sobre menores,6012,0.5432,"Tráfico, cultivo o producción ilícitos de drogas o precursores sujetos a fiscalización no destinados al consumo personal"
14088,Conducción en carreras no autorizadas causando lesiones menos graves o graves,907,0.721,Infracciones de tráfico no lesivas,2072,0.6267,Utilización de un vehículo bajo los efectos de sustancias psicoactivas,10321,0.6152,Homicidio por tránsito vehicular,20722,0.6034,Utilización de un vehículo bajo los efectos de drogas ilícitas,20729,0.5956,Utilización de un vehículo bajo los efectos de otras sustancias psicoactivas,2063,0.5913,Negligencia relacionada con la conducción de un vehículo,1102,0.5851,Actos contrarios a las leyes u otras disposiciones sobre menores,60129,0.5778,"Otros actos ilícitos de tráfico, cultivo o producción de drogas o precursores sujetos a fiscalización no destinados al consumo personal",20721,0.5679,Utilización de un vehículo bajo los efectos del alcohol,11021,0.5679,Delitos en razón de la condición de menor de edad
14089,Conducción en carreras no autorizadas causando lesiones gravísimas o la muerte,10321,0.6726,Homicidio por tránsito vehicular,907,0.652,Infracciones de tráfico no lesivas,2072,0.6006,Utilización de un vehículo bajo los efectos de sustancias psicoactivas,10322,0.5799,Homicidio no ocasionado por tránsito vehicular,20729,0.5732,Utilización de un vehículo bajo los efectos de otras sustancias psicoactivas,20722,0.5693,Utilización de un vehículo bajo los efectos de drogas ilícitas,2063,0.5619,Negligencia relacionada con la conducción de un vehículo,103,0.559,Homicidio no intencional,1032,0.5454,Homicidio culposo,106,0.5377,Feticidio ilegal
14090,Organizar carreras no autorizadas,60121,0.6151,Tráfico ilícito de drogas sujetas a fiscalización no destinadas al consumo personal,8051,0.5868,Delitos de tráfico ilícito de migrantes,60129,0.5849,"Otros actos ilícitos de tráfico, cultivo o producción de drogas o precursores sujetos a fiscalización no destinados al consumo personal",907,0.5763,Infracciones de tráfico no lesivas,6012,0.5738,"Tráfico, cultivo o producción ilícitos de drogas o precursores sujetos a fiscalización no destinados al consumo personal",601,0.5587,Actos ilícitos relacionados con drogas o precursores sujetos a fiscalización,8021,0.5485,Delitos de prostitución,602,0.5448,"Actos ilícitos relacionados con bebidas alcohólicas, tabaco u otras sustancias sujetas a fiscalización",60123,0.5352,Cultivo ilícito de drogas sujetas a fiscalización no destinadas al consumo personal,10321,0.5319,Homicidio por tránsito vehicular
14091,Facilitar vehículos motorizados para la participación en carreras clandestinas,60121,0.5768,Tráfico ilícito de drogas sujetas a fiscalización no destinadas al consumo personal,2072,0.5503,Utilización de un vehículo bajo los efectos de sustancias psicoactivas,8051,0.5444,Delitos de tráfico ilícito de migrantes,60129,0.5437,"Otros actos ilícitos de tráfico, cultivo o producción de drogas o precursores sujetos a fiscalización no destinados al consumo personal",20722,0.5429,Utilización de un vehículo bajo los efectos de drogas ilícitas,907,0.54,Infracciones de tráfico no lesivas,50212,0.5348,Utilización ilegal de vehículos terrestres de motor,20729,0.5322,Utilización de un vehículo bajo los efectos de otras sustancias psicoactivas,6012,0.5298,"Tráfico, cultivo o producción ilícitos de drogas o precursores sujetos a fiscalización no destinados al consumo personal",90129,0.5221,Otros actos relacionados con el tráfico de armas y explosivos
14092,Sobrepasar en 60 km/h los límites fijados de velocidad máxima,907,0.6105,Infracciones de tráfico no lesivas,10321,0.5447,Homicidio por tránsito vehicular,2072,0.5169,Utilización de un vehículo bajo los efectos de sustancias psicoactivas,60121,0.4974,Tráfico ilícito de drogas sujetas a fiscalización no destinadas al consumo personal,11021,0.4953,Delitos en razón de la condición de menor de edad,20729,0.486,Utilización de un vehículo bajo los efectos de otras sustancias psicoactivas,20722,0.4731,Utilización de un vehículo bajo los efectos de drogas ilícitas,602,0.4701,"Actos ilícitos relacionados con bebidas alcohólicas, tabaco u otras sustancias sujetas a fiscalización",40121,0.4692,Robo de automóviles o vehículos,60129,0.4681,"Otros actos ilícitos de tráfico, cultivo o producción de drogas o precursores sujetos a fiscalización no destinados al consumo personal"
14099,Otras faltas contra la Ley de Alcoholes,60212,0.652,"Producción, tráfico o distribución ilícitos de productos alcohólicos",602,0.6331,"Actos ilícitos relacionados con bebidas alcohólicas, tabaco u otras sustancias sujetas a fiscalización",6021,0.6158,"Producción, manipulación, posesión o uso ilícitos de productos alcohólicos",60121,0.6132,Tráfico ilícito de drogas sujetas a fiscalización no destinadas al consumo personal,11021,0.608,Delitos en razón de la condición de menor de edad,60219,0.6048,"Otros actos ilícitos de producción, manipulación, posesión o uso de productos alcohólicos",6029,0.5937,"Otros actos ilícitos relacionados con bebidas alcohólicas, tabaco u otras sustancias sujetas a fiscalización",60129,0.5891,"Otros actos ilícitos de tráfico, cultivo o producción de drogas o precursores sujetos a fiscalización no destinados al consumo personal",907,0.5834,Infracciones de tráfico no lesivas,6012,0.5746,"Tráfico, cultivo o producción ilícitos de drogas o precursores sujetos a fiscalización no destinados al consumo personal"
15001,Ley 18.314 de Conductas Terroristas,906,0.6454,Terrorismo,9069,0.6319,Otros actos relacionados con las actividades de un grupo terrorista,9061,0.5796,Participación en un grupo terrorista,9062,0.5395,Financiación del terrorismo,8063,0.5352,Intención delictiva,905,0.5334,Actos relacionados con grupos delictivos organizados,11016,0.5193,Crimen de agresión,9059,0.5171,Otros actos relacionados con grupos delictivos organizados,8011,0.5106,Delitos relacionados con la alteración violenta del orden público,11013,0.5069,Crímenes de guerra
15002,Crímenes y simples delitos seguridad interior del Estado,904,0.65,Actos contra la seguridad del Estado,908,0.5911,Otros actos contra la seguridad pública y la seguridad del Estado,8063,0.5438,Intención delictiva,903,0.5366,Actos contra sistemas informáticos,8011,0.5354,Delitos relacionados con la alteración violenta del orden público,90321,0.534,Injerencia ilícita en sistemas informáticos,9032,0.5239,Injerencia ilícita en sistemas o datos informáticos,11013,0.5208,Crímenes de guerra,9031,0.5179,Acceso ilícito a sistemas informáticos,906,0.514,Terrorismo
15003,Crímenes y simples delitos contra la soberanía nacional y seguridad exterior del Estado,904,0.5917,Actos contra la seguridad del Estado,110132,0.5434,Destrucción o daños ilícitos a la propiedad en relación con conflictos armados,8063,0.5266,Intención delictiva,11012,0.5258,Piratería,908,0.5165,Otros actos contra la seguridad pública y la seguridad del Estado,11013,0.508,Crímenes de guerra,409,0.5066,Otros actos contra la propiedad que entrañan violencia o amenaza de violencia contra las personas,8064,0.5048,Conspiración,906,0.501,Terrorismo,110134,0.4978,Actos contra la libertad o la dignidad humana en relación con conflictos armados
15007,Delitos de la Ley de Seguridad Interior del Estado contra el orden público y la normalidad de las actividades nacionales,8011,0.7224,Delitos relacionados con la alteración violenta del orden público,801,0.6555,Actos contrarios a las normas de conducta orientadas al mantenimiento del orden público,8012,0.6447,Actos relacionados con las normas y preceptos sociales y religiosos orientados al mantenimiento del orden público,905,0.6356,Actos relacionados con grupos delictivos organizados,802,0.6319,Actos contrarios a las normas de conducta sexual orientadas al mantenimiento del orden público,8029,0.6317,Otros actos contrarios a las normas de conducta sexual orientadas al mantenimiento del orden público,9059,0.6292,Otros actos relacionados con grupos delictivos organizados,8019,0.6257,Otros actos contrarios a las normas de conducta orientadas al mantenimiento del orden público,908,0.6182,Otros actos contra la seguridad pública y la seguridad del Estado,8062,0.6165,Incumplimiento de órdenes judiciales
16400,Difusión indebida de entrevista videograbada,30221,0.647,Pornografía infantil,3022,0.6246,Explotación sexual de menores,30223,0.6031,Captación de menores con fines sexuales,30113,0.5903,Violación por presunción legal,30229,0.5864,Otras formas de explotación sexual de menores,30222,0.5816,Prostitución infantil,8022,0.5731,Delitos de pornografía,3011,0.5578,Violación,2021,0.5492,Secuestro de menores,302,0.5274,Explotación sexual
16401,Peleas de animales como espectáculos,10091,0.6411,Actos contra los animales,8011,0.5502,Delitos relacionados con la alteración violenta del orden público,8029,0.5411,Otros actos contrarios a las normas de conducta sexual orientadas al mantenimiento del orden público,8022,0.54,Delitos de pornografía,802,0.5334,Actos contrarios a las normas de conducta sexual orientadas al mantenimiento del orden público,10032,0.531,Comercio o posesión de especies animales prohibidas o controladas,219,0.5277,Otros actos que causan daños o que tienen la intención de causar daños a las personas,8021,0.5273,Delitos de prostitución,203,0.526,Esclavitud y explotación,3011,0.5248,Violación
16402,Delitos del D.L. 3538 de 1979 que regula mercado financiero,8042,0.6038,Actos contrarios a disposiciones comerciales o financieras,7011,0.5807,Fraude financiero,704,0.5731,Actos relacionados con el producto del delito,8045,0.5512,Manipulación del mercado o utilización indebida de información privilegiada,701,0.5482,Fraude,7049,0.5387,Otros actos relacionados con el producto del delito,601,0.5238,Actos ilícitos relacionados con drogas o precursores sujetos a fiscalización,70211,0.5149,Falsificación de medios de pago en efectivo,70111,0.5142,Fraude financiero contra el Estado,7021,0.5123,Falsificación de medios de pago
16403,Asociación ilícita para comercio ilegal,503,0.6434,Delitos contra la propiedad intelectual,8042,0.5988,Actos contrarios a disposiciones comerciales o financieras,704,0.5927,Actos relacionados con el producto del delito,8063,0.5878,Intención delictiva,7022,0.579,Delitos relacionados con productos falsificados,702,0.5758,Falsificación,601,0.5745,Actos ilícitos relacionados con drogas o precursores sujetos a fiscalización,7049,0.5689,Otros actos relacionados con el producto del delito,60229,0.5665,"Otros actos ilícitos de producción, manipulación, posesión o uso de productos de tabaco",7042,0.5659,Tráfico ilícito de bienes culturales
17001,Delitos que comprometen relaciones internacionales,1109,0.57,Otros actos delictivos no clasificados en otra parte,11019,0.5677,Otros actos bajo jurisdicción universal,1101,0.5657,Actos bajo jurisdicción universal,2119,0.5597,Otras transgresiones contra las personas,211,0.5573,Transgresiones contra las personas,11013,0.5542,Crímenes de guerra,8059,0.5494,Otros actos ilícitos relacionados con la migración,8063,0.5349,Intención delictiva,805,0.5341,Actos relacionados con la migración,8021,0.5321,Delitos de prostitución
18001,Expendio de bebidas alcohólicas a menores,11021,0.6908,Delitos en razón de la condición de menor de edad,602,0.622,"Actos ilícitos relacionados con bebidas alcohólicas, tabaco u otras sustancias sujetas a fiscalización",6021,0.6121,"Producción, manipulación, posesión o uso ilícitos de productos alcohólicos",60212,0.5879,"Producción, tráfico o distribución ilícitos de productos alcohólicos",60219,0.5876,"Otros actos ilícitos de producción, manipulación, posesión o uso de productos alcohólicos",6029,0.5813,"Otros actos ilícitos relacionados con bebidas alcohólicas, tabaco u otras sustancias sujetas a fiscalización",1102,0.5779,Actos contrarios a las leyes u otras disposiciones sobre menores,60211,0.5774,Posesión o uso ilícitos de productos alcohólicos,30113,0.5718,Violación por presunción legal,3022,0.5682,Explotación sexual de menores
18002,Otorgamiento de patentes de alcoholes,602,0.6357,"Actos ilícitos relacionados con bebidas alcohólicas, tabaco u otras sustancias sujetas a fiscalización",6021,0.6156,"Producción, manipulación, posesión o uso ilícitos de productos alcohólicos",60219,0.6154,"Otros actos ilícitos de producción, manipulación, posesión o uso de productos alcohólicos",6029,0.6099,"Otros actos ilícitos relacionados con bebidas alcohólicas, tabaco u otras sustancias sujetas a fiscalización",60211,0.5977,Posesión o uso ilícitos de productos alcohólicos,60212,0.5731,"Producción, tráfico o distribución ilícitos de productos alcohólicos",6019,0.5652,Otros actos ilícitos relacionados con drogas o precursores sujetos a fiscalización,60122,0.5563,Fabricación ilícita de drogas sujetas a fiscalización no destinadas al consumo personal,601,0.5559,Actos ilícitos relacionados con drogas o precursores sujetos a fiscalización,7022,0.5529,Delitos relacionados con productos falsificados
18003,Divulgación de datos militantes de partidos políticos,90322,0.5486,Injerencia ilícita en datos informáticos,807,0.5455,Actos relacionados con las elecciones democráticas,9033,0.5426,Interceptación o acceso ilícitos a datos informáticos,9032,0.5332,Injerencia ilícita en sistemas o datos informáticos,803,0.5178,Actos relacionados con la libertad de expresión o el control de la expresión,80329,0.5067,Otros actos relacionados con expresiones de creencias y normas sociales controladas,8071,0.5008,Actos encaminados a influir indebidamente en los votantes en elecciones,8031,0.4976,Actos contra la libertad de expresión,8079,0.4952,Otros actos relacionados con las elecciones democráticas,903,0.4915,Actos contra sistemas informáticos
20001,"Envío de explosivos, homicidio, lesiones y secuestros terroristas",906,0.6814,Terrorismo,9069,0.674,Otros actos relacionados con las actividades de un grupo terrorista,9061,0.6012,Participación en un grupo terrorista,110131,0.5929,Homicidio o tentativa de causar la muerte o lesiones graves de forma ilícita en conflictos armados,11013,0.5838,Crímenes de guerra,101,0.5824,Homicidio intencional,8063,0.5811,Intención delictiva,102,0.5805,Tentativa de homicidio intencional,11016,0.5798,Crimen de agresión,905,0.5791,Actos relacionados con grupos delictivos organizados
20002,Apoderamiento o atentado al transporte público,906,0.6473,Terrorismo,9069,0.6267,Otros actos relacionados con las actividades de un grupo terrorista,11012,0.6016,Piratería,9061,0.5728,Participación en un grupo terrorista,8063,0.568,Intención delictiva,20223,0.5672,Secuestro de vehículos,102,0.5544,Tentativa de homicidio intencional,8011,0.5528,Delitos relacionados con la alteración violenta del orden público,40121,0.5506,Robo de automóviles o vehículos,8051,0.5486,Delitos de tráfico ilícito de migrantes
20003,Atentado terrorista contra Jefe de Estado o autoridad pública,906,0.6798,Terrorismo,9069,0.65,Otros actos relacionados con las actividades de un grupo terrorista,9061,0.5971,Participación en un grupo terrorista,102,0.592,Tentativa de homicidio intencional,101,0.5853,Homicidio intencional,904,0.5815,Actos contra la seguridad del Estado,8063,0.5762,Intención delictiva,110131,0.5646,Homicidio o tentativa de causar la muerte o lesiones graves de forma ilícita en conflictos armados,11016,0.5548,Crimen de agresión,9062,0.5524,Financiación del terrorismo
20004,Atentado terrorista explosivo o incendiario,906,0.69,Terrorismo,9069,0.6729,Otros actos relacionados con las actividades de un grupo terrorista,102,0.6179,Tentativa de homicidio intencional,110131,0.6143,Homicidio o tentativa de causar la muerte o lesiones graves de forma ilícita en conflictos armados,101,0.6116,Homicidio intencional,9061,0.5961,Participación en un grupo terrorista,11016,0.5872,Crimen de agresión,8063,0.5868,Intención delictiva,11013,0.5819,Crímenes de guerra,2011,0.5813,Agresión
20005,Asociación ilícita terrorista,906,0.6891,Terrorismo,9069,0.6642,Otros actos relacionados con las actividades de un grupo terrorista,9061,0.6424,Participación en un grupo terrorista,905,0.5991,Actos relacionados con grupos delictivos organizados,8063,0.5935,Intención delictiva,9062,0.572,Financiación del terrorismo,9059,0.561,Otros actos relacionados con grupos delictivos organizados,101,0.5559,Homicidio intencional,8064,0.5554,Conspiración,102,0.5553,Tentativa de homicidio intencional
20006,Recaudar o proveer fondos para la comisión de delitos terroristas por persona natural. Art. 8 Ley 18.314,906,0.6553,Terrorismo,9069,0.6327,Otros actos relacionados con las actividades de un grupo terrorista,9062,0.6266,Financiación del terrorismo,9061,0.5812,Participación en un grupo terrorista,8063,0.5487,Intención delictiva,905,0.5369,Actos relacionados con grupos delictivos organizados,8064,0.5192,Conspiración,9059,0.5054,Otros actos relacionados con grupos delictivos organizados,11016,0.5054,Crimen de agresión,11013,0.504,Crímenes de guerra
20007,Recaudar o proveer fondos para la comisión de delitos terroristas por persona jurídica,9062,0.6521,Financiación del terrorismo,906,0.6417,Terrorismo,9069,0.6333,Otros actos relacionados con las actividades de un grupo terrorista,9061,0.5772,Participación en un grupo terrorista,8063,0.5608,Intención delictiva,905,0.5575,Actos relacionados con grupos delictivos organizados,9059,0.5393,Otros actos relacionados con grupos delictivos organizados,8064,0.5302,Conspiración,703,0.515,Corrupción,9051,0.5136,Participación en un grupo delictivo organizado
20017,Terrorismo individual que adhiere a los fines,906,0.6793,Terrorismo,9069,0.6451,Otros actos relacionados con las actividades de un grupo terrorista,9061,0.6253,Participación en un grupo terrorista,9062,0.593,Financiación del terrorismo,905,0.5695,Actos relacionados con grupos delictivos organizados,8063,0.5563,Intención delictiva,11016,0.5456,Crimen de agresión,8011,0.5379,Delitos relacionados con la alteración violenta del orden público,102,0.5362,Tentativa de homicidio intencional,9059,0.5324,Otros actos relacionados con grupos delictivos organizados
20018,Terrorismo individual sin adherencia,906,0.6362,Terrorismo,9069,0.5988,Otros actos relacionados con las actividades de un grupo terrorista,9061,0.5722,Participación en un grupo terrorista,9062,0.5417,Financiación del terrorismo,8011,0.5409,Delitos relacionados con la alteración violenta del orden público,905,0.513,Actos relacionados con grupos delictivos organizados,8063,0.5078,Intención delictiva,102,0.5054,Tentativa de homicidio intencional,9059,0.5054,Otros actos relacionados con grupos delictivos organizados,202,0.5027,Actos contra la libertad
20019,Favorecer acciones terroristas,906,0.6746,Terrorismo,9069,0.6416,Otros actos relacionados con las actividades de un grupo terrorista,9061,0.622,Participación en un grupo terrorista,9062,0.595,Financiación del terrorismo,905,0.5611,Actos relacionados con grupos delictivos organizados,8063,0.5351,Intención delictiva,11016,0.5335,Crimen de agresión,104,0.5315,Suicidio asistido o incitación al suicidio,8064,0.519,Conspiración,2011,0.5179,Agresión
20020,Proveer o recolectar fondos para la comisión de delitos terroristas,9062,0.6606,Financiación del terrorismo,906,0.6186,Terrorismo,9069,0.5728,Otros actos relacionados con las actividades de un grupo terrorista,9061,0.5472,Participación en un grupo terrorista,8063,0.534,Intención delictiva,905,0.512,Actos relacionados con grupos delictivos organizados,704,0.5075,Actos relacionados con el producto del delito,8064,0.4964,Conspiración,8051,0.4958,Delitos de tráfico ilícito de migrantes,703,0.4923,Corrupción
20021,Conspiración terrorista,906,0.629,Terrorismo,9069,0.5984,Otros actos relacionados con las actividades de un grupo terrorista,8064,0.5828,Conspiración,9061,0.5779,Participación en un grupo terrorista,8063,0.5545,Intención delictiva,904,0.536,Actos contra la seguridad del Estado,9062,0.534,Financiación del terrorismo,905,0.5252,Actos relacionados con grupos delictivos organizados,102,0.5248,Tentativa de homicidio intencional,11016,0.5126,Crimen de agresión
20022,Incitación terrorista,906,0.6592,Terrorismo,9069,0.6461,Otros actos relacionados con las actividades de un grupo terrorista,104,0.5954,Suicidio asistido o incitación al suicidio,8063,0.595,Intención delictiva,9061,0.592,Participación en un grupo terrorista,102,0.5843,Tentativa de homicidio intencional,80322,0.5842,Violaciones de las normas sobre intolerancia e incitación al odio,11016,0.5681,Crimen de agresión,8011,0.5588,Delitos relacionados con la alteración violenta del orden público,101,0.5524,Homicidio intencional
20099,Otros Ley 18.314,9069,0.6109,Otros actos relacionados con las actividades de un grupo terrorista,1109,0.6037,Otros actos delictivos no clasificados en otra parte,906,0.5968,Terrorismo,11019,0.5723,Otros actos bajo jurisdicción universal,8063,0.5646,Intención delictiva,11013,0.5617,Crímenes de guerra,11016,0.5571,Crimen de agresión,8011,0.5535,Delitos relacionados con la alteración violenta del orden público,9059,0.5521,Otros actos relacionados con grupos delictivos organizados,80322,0.5421,Violaciones de las normas sobre intolerancia e incitación al odio
21001,Injurias y calumnias por medios de comunicación social,209,0.6056,Difamación o insulto,2092,0.5902,Difamación o insulto debido a las creencias o valores que se le imputan a la víctima,803,0.5807,Actos relacionados con la libertad de expresión o el control de la expresión,8031,0.5734,Actos contra la libertad de expresión,2099,0.5643,Otras formas de difamación o insulto,2082,0.5609,Acoso,8039,0.546,Otros actos relacionados con la libertad de expresión o el control de la expresión,2091,0.5364,Difamación o insulto debido a las características de la víctima o a los atributos que se le imputan,202,0.5327,Actos contra la libertad,210,0.5292,Discriminación
21002,Ultraje público a las buenas costumbres por medios de comunicación social,8022,0.6052,Delitos de pornografía,802,0.6043,Actos contrarios a las normas de conducta sexual orientadas al mantenimiento del orden público,8012,0.5951,Actos relacionados con las normas y preceptos sociales y religiosos orientados al mantenimiento del orden público,80321,0.5892,Violaciones de las normas sobre creencias u opiniones religiosas,8029,0.5881,Otros actos contrarios a las normas de conducta sexual orientadas al mantenimiento del orden público,80322,0.5862,Violaciones de las normas sobre intolerancia e incitación al odio,8021,0.5856,Delitos de prostitución,8011,0.5729,Delitos relacionados con la alteración violenta del orden público,8032,0.5696,Actos relacionados con expresiones de creencias y normas sociales controladas,803,0.5547,Actos relacionados con la libertad de expresión o el control de la expresión
21003,Divulgación de identidad de menores por medios de comunicación social,30221,0.6054,Pornografía infantil,3022,0.5892,Explotación sexual de menores,30223,0.5725,Captación de menores con fines sexuales,30113,0.5601,Violación por presunción legal,30229,0.5513,Otras formas de explotación sexual de menores,11021,0.5501,Delitos en razón de la condición de menor de edad,1102,0.54,Actos contrarios a las leyes u otras disposiciones sobre menores,2021,0.5276,Secuestro de menores,30222,0.5234,Prostitución infantil,11029,0.5148,Otros actos contrarios a las leyes u otras disposiciones sobre menores
21099,Otras faltas y delitos de la Ley 19.733,80322,0.6606,Violaciones de las normas sobre intolerancia e incitación al odio,80321,0.6045,Violaciones de las normas sobre creencias u opiniones religiosas,210,0.5951,Discriminación,2092,0.5697,Difamación o insulto debido a las creencias o valores que se le imputan a la víctima,8032,0.5534,Actos relacionados con expresiones de creencias y normas sociales controladas,11014,0.5497,Genocidio,80329,0.5473,Otros actos relacionados con expresiones de creencias y normas sociales controladas,803,0.5467,Actos relacionados con la libertad de expresión o el control de la expresión,2102,0.5428,Discriminación de grupos,8031,0.5402,Actos contra la libertad de expresión
22100,Maltrato habitual (violencia intrafamiliar),20212,0.5823,Secuestro por otro familiar,3012,0.5565,Agresión sexual,301,0.555,Violencia sexual,3011,0.5527,Violación,30222,0.552,Prostitución infantil,11013,0.5514,Crímenes de guerra,20292,0.5512,Matrimonio forzado,101,0.5447,Homicidio intencional,20211,0.5438,Secuestro por progenitores,30113,0.535,Violación por presunción legal
22101,Incumplimiento reiterado de pago de pensión alimenticia,30222,0.4851,Prostitución infantil,11021,0.484,Delitos en razón de la condición de menor de edad,3011,0.4758,Violación,20619,0.4748,Otras formas de negligencia en situaciones de personas bajo cuidado,2102,0.4689,Discriminación de grupos,30113,0.4664,Violación por presunción legal,802,0.4598,Actos contrarios a las normas de conducta sexual orientadas al mantenimiento del orden público,20612,0.4588,Negligencia en situaciones de otras personas dependientes bajo cuidado,101,0.4583,Homicidio intencional,8021,0.4568,Delitos de prostitución
22200,Crímenes lesa humanidad y genocidio Ley 20.357,11015,0.7196,Crímenes de lesa humanidad,11013,0.7187,Crímenes de guerra,11014,0.6741,Genocidio,110131,0.6574,Homicidio o tentativa de causar la muerte o lesiones graves de forma ilícita en conflictos armados,110134,0.6569,Actos contra la libertad o la dignidad humana en relación con conflictos armados,101,0.6075,Homicidio intencional,107,0.6037,Homicidio ilícito relacionado con conflictos armados,1031,0.603,Homicidio no culposo,110132,0.5827,Destrucción o daños ilícitos a la propiedad en relación con conflictos armados,210,0.5699,Discriminación
22300,Ley Responsabilidad Penal Personas jurídicas Ley 20.393,1102,0.4981,Actos contrarios a las leyes u otras disposiciones sobre menores,8042,0.4945,Actos contrarios a disposiciones comerciales o financieras,207,0.4881,Actos peligrosos,20619,0.4816,Otras formas de negligencia en situaciones de personas bajo cuidado,602,0.4791,"Actos ilícitos relacionados con bebidas alcohólicas, tabaco u otras sustancias sujetas a fiscalización",804,0.4766,Actos contrarios a las disposiciones relativas a los ingresos públicos u otras disposiciones regulatorias,2061,0.4755,Negligencia en situaciones de personas bajo cuidado,1109,0.4727,Otros actos delictivos no clasificados en otra parte,219,0.4717,Otros actos que causan daños o que tienen la intención de causar daños a las personas,601,0.4692,Actos ilícitos relacionados con drogas o precursores sujetos a fiscalización
22400,Infracciones a la Ley de Administración Provisional de Sostenedores Educacionales,801,0.5034,Actos contrarios a las normas de conducta orientadas al mantenimiento del orden público,2021,0.4997,Secuestro de menores,806,0.4992,Actos contra el sistema de justicia,8019,0.496,Otros actos contrarios a las normas de conducta orientadas al mantenimiento del orden público,809,0.4803,"Otros actos contra el orden público, la autoridad y las disposiciones del Estado",8049,0.4793,Otros actos contra la administración pública o contra disposiciones regulatorias,7033,0.4789,Abuso de funciones,8021,0.4777,Delitos de prostitución,8069,0.4774,Otros actos contra el sistema de justicia,804,0.4774,Actos contrarios a las disposiciones relativas a los ingresos públicos u otras disposiciones regulatorias
22401,Infracciones al sistema de aseguramiento de la calidad de la educación (lucro en la educación),8041,0.5322,Actos contrarios a las disposiciones relativas a los ingresos públicos,702,0.5028,Falsificación,804,0.5027,Actos contrarios a las disposiciones relativas a los ingresos públicos u otras disposiciones regulatorias,704,0.4967,Actos relacionados con el producto del delito,701,0.4937,Fraude,8061,0.4928,Obstrucción de la justicia,7023,0.4853,Actos de falsificación de documentos,7032,0.4833,Malversación o peculado,709,0.4815,"Otros actos que conllevan fraude, engaño o corrupción",7019,0.4808,Otros actos de fraude
22403,Desempeñar funciones de vigilantes privados fuera de los casos contemplados en esta ley.,908,0.579,Otros actos contra la seguridad pública y la seguridad del Estado,9011,0.5784,Posesión o uso de armas y explosivos,90111,0.5706,Posesión o uso ilícitos de armas de fuego,90112,0.5566,Posesión o uso ilícitos de otras armas o explosivos,11012,0.5542,Piratería,9012,0.5526,Tráfico de armas y explosivos,903,0.5491,Actos contra sistemas informáticos,90122,0.5474,Tráfico de otras armas o explosivos,904,0.5437,Actos contra la seguridad del Estado,905,0.5401,Actos relacionados con grupos delictivos organizados
22404,Infracción para servidores públicos por divulgación de información reservada,9032,0.6087,Injerencia ilícita en sistemas o datos informáticos,90322,0.5998,Injerencia ilícita en datos informáticos,903,0.5908,Actos contra sistemas informáticos,90321,0.5836,Injerencia ilícita en sistemas informáticos,9033,0.5724,Interceptación o acceso ilícitos a datos informáticos,9031,0.5594,Acceso ilícito a sistemas informáticos,2022,0.5383,Privación de libertad,2021,0.5333,Secuestro de menores,9039,0.5305,Otros actos contra sistemas informáticos,904,0.5239,Actos contra la seguridad del Estado
22405,Infracción al deber de reserva,9032,0.5714,Injerencia ilícita en sistemas o datos informáticos,90322,0.5679,Injerencia ilícita en datos informáticos,903,0.5605,Actos contra sistemas informáticos,9033,0.55,Interceptación o acceso ilícitos a datos informáticos,2021,0.5371,Secuestro de menores,90321,0.5351,Injerencia ilícita en sistemas informáticos,2022,0.527,Privación de libertad,904,0.5192,Actos contra la seguridad del Estado,9031,0.5181,Acceso ilícito a sistemas informáticos,8062,0.515,Incumplimiento de órdenes judiciales
22410,Ocultación o entrega de información falsa a Fiscalía Nacional Económica,702,0.5496,Falsificación,701,0.5431,Fraude,70111,0.5405,Fraude financiero contra el Estado,8042,0.5381,Actos contrarios a disposiciones comerciales o financieras,7019,0.5352,Otros actos de fraude,7041,0.5329,Blanqueo de dinero,704,0.5314,Actos relacionados con el producto del delito,8045,0.5295,Manipulación del mercado o utilización indebida de información privilegiada,709,0.5273,"Otros actos que conllevan fraude, engaño o corrupción",7035,0.5245,Enriquecimiento ilícito
22411,Colusión,8042,0.5798,Actos contrarios a disposiciones comerciales o financieras,8021,0.53,Delitos de prostitución,8045,0.5147,Manipulación del mercado o utilización indebida de información privilegiada,704,0.5116,Actos relacionados con el producto del delito,7034,0.5011,Tráfico de influencias,3011,0.5008,Violación,7032,0.4948,Malversación o peculado,7039,0.4938,Otros actos de corrupción,8061,0.4925,Obstrucción de la justicia,7049,0.4817,Otros actos relacionados con el producto del delito
22412,Tráfico de residuos peligrosos (Ley 20.920),1002,0.634,Actos relacionados con el traslado o vertimiento de desechos,10021,0.6024,Actos relacionados con el traslado o vertimiento de desechos dentro de las fronteras nacionales,10022,0.5977,Actos relacionados con el traslado o vertimiento transfronterizos de desechos,90129,0.567,Otros actos relacionados con el tráfico de armas y explosivos,9012,0.5626,Tráfico de armas y explosivos,90123,0.5523,"Tráfico de materiales químicos, biológicos o radiactivos",60121,0.5474,Tráfico ilícito de drogas sujetas a fiscalización no destinadas al consumo personal,60129,0.5455,"Otros actos ilícitos de tráfico, cultivo o producción de drogas o precursores sujetos a fiscalización no destinados al consumo personal",90122,0.5428,Tráfico de otras armas o explosivos,6012,0.5405,"Tráfico, cultivo o producción ilícitos de drogas o precursores sujetos a fiscalización no destinados al consumo personal"
22413,Falsificación de rótulos o certificados,702,0.6526,Falsificación,7023,0.6484,Actos de falsificación de documentos,7029,0.6062,Otros actos de falsificación,7022,0.6032,Delitos relacionados con productos falsificados,7021,0.5928,Falsificación de medios de pago,70211,0.5772,Falsificación de medios de pago en efectivo,6019,0.5618,Otros actos ilícitos relacionados con drogas o precursores sujetos a fiscalización,70212,0.5548,Falsificación de medios de pago distintos del efectivo,7019,0.5527,Otros actos de fraude,1002,0.5375,Actos relacionados con el traslado o vertimiento de desechos
22499,Otros delitos D.L. 211,1109,0.5918,Otros actos delictivos no clasificados en otra parte,11019,0.5231,Otros actos bajo jurisdicción universal,11021,0.5162,Delitos en razón de la condición de menor de edad,1102,0.5056,Actos contrarios a las leyes u otras disposiciones sobre menores,11029,0.5023,Otros actos contrarios a las leyes u otras disposiciones sobre menores,1101,0.4809,Actos bajo jurisdicción universal,202,0.4696,Actos contra la libertad,20229,0.4646,Otras formas de privación de libertad,704,0.4643,Actos relacionados con el producto del delito,11013,0.4642,Crímenes de guerra
22500,Infracciones a la inversión extranjera directa en Chile. Ley 20.848,7011,0.5496,Fraude financiero,8042,0.5479,Actos contrarios a disposiciones comerciales o financieras,8041,0.5416,Actos contrarios a las disposiciones relativas a los ingresos públicos,7035,0.541,Enriquecimiento ilícito,704,0.5381,Actos relacionados con el producto del delito,702,0.5342,Falsificación,8051,0.5342,Delitos de tráfico ilícito de migrantes,804,0.5274,Actos contrarios a las disposiciones relativas a los ingresos públicos u otras disposiciones regulatorias,701,0.5253,Fraude,60121,0.5241,Tráfico ilícito de drogas sujetas a fiscalización no destinadas al consumo personal
22600,Desatender el llamado a reclutamiento D.L. 2306,8062,0.5118,Incumplimiento de órdenes judiciales,110135,0.4949,Reclutamiento o alistamiento de niños como soldados,806,0.4618,Actos contra el sistema de justicia,204,0.4567,Trata de personas,8061,0.4536,Obstrucción de la justicia,8051,0.4461,Delitos de tráfico ilícito de migrantes,808,0.4379,Actos contrarios al derecho laboral,8019,0.4378,Otros actos contrarios a las normas de conducta orientadas al mantenimiento del orden público,30222,0.4377,Prostitución infantil,805,0.4376,Actos relacionados con la migración
22601,Remisos (reclutamiento) D.L.2306,110135,0.5254,Reclutamiento o alistamiento de niños como soldados,8062,0.5218,Incumplimiento de órdenes judiciales,20222,0.4834,Retención ilegal,110134,0.4684,Actos contra la libertad o la dignidad humana en relación con conflictos armados,806,0.4646,Actos contra el sistema de justicia,8021,0.4555,Delitos de prostitución,2022,0.4428,Privación de libertad,808,0.442,Actos contrarios al derecho laboral,805,0.4403,Actos relacionados con la migración,904,0.4401,Actos contra la seguridad del Estado
22700,Infracciones Ley 21.063 que crea un seguro para el acompañamiento de niños y niñas que padezcan ciertas enfermedades,20611,0.5521,Negligencia en situaciones de menores bajo cuidado,1102,0.5483,Actos contrarios a las leyes u otras disposiciones sobre menores,106,0.5433,Feticidio ilegal,902,0.5288,Actos contra la salud y la seguridad,30222,0.5138,Prostitución infantil,2071,0.5135,Actos que ponen en peligro la salud,9021,0.5117,Actos contra la salud y la seguridad en el trabajo,20612,0.5094,Negligencia en situaciones de otras personas dependientes bajo cuidado,30113,0.506,Violación por presunción legal,2061,0.5039,Negligencia en situaciones de personas bajo cuidado
22800,Infracciones a la Ley 21.075 sobre el mal uso de aguas grises,1002,0.5526,Actos relacionados con el traslado o vertimiento de desechos,10012,0.5294,Actos que causan la contaminación o degradación del agua,2071,0.5281,Actos que ponen en peligro la salud,10021,0.5253,Actos relacionados con el traslado o vertimiento de desechos dentro de las fronteras nacionales,1001,0.5243,Actos que causan contaminación o degradación del medio ambiente,10019,0.5067,Otros actos que causan contaminación o degradación del medio ambiente,10022,0.5062,Actos relacionados con el traslado o vertimiento transfronterizos de desechos,602,0.5009,"Actos ilícitos relacionados con bebidas alcohólicas, tabaco u otras sustancias sujetas a fiscalización",90113,0.5,"Posesión o uso ilícitos de materiales químicos, biológicos o radiactivos",20729,0.4906,Utilización de un vehículo bajo los efectos de otras sustancias psicoactivas
22900,Infracciones a la Ley 21.086 que perfecciona los beneficios otorgados a bomberos,7035,0.4836,Enriquecimiento ilícito,701,0.4585,Fraude,7032,0.4529,Malversación o peculado,704,0.4506,Actos relacionados con el producto del delito,104,0.4478,Suicidio asistido o incitación al suicidio,7033,0.4448,Abuso de funciones,7031,0.4436,Soborno,106,0.4395,Feticidio ilegal,804,0.4391,Actos contrarios a las disposiciones relativas a los ingresos públicos u otras disposiciones regulatorias,602,0.4388,"Actos ilícitos relacionados con bebidas alcohólicas, tabaco u otras sustancias sujetas a fiscalización"
23000,Infracciones a la Ley de Educación Superior,806,0.5291,Actos contra el sistema de justicia,804,0.517,Actos contrarios a las disposiciones relativas a los ingresos públicos u otras disposiciones regulatorias,2021,0.5143,Secuestro de menores,9032,0.511,Injerencia ilícita en sistemas o datos informáticos,802,0.5083,Actos contrarios a las normas de conducta sexual orientadas al mantenimiento del orden público,8062,0.5064,Incumplimiento de órdenes judiciales,903,0.5049,Actos contra sistemas informáticos,8069,0.5029,Otros actos contra el sistema de justicia,1102,0.5025,Actos contrarios a las leyes u otras disposiciones sobre menores,90322,0.501,Injerencia ilícita en datos informáticos
23100,Infracciones a la Ley sobre Protección al Consumidor,8042,0.5695,Actos contrarios a disposiciones comerciales o financieras,1102,0.5695,Actos contrarios a las leyes u otras disposiciones sobre menores,503,0.5434,Delitos contra la propiedad intelectual,11021,0.5351,Delitos en razón de la condición de menor de edad,11029,0.5311,Otros actos contrarios a las leyes u otras disposiciones sobre menores,907,0.5218,Infracciones de tráfico no lesivas,8081,0.5187,Violaciones del derecho laboral colectivo,3011,0.5173,Violación,704,0.5145,Actos relacionados con el producto del delito,8069,0.5067,Otros actos contra el sistema de justicia
23200,Infracciones a la Ley 19.132 sobre TVN,907,0.4781,Infracciones de tráfico no lesivas,1102,0.4727,Actos contrarios a las leyes u otras disposiciones sobre menores,11029,0.4588,Otros actos contrarios a las leyes u otras disposiciones sobre menores,503,0.4543,Delitos contra la propiedad intelectual,803,0.4471,Actos relacionados con la libertad de expresión o el control de la expresión,11021,0.4425,Delitos en razón de la condición de menor de edad,30221,0.4422,Pornografía infantil,8022,0.4333,Delitos de pornografía,60229,0.4332,"Otros actos ilícitos de producción, manipulación, posesión o uso de productos de tabaco",80321,0.4327,Violaciones de las normas sobre creencias u opiniones religiosas
23300,Infracciones a la Ley 18.287 sobre Juzgado de Policía Local,907,0.5715,Infracciones de tráfico no lesivas,1102,0.5478,Actos contrarios a las leyes u otras disposiciones sobre menores,11021,0.5379,Delitos en razón de la condición de menor de edad,602,0.5016,"Actos ilícitos relacionados con bebidas alcohólicas, tabaco u otras sustancias sujetas a fiscalización",60121,0.501,Tráfico ilícito de drogas sujetas a fiscalización no destinadas al consumo personal,60222,0.4964,"Producción, tráfico o distribución ilícitos de productos de tabaco",601,0.4932,Actos ilícitos relacionados con drogas o precursores sujetos a fiscalización,11029,0.4929,Otros actos contrarios a las leyes u otras disposiciones sobre menores,5019,0.4898,Otros actos de robo con entrada ilícita,8062,0.4897,Incumplimiento de órdenes judiciales
23400,Infracciones a la Ley 19.220 sobre establecimiento de bolsas de productos agropecuarios,60129,0.5652,"Otros actos ilícitos de tráfico, cultivo o producción de drogas o precursores sujetos a fiscalización no destinados al consumo personal",60123,0.5609,Cultivo ilícito de drogas sujetas a fiscalización no destinadas al consumo personal,6012,0.5559,"Tráfico, cultivo o producción ilícitos de drogas o precursores sujetos a fiscalización no destinados al consumo personal",7022,0.5527,Delitos relacionados con productos falsificados,8042,0.5498,Actos contrarios a disposiciones comerciales o financieras,601,0.534,Actos ilícitos relacionados con drogas o precursores sujetos a fiscalización,60222,0.5339,"Producción, tráfico o distribución ilícitos de productos de tabaco",60112,0.5245,Cultivo o producción ilícitos de drogas sujetas a fiscalización para consumo personal,10032,0.5242,Comercio o posesión de especies animales prohibidas o controladas,60121,0.521,Tráfico ilícito de drogas sujetas a fiscalización no destinadas al consumo personal
23500,Infracciones a la Ley de Identidad de Género,802,0.5421,Actos contrarios a las normas de conducta sexual orientadas al mantenimiento del orden público,3011,0.5418,Violación,1102,0.5414,Actos contrarios a las leyes u otras disposiciones sobre menores,30113,0.5414,Violación por presunción legal,210,0.5408,Discriminación,301,0.5392,Violencia sexual,2102,0.5379,Discriminación de grupos,211,0.5374,Transgresiones contra las personas,2029,0.5206,Otros actos contra la libertad,11021,0.5204,Delitos en razón de la condición de menor de edad
23600,Financiamiento ilegal de candidaturas o de partidos políticos,807,0.7032,Actos relacionados con las elecciones democráticas,8079,0.6568,Otros actos relacionados con las elecciones democráticas,8071,0.6263,Actos encaminados a influir indebidamente en los votantes en elecciones,703,0.5478,Corrupción,7034,0.5462,Tráfico de influencias,7035,0.5327,Enriquecimiento ilícito,7039,0.5275,Otros actos de corrupción,704,0.5198,Actos relacionados con el producto del delito,709,0.5185,"Otros actos que conllevan fraude, engaño o corrupción",701,0.516,Fraude
23601,Mal uso de fondos fiscales para financiamiento de partido político,807,0.6619,Actos relacionados con las elecciones democráticas,8079,0.6057,Otros actos relacionados con las elecciones democráticas,8071,0.5882,Actos encaminados a influir indebidamente en los votantes en elecciones,703,0.558,Corrupción,7035,0.5545,Enriquecimiento ilícito,704,0.5456,Actos relacionados con el producto del delito,804,0.5396,Actos contrarios a las disposiciones relativas a los ingresos públicos u otras disposiciones regulatorias,7011,0.5368,Fraude financiero,7039,0.5358,Otros actos de corrupción,7034,0.5246,Tráfico de influencias
23602,Rendición falsa de cuenta electoral,807,0.6257,Actos relacionados con las elecciones democráticas,8079,0.6027,Otros actos relacionados con las elecciones democráticas,7023,0.5487,Actos de falsificación de documentos,702,0.5466,Falsificación,7019,0.5421,Otros actos de fraude,709,0.5327,"Otros actos que conllevan fraude, engaño o corrupción",701,0.5245,Fraude,8071,0.5228,Actos encaminados a influir indebidamente en los votantes en elecciones,70211,0.5214,Falsificación de medios de pago en efectivo,704,0.5186,Actos relacionados con el producto del delito
23700,Infracciones a la Ley de portabilidad financiera,70212,0.6956,Falsificación de medios de pago distintos del efectivo,7023,0.6908,Actos de falsificación de documentos,70211,0.6842,Falsificación de medios de pago en efectivo,7021,0.6649,Falsificación de medios de pago,7011,0.6435,Fraude financiero,702,0.6321,Falsificación,7019,0.5888,Otros actos de fraude,701,0.5806,Fraude,704,0.5748,Actos relacionados con el producto del delito,7029,0.5683,Otros actos de falsificación
23725,Percepción ilegal de pensión garantizada universal,7035,0.5585,Enriquecimiento ilícito,7023,0.5461,Actos de falsificación de documentos,701,0.5358,Fraude,7019,0.531,Otros actos de fraude,702,0.5191,Falsificación,7031,0.5156,Soborno,9033,0.5085,Interceptación o acceso ilícitos a datos informáticos,704,0.5078,Actos relacionados con el producto del delito,9032,0.5056,Injerencia ilícita en sistemas o datos informáticos,709,0.5053,"Otros actos que conllevan fraude, engaño o corrupción"
23750,Revelación del secreto del sistema de búsqueda de personas desaparecidas,9031,0.533,Acceso ilícito a sistemas informáticos,9032,0.5287,Injerencia ilícita en sistemas o datos informáticos,903,0.5194,Actos contra sistemas informáticos,90321,0.5143,Injerencia ilícita en sistemas informáticos,9033,0.499,Interceptación o acceso ilícitos a datos informáticos,90322,0.4827,Injerencia ilícita en datos informáticos,806,0.4804,Actos contra el sistema de justicia,904,0.4793,Actos contra la seguridad del Estado,2022,0.4755,Privación de libertad,2021,0.4748,Secuestro de menores
23775,"Sustracción, ruptura de redes, comercialización de especies de cultivo",10032,0.6076,Comercio o posesión de especies animales prohibidas o controladas,1003,0.5969,Comercio o posesión de especies protegidas o prohibidas de la fauna y la flora,10031,0.5905,Comercio o posesión de especies protegidas de fauna y flora silvestres,10039,0.5782,Otras formas de comercio o posesión de especies protegidas o prohibidas de la fauna y la flora,100311,0.5756,Comercio o posesión de especies protegidas dentro de las fronteras nacionales,10091,0.5728,Actos contra los animales,100312,0.5703,Tráfico transfronterizo de especies protegidas,10042,0.563,"Caza, pesca o recolección ilegales de fauna y flora silvestres",1002,0.5237,Actos relacionados con el traslado o vertimiento de desechos,704,0.5228,Actos relacionados con el producto del delito
23785,Homicidio a funcionario de las Fuerzas Armadas en desempeño de funciones de resguardo de la seguridad pública,904,0.5975,Actos contra la seguridad del Estado,908,0.5894,Otros actos contra la seguridad pública y la seguridad del Estado,101,0.5629,Homicidio intencional,110131,0.5612,Homicidio o tentativa de causar la muerte o lesiones graves de forma ilícita en conflictos armados,7033,0.5363,Abuso de funciones,107,0.5302,Homicidio ilícito relacionado con conflictos armados,1031,0.5273,Homicidio no culposo,103,0.5203,Homicidio no intencional,102,0.5194,Tentativa de homicidio intencional,903,0.5146,Actos contra sistemas informáticos
23786,Maltrato de obra a funcionario de las Fuerzas Armadas en desempeño de funciones de resguardo de la seguridad pública,7033,0.5809,Abuso de funciones,20323,0.5799,Trabajo forzoso para el Estado o las fuerzas armadas,908,0.5645,Otros actos contra la seguridad pública y la seguridad del Estado,904,0.5584,Actos contra la seguridad del Estado,9021,0.5524,Actos contra la salud y la seguridad en el trabajo,2032,0.5372,Trabajo forzoso,8069,0.529,Otros actos contra el sistema de justicia,903,0.5214,Actos contra sistemas informáticos,808,0.5209,Actos contrarios al derecho laboral,801,0.5171,Actos contrarios a las normas de conducta orientadas al mantenimiento del orden público
23787,Delitos contra la administración ambiental,10019,0.6011,Otros actos que causan contaminación o degradación del medio ambiente,1001,0.5825,Actos que causan contaminación o degradación del medio ambiente,1009,0.5822,Otros actos contra el entorno natural,1002,0.5627,Actos relacionados con el traslado o vertimiento de desechos,10099,0.5554,Otros actos contra el entorno natural,10021,0.5442,Actos relacionados con el traslado o vertimiento de desechos dentro de las fronteras nacionales,10011,0.533,Actos que causan la contaminación o degradación del aire,1004,0.5312,Actos que provocan el agotamiento o la degradación de los recursos naturales,9032,0.5194,Injerencia ilícita en sistemas o datos informáticos,10049,0.5183,Otros actos que provocan el agotamiento o la degradación de los recursos naturales
23788,Elaboración de alcoholes no etílicos destinados a bebida,6021,0.7194,"Producción, manipulación, posesión o uso ilícitos de productos alcohólicos",60219,0.673,"Otros actos ilícitos de producción, manipulación, posesión o uso de productos alcohólicos",60212,0.6712,"Producción, tráfico o distribución ilícitos de productos alcohólicos",602,0.6549,"Actos ilícitos relacionados con bebidas alcohólicas, tabaco u otras sustancias sujetas a fiscalización",60211,0.6155,Posesión o uso ilícitos de productos alcohólicos,6029,0.6091,"Otros actos ilícitos relacionados con bebidas alcohólicas, tabaco u otras sustancias sujetas a fiscalización",60122,0.5913,Fabricación ilícita de drogas sujetas a fiscalización no destinadas al consumo personal,2071,0.5891,Actos que ponen en peligro la salud,60222,0.5825,"Producción, tráfico o distribución ilícitos de productos de tabaco",60129,0.5802,"Otros actos ilícitos de tráfico, cultivo o producción de drogas o precursores sujetos a fiscalización no destinados al consumo personal"
23789,Contravención a medidas de la Ley de Elaboración de Alcoholes,6021,0.6477,"Producción, manipulación, posesión o uso ilícitos de productos alcohólicos",60212,0.6189,"Producción, tráfico o distribución ilícitos de productos alcohólicos",602,0.6112,"Actos ilícitos relacionados con bebidas alcohólicas, tabaco u otras sustancias sujetas a fiscalización",60219,0.6037,"Otros actos ilícitos de producción, manipulación, posesión o uso de productos alcohólicos",60123,0.5721,Cultivo ilícito de drogas sujetas a fiscalización no destinadas al consumo personal,60211,0.5705,Posesión o uso ilícitos de productos alcohólicos,6029,0.5684,"Otros actos ilícitos relacionados con bebidas alcohólicas, tabaco u otras sustancias sujetas a fiscalización",60122,0.5675,Fabricación ilícita de drogas sujetas a fiscalización no destinadas al consumo personal,60112,0.5589,Cultivo o producción ilícitos de drogas sujetas a fiscalización para consumo personal,60129,0.5529,"Otros actos ilícitos de tráfico, cultivo o producción de drogas o precursores sujetos a fiscalización no destinados al consumo personal"
23790,Otorgamiento de certificados respecto de alcoholes tóxicos,602,0.6224,"Actos ilícitos relacionados con bebidas alcohólicas, tabaco u otras sustancias sujetas a fiscalización",6021,0.6147,"Producción, manipulación, posesión o uso ilícitos de productos alcohólicos",60219,0.6069,"Otros actos ilícitos de producción, manipulación, posesión o uso de productos alcohólicos",6029,0.5946,"Otros actos ilícitos relacionados con bebidas alcohólicas, tabaco u otras sustancias sujetas a fiscalización",60211,0.5864,Posesión o uso ilícitos de productos alcohólicos,60212,0.5848,"Producción, tráfico o distribución ilícitos de productos alcohólicos",2071,0.5721,Actos que ponen en peligro la salud,601,0.5553,Actos ilícitos relacionados con drogas o precursores sujetos a fiscalización,6019,0.5552,Otros actos ilícitos relacionados con drogas o precursores sujetos a fiscalización,60122,0.5552,Fabricación ilícita de drogas sujetas a fiscalización no destinadas al consumo personal
23800,Obtención fraudulenta beneficios Covid-19,7019,0.585,Otros actos de fraude,701,0.5831,Fraude,704,0.5662,Actos relacionados con el producto del delito,709,0.554,"Otros actos que conllevan fraude, engaño o corrupción",702,0.5517,Falsificación,7011,0.5472,Fraude financiero,7034,0.5445,Tráfico de influencias,703,0.5368,Corrupción,70111,0.5327,Fraude financiero contra el Estado,7023,0.5324,Actos de falsificación de documentos
23801,Obtención simulada o engañosa de beneficios de protección de la clase media,704,0.5603,Actos relacionados con el producto del delito,7019,0.5565,Otros actos de fraude,702,0.5486,Falsificación,701,0.5481,Fraude,7035,0.5465,Enriquecimiento ilícito,7032,0.5358,Malversación o peculado,7021,0.5354,Falsificación de medios de pago,7049,0.5348,Otros actos relacionados con el producto del delito,70211,0.5332,Falsificación de medios de pago en efectivo,7034,0.5322,Tráfico de influencias
23802,Obtención fraudulenta de beneficios tributarios Covid-19,704,0.5463,Actos relacionados con el producto del delito,7019,0.5383,Otros actos de fraude,701,0.5345,Fraude,7035,0.5342,Enriquecimiento ilícito,6019,0.5314,Otros actos ilícitos relacionados con drogas o precursores sujetos a fiscalización,804,0.5294,Actos contrarios a las disposiciones relativas a los ingresos públicos u otras disposiciones regulatorias,702,0.5241,Falsificación,70212,0.5183,Falsificación de medios de pago distintos del efectivo,8041,0.5161,Actos contrarios a las disposiciones relativas a los ingresos públicos,7034,0.5148,Tráfico de influencias
23803,Obtención fraudulenta de beneficios tributarios o bonos Covid-19 para PYMES,7019,0.553,Otros actos de fraude,70212,0.5514,Falsificación de medios de pago distintos del efectivo,701,0.5505,Fraude,702,0.5491,Falsificación,704,0.5488,Actos relacionados con el producto del delito,7011,0.5408,Fraude financiero,7021,0.5374,Falsificación de medios de pago,7034,0.5367,Tráfico de influencias,709,0.5346,"Otros actos que conllevan fraude, engaño o corrupción",70211,0.5342,Falsificación de medios de pago en efectivo
23804,Percepción indebida subsidio Covid-19 agua o electricidad,701,0.5488,Fraude,7019,0.5399,Otros actos de fraude,7039,0.5356,Otros actos de corrupción,7035,0.5311,Enriquecimiento ilícito,703,0.5288,Corrupción,709,0.5275,"Otros actos que conllevan fraude, engaño o corrupción",704,0.5269,Actos relacionados con el producto del delito,7034,0.5248,Tráfico de influencias,7031,0.5093,Soborno,7033,0.5088,Abuso de funciones
23900,Infracciones a la Ley Orgánica Constitucional sobre Sistemas de Inscripciones Electorales y Servicio Electoral,807,0.6375,Actos relacionados con las elecciones democráticas,8079,0.6048,Otros actos relacionados con las elecciones democráticas,8071,0.5608,Actos encaminados a influir indebidamente en los votantes en elecciones,90321,0.5353,Injerencia ilícita en sistemas informáticos,8069,0.52,Otros actos contra el sistema de justicia,9032,0.5163,Injerencia ilícita en sistemas o datos informáticos,806,0.499,Actos contra el sistema de justicia,8061,0.4949,Obstrucción de la justicia,7023,0.4948,Actos de falsificación de documentos,903,0.4919,Actos contra sistemas informáticos
24000,Entrega de información falsa o incompleta sobre el cumplimiento de planes de pago,70212,0.6022,Falsificación de medios de pago distintos del efectivo,70211,0.5726,Falsificación de medios de pago en efectivo,7034,0.5714,Tráfico de influencias,7021,0.5711,Falsificación de medios de pago,704,0.561,Actos relacionados con el producto del delito,701,0.5605,Fraude,7019,0.5543,Otros actos de fraude,7023,0.5469,Actos de falsificación de documentos,7011,0.5458,Fraude financiero,709,0.5427,"Otros actos que conllevan fraude, engaño o corrupción"
24001,Administración maliciosa Institución de Salud Previsional,2062,0.5608,Negligencia profesional,7033,0.5533,Abuso de funciones,7032,0.548,Malversación o peculado,2071,0.5358,Actos que ponen en peligro la salud,8042,0.5329,Actos contrarios a disposiciones comerciales o financieras,801,0.5297,Actos contrarios a las normas de conducta orientadas al mantenimiento del orden público,902,0.5296,Actos contra la salud y la seguridad,804,0.5209,Actos contrarios a las disposiciones relativas a los ingresos públicos u otras disposiciones regulatorias,9021,0.5107,Actos contra la salud y la seguridad en el trabajo,7019,0.51,Otros actos de fraude
24050,Infracciones al programa de garantías de apoyo al endeudamiento,701,0.4557,Fraude,806,0.4432,Actos contra el sistema de justicia,7031,0.4392,Soborno,703,0.4389,Corrupción,704,0.4379,Actos relacionados con el producto del delito,7011,0.4376,Fraude financiero,7032,0.4308,Malversación o peculado,7033,0.4269,Abuso de funciones,602,0.4249,"Actos ilícitos relacionados con bebidas alcohólicas, tabaco u otras sustancias sujetas a fiscalización",8062,0.4243,Incumplimiento de órdenes judiciales
30000,Delitos del art. undécimo Ley 20.416 que fija normas especiales para las empresas de menor tamaño,8042,0.5701,Actos contrarios a disposiciones comerciales o financieras,704,0.5235,Actos relacionados con el producto del delito,1102,0.5171,Actos contrarios a las leyes u otras disposiciones sobre menores,701,0.5158,Fraude,11021,0.5038,Delitos en razón de la condición de menor de edad,70112,0.4987,Fraude financiero contra personas naturales o jurídicas,808,0.4975,Actos contrarios al derecho laboral,7035,0.4925,Enriquecimiento ilícito,7034,0.4902,Tráfico de influencias,203,0.4847,Esclavitud y explotación
30100,Delitos de la Ley 20.345,704,0.5834,Actos relacionados con el producto del delito,701,0.5529,Fraude,8042,0.5513,Actos contrarios a disposiciones comerciales o financieras,7011,0.5471,Fraude financiero,7049,0.5453,Otros actos relacionados con el producto del delito,7039,0.5252,Otros actos de corrupción,709,0.5198,"Otros actos que conllevan fraude, engaño o corrupción",703,0.5139,Corrupción,70211,0.5121,Falsificación de medios de pago en efectivo,70212,0.5085,Falsificación de medios de pago distintos del efectivo
99997,Faltas al régimen penitenciario,8062,0.5262,Incumplimiento de órdenes judiciales,1109,0.5238,Otros actos delictivos no clasificados en otra parte,806,0.5223,Actos contra el sistema de justicia,20229,0.5154,Otras formas de privación de libertad,11019,0.5,Otros actos bajo jurisdicción universal,11021,0.4975,Delitos en razón de la condición de menor de edad,1101,0.4969,Actos bajo jurisdicción universal,1102,0.4899,Actos contrarios a las leyes u otras disposiciones sobre menores,20222,0.4857,Retención ilegal,704,0.481,Actos relacionados con el producto del delito
