cnp_codigo,cnp_glosa,top1_codigo,top1_score,top1_glosa,top2_codigo,top2_score,top2_glosa,top3_codigo,top3_score,top3_glosa,top4_codigo,top4_score,top4_glosa,top5_codigo,top5_score,top5_glosa,top6_codigo,top6_score,top6_glosa,top7_codigo,top7_score,top7_glosa,top8_codigo,top8_score,top8_glosa
101,Quebrantamiento,806,0.0064,Actos contra el sistema de justicia,8069,0.0034,Otros actos contra el sistema de justicia,8063,0.003,Intención delictiva,8062,0.0023,Incumplimiento de órdenes judiciales,11015,0.0012,Crímenes de lesa humanidad,104,0.0007,Suicidio asistido o incitación al suicidio,11013,0.0001,Crímenes de guerra,1101,0.0001,Actos bajo jurisdicción universal
201,Libertad de culto,80321,0.2007,Violaciones de las normas sobre creencias u opiniones religiosas,803,0.0694,Actos relacionados con la libertad de expresión o el control de la expresión,8039,0.0605,Otros actos relacionados con la libertad de expresión o el control de la expresión,8031,0.0386,Actos contra la libertad de expresión,110134,0.0212,Actos contra la libertad o la dignidad humana en relación con conflictos armados,20299,0.0031,Otros actos contra la libertad,2029,0.0027,Otros actos contra la libertad,104,0.0001,Suicidio asistido o incitación al suicidio
202,Secuestro,20222,0.5757,Retención ilegal,2022,0.536,Privación de libertad,20221,0.2114,Secuestro,2021,0.1227,Secuestro de menores,20223,0.0424,Secuestro de vehículos,20212,0.0255,Secuestro por otro familiar,20211,0.0079,Secuestro por progenitores,20219,0.0027,Otras formas de secuestro de menores
203,Sustracción de menores,11021,0.5458,Delitos en razón de la condición de menor de edad,1102,0.5423,Actos contrarios a las leyes u otras disposiciones sobre menores,2021,0.2834,Secuestro de menores,20219,0.1895,Otras formas de secuestro de menores,30222,0.141,Prostitución infantil,30113,0.0837,Violación por presunción legal,30223,0.0252,Captación de menores con fines sexuales,30229,0.0172,Otras formas de explotación sexual de menores
204,Violación de morada,211,0.2395,Transgresiones contra las personas,509,0.0416,Otros actos contra la propiedad solamente,5012,0.0053,Robo con entrada ilícita en domicilios particulares,5013,0.0049,Robo con entrada ilícita en locales públicos,50121,0.0028,Robo con entrada ilícita en residencias particulares permanentes,50122,0.0011,Robo con entrada ilícita en residencias particulares no permanentes,501,0.0007,Robo con entrada ilícita,5019,0.0004,Otros actos de robo con entrada ilícita
205,"Apertura, registro o interceptación de correspondencia",704,0.1512,Actos relacionados con el producto del delito,90322,0.0123,Injerencia ilícita en datos informáticos,9033,0.0085,Interceptación o acceso ilícitos a datos informáticos,903,0.006,Actos contra sistemas informáticos,9031,0.0053,Acceso ilícito a sistemas informáticos,9032,0.0025,Injerencia ilícita en sistemas o datos informáticos,5019,0.0011,Otros actos de robo con entrada ilícita,90321,0.0008,Injerencia ilícita en sistemas informáticos
206,"Exacciones ilegales (Art. 147, 157 y 241 Código Penal)",804,0.5677,Actos contrarios a las disposiciones relativas a los ingresos públicos u otras disposiciones regulatorias,7049,0.4513,Otros actos relacionados con el producto del delito,704,0.3976,Actos relacionados con el producto del delito,703,0.388,Corrupción,601,0.1256,Actos ilícitos relacionados con drogas o precursores sujetos a fiscalización,602,0.074,"Actos ilícitos relacionados con bebidas alcohólicas, tabaco u otras sustancias sujetas a fiscalización",60121,0.0478,Tráfico ilícito de drogas sujetas a fiscalización no destinadas al consumo personal,7035,0.011,Enriquecimiento ilícito
207,"Detención, destierro o arresto irregular",20222,0.4024,Retención ilegal,8062,0.1893,Incumplimiento de órdenes judiciales,806,0.1282,Actos contra el sistema de justicia,2022,0.1201,Privación de libertad,110134,0.0724,Actos contra la libertad o la dignidad humana en relación con conflictos armados,805,0.0483,Actos relacionados con la migración,8059,0.0374,Otros actos ilícitos relacionados con la migración,20221,0.0349,Secuestro
208,Violación de prerrogativas,806,0.1235,Actos contra el sistema de justicia,503,0.0796,Delitos contra la propiedad intelectual,3011,0.0641,Violación,2119,0.05,Otras transgresiones contra las personas,904,0.0282,Actos contra la seguridad del Estado,211,0.0193,Transgresiones contra las personas,110134,0.0175,Actos contra la libertad o la dignidad humana en relación con conflictos armados,11013,0.0029,Crímenes de guerra
209,Condenas irregulares,802,0.1823,Actos contrarios a las normas de conducta sexual orientadas al mantenimiento del orden público,8059,0.0482,Otros actos ilícitos relacionados con la migración,1102,0.0458,Actos contrarios a las leyes u otras disposiciones sobre menores,1109,0.0105,Otros actos delictivos no clasificados en otra parte,211,0.007,Transgresiones contra las personas,11013,0.0021,Crímenes de guerra,11019,0.0018,Otros actos bajo jurisdicción universal,104,0.0003,Suicidio asistido o incitación al suicidio
210,Allanamientos irregulares,7033,0.5567,Abuso de funciones,8082,0.333,Violaciones del derecho laboral individual,808,0.272,Actos contrarios al derecho laboral,801,0.2487,Actos contrarios a las normas de conducta orientadas al mantenimiento del orden público,804,0.1968,Actos contrarios a las disposiciones relativas a los ingresos públicos u otras disposiciones regulatorias,8019,0.0479,Otros actos contrarios a las normas de conducta orientadas al mantenimiento del orden público,703,0.0117,Corrupción,7035,0.0028,Enriquecimiento ilícito
211,Delito contra libertad de opinión,8032,0.5855,Actos relacionados con expresiones de creencias y normas sociales controladas,80321,0.5271,Violaciones de las normas sobre creencias u opiniones religiosas,80329,0.4304,Otros actos relacionados con expresiones de creencias y normas sociales controladas,803,0.3015,Actos relacionados con la libertad de expresión o el control de la expresión,8039,0.1926,Otros actos relacionados con la libertad de expresión o el control de la expresión,8031,0.151,Actos contra la libertad de expresión,202,0.0402,Actos contra la libertad,20299,0.0316,Otros actos contra la libertad
212,Delito contra libertad de trabajo,808,0.7259,Actos contrarios al derecho laboral,8082,0.4939,Violaciones del derecho laboral individual,8081,0.3653,Violaciones del derecho laboral colectivo,203,0.062,Esclavitud y explotación,202,0.0396,Actos contra la libertad,2032,0.008,Trabajo forzoso,20323,0.001,Trabajo forzoso para el Estado o las fuerzas armadas,20329,0.0003,Otras formas de trabajo forzoso
213,Delitos contra libertad de reunión,803,0.2021,Actos relacionados con la libertad de expresión o el control de la expresión,8011,0.1992,Delitos relacionados con la alteración violenta del orden público,8031,0.1425,Actos contra la libertad de expresión,8019,0.1022,Otros actos contrarios a las normas de conducta orientadas al mantenimiento del orden público,202,0.0665,Actos contra la libertad,905,0.0036,Actos relacionados con grupos delictivos organizados,9051,0.003,Participación en un grupo delictivo organizado,9061,0.0012,Participación en un grupo terrorista
214,Delitos contra la libertad ambulatoria y el derecho de asociación,202,0.2082,Actos contra la libertad,803,0.1377,Actos relacionados con la libertad de expresión o el control de la expresión,801,0.0608,Actos contrarios a las normas de conducta orientadas al mantenimiento del orden público,808,0.0494,Actos contrarios al derecho laboral,806,0.049,Actos contra el sistema de justicia,8082,0.0386,Violaciones del derecho laboral individual,8081,0.0312,Violaciones del derecho laboral colectivo,905,0.0038,Actos relacionados con grupos delictivos organizados
215,Delito contra el derecho de petición,8069,0.2189,Otros actos contra el sistema de justicia,806,0.2034,Actos contra el sistema de justicia,809,0.1235,"Otros actos contra el orden público, la autoridad y las disposiciones del Estado",110134,0.0917,Actos contra la libertad o la dignidad humana en relación con conflictos armados,1101,0.0121,Actos bajo jurisdicción universal,211,0.0103,Transgresiones contra las personas,11013,0.0051,Crímenes de guerra,104,0.0008,Suicidio asistido o incitación al suicidio
216,"Usurpación de propiedad, descubrimiento o producción",704,0.1057,Actos relacionados con el producto del delito,7049,0.088,Otros actos relacionados con el producto del delito,503,0.059,Delitos contra la propiedad intelectual,904,0.0589,Actos contra la seguridad del Estado,509,0.0467,Otros actos contra la propiedad solamente,409,0.0113,Otros actos contra la propiedad que entrañan violencia o amenaza de violencia contra las personas,5019,0.0064,Otros actos de robo con entrada ilícita,4019,0.0022,Otros actos de robo
217,Violación de secreto de invento,503,0.0807,Delitos contra la propiedad intelectual,8063,0.0628,Intención delictiva,907,0.0558,Infracciones de tráfico no lesivas,1109,0.0296,Otros actos delictivos no clasificados en otra parte,90322,0.0067,Injerencia ilícita en datos informáticos,9032,0.0028,Injerencia ilícita en sistemas o datos informáticos,11013,0.002,Crímenes de guerra,5049,0.0004,Otros daños a bienes
218,Empleado público que expropie bienes o perturbe posesión de otro,7049,0.7031,Otros actos relacionados con el producto del delito,509,0.6433,Otros actos contra la propiedad solamente,503,0.5696,Delitos contra la propiedad intelectual,4012,0.4156,Robo de objetos de valor o bienes en tránsito,203,0.1895,Esclavitud y explotación,2022,0.1493,Privación de libertad,409,0.1406,Otros actos contra la propiedad que entrañan violencia o amenaza de violencia contra las personas,7033,0.1401,Abuso de funciones
219,Prolongación de incomunicación,806,0.028,Actos contra el sistema de justicia,2082,0.0064,Acoso,8062,0.005,Incumplimiento de órdenes judiciales,9033,0.004,Interceptación o acceso ilícitos a datos informáticos,211,0.0034,Transgresiones contra las personas,90321,0.0034,Injerencia ilícita en sistemas informáticos,202,0.0023,Actos contra la libertad,104,0.0001,Suicidio asistido o incitación al suicidio
220,Tormentos a detenidos,806,0.2629,Actos contra el sistema de justicia,8011,0.1804,Delitos relacionados con la alteración violenta del orden público,8062,0.0755,Incumplimiento de órdenes judiciales,11015,0.0471,Crímenes de lesa humanidad,1109,0.0155,Otros actos delictivos no clasificados en otra parte,1101,0.0147,Actos bajo jurisdicción universal,11013,0.0018,Crímenes de guerra,905,0.0008,Actos relacionados con grupos delictivos organizados
221,Delitos contra vida y la privacidad de las conversaciones,2022,0.2177,Privación de libertad,211,0.1837,Transgresiones contra las personas,2119,0.1493,Otras transgresiones contra las personas,9033,0.1274,Interceptación o acceso ilícitos a datos informáticos,30223,0.0417,Captación de menores con fines sexuales,5019,0.0254,Otros actos de robo con entrada ilícita,90322,0.0088,Injerencia ilícita en datos informáticos,9032,0.0035,Injerencia ilícita en sistemas o datos informáticos
222,"Secuestro con homicidio, violación o lesiones",11015,0.7308,Crímenes de lesa humanidad,110131,0.1021,Homicidio o tentativa de causar la muerte o lesiones graves de forma ilícita en conflictos armados,20221,0.0967,Secuestro,101,0.0959,Homicidio intencional,2022,0.0923,Privación de libertad,1109,0.0731,Otros actos delictivos no clasificados en otra parte,104,0.0467,Suicidio asistido o incitación al suicidio,11013,0.0257,Crímenes de guerra
223,Exacciones ilegales cometidas por particulares,804,0.2443,Actos contrarios a las disposiciones relativas a los ingresos públicos u otras disposiciones regulatorias,203,0.1724,Esclavitud y explotación,704,0.1457,Actos relacionados con el producto del delito,601,0.0771,Actos ilícitos relacionados con drogas o precursores sujetos a fiscalización,703,0.0238,Corrupción,60123,0.0104,Cultivo ilícito de drogas sujetas a fiscalización no destinadas al consumo personal,60121,0.0075,Tráfico ilícito de drogas sujetas a fiscalización no destinadas al consumo personal,7035,0.0037,Enriquecimiento ilícito
224,Torturas por particulares agentes del Estado,211,0.0295,Transgresiones contra las personas,104,0.0262,Suicidio asistido o incitación al suicidio,11015,0.0158,Crímenes de lesa humanidad,101,0.014,Homicidio intencional,3011,0.0115,Violación,301,0.0097,Violencia sexual,2119,0.0013,Otras transgresiones contra las personas,1031,0.001,Homicidio no culposo
225,Torturas cometidas por funcionarios públicos,7033,0.484,Abuso de funciones,104,0.1106,Suicidio asistido o incitación al suicidio,802,0.1041,Actos contrarios a las normas de conducta sexual orientadas al mantenimiento del orden público,101,0.046,Homicidio intencional,11015,0.0345,Crímenes de lesa humanidad,110134,0.0142,Actos contra la libertad o la dignidad humana en relación con conflictos armados,806,0.0109,Actos contra el sistema de justicia,11013,0.0016,Crímenes de guerra
226,Promoción odio o violencia con grupos por motivos discriminatorios,80322,0.653,Violaciones de las normas sobre intolerancia e incitación al odio,210,0.6478,Discriminación,11016,0.3184,Crimen de agresión,2102,0.315,Discriminación de grupos,2109,0.0982,Otras formas de discriminación,11015,0.056,Crímenes de lesa humanidad,8063,0.0059,Intención delictiva,11013,0.0013,Crímenes de guerra
227,Tortura para anular voluntad,104,0.0143,Suicidio asistido o incitación al suicidio,8063,0.0081,Intención delictiva,102,0.0036,Tentativa de homicidio intencional,110134,0.003,Actos contra la libertad o la dignidad humana en relación con conflictos armados,11015,0.0024,Crímenes de lesa humanidad,110131,0.0018,Homicidio o tentativa de causar la muerte o lesiones graves de forma ilícita en conflictos armados,101,0.0015,Homicidio intencional,1031,0.0011,Homicidio no culposo
228,Tortura con homicidio,11015,0.2128,Crímenes de lesa humanidad,104,0.0439,Suicidio asistido o incitación al suicidio,1032,0.0135,Homicidio culposo,101,0.0121,Homicidio intencional,1031,0.0115,Homicidio no culposo,110131,0.0104,Homicidio o tentativa de causar la muerte o lesiones graves de forma ilícita en conflictos armados,103,0.0058,Homicidio no intencional,11013,0.0012,Crímenes de guerra
229,"Tortura con violación, abuso sexual agravado u otros",3011,0.2613,Violación,301,0.1593,Violencia sexual,11015,0.1494,Crímenes de lesa humanidad,3012,0.0846,Agresión sexual,30112,0.0388,Violación sin uso de la fuerza,30119,0.0361,Otras formas de violación,30111,0.0284,Violación con uso de la fuerza,11013,0.0031,Crímenes de guerra
230,Tortura con cuasidelito,11015,0.0589,Crímenes de lesa humanidad,101,0.0139,Homicidio intencional,110134,0.0063,Actos contra la libertad o la dignidad humana en relación con conflictos armados,104,0.0054,Suicidio asistido o incitación al suicidio,110131,0.0051,Homicidio o tentativa de causar la muerte o lesiones graves de forma ilícita en conflictos armados,1031,0.0029,Homicidio no culposo,1101,0.0022,Actos bajo jurisdicción universal,11013,0.0003,Crímenes de guerra
231,Apremios ilegítimos cometidos por empleados públicos,8082,0.8556,Violaciones del derecho laboral individual,2032,0.8383,Trabajo forzoso,7033,0.8015,Abuso de funciones,203,0.7734,Esclavitud y explotación,2101,0.6989,Discriminación de personas,808,0.5575,Actos contrarios al derecho laboral,703,0.233,Corrupción,8021,0.0004,Delitos de prostitución
232,Apremios ilegítimos con homicidio,11015,0.2861,Crímenes de lesa humanidad,104,0.2671,Suicidio asistido o incitación al suicidio,101,0.1116,Homicidio intencional,110131,0.102,Homicidio o tentativa de causar la muerte o lesiones graves de forma ilícita en conflictos armados,1031,0.0618,Homicidio no culposo,102,0.0528,Tentativa de homicidio intencional,11016,0.0493,Crimen de agresión,11013,0.0263,Crímenes de guerra
233,"Apremios ilegítimos con violación, abuso sexual agravado y otros",3011,0.41,Violación,11015,0.3477,Crímenes de lesa humanidad,301,0.2876,Violencia sexual,3012,0.1768,Agresión sexual,30111,0.1568,Violación con uso de la fuerza,30119,0.1105,Otras formas de violación,30112,0.0964,Violación sin uso de la fuerza,11013,0.0026,Crímenes de guerra
234,Apremios ilegítimos con cuasidelito,11015,0.0337,Crímenes de lesa humanidad,203,0.0266,Esclavitud y explotación,2109,0.0238,Otras formas de discriminación,2119,0.0102,Otras transgresiones contra las personas,104,0.0051,Suicidio asistido o incitación al suicidio,3011,0.0031,Violación,301,0.0016,Violencia sexual,11013,0.0009,Crímenes de guerra
235,Secuestro con homicidio,11015,0.252,Crímenes de lesa humanidad,20221,0.1453,Secuestro,2022,0.0742,Privación de libertad,101,0.0291,Homicidio intencional,20212,0.0277,Secuestro por otro familiar,1031,0.0103,Homicidio no culposo,110131,0.0087,Homicidio o tentativa de causar la muerte o lesiones graves de forma ilícita en conflictos armados,11013,0.001,Crímenes de guerra
236,Secuestro con violación,20212,0.0504,Secuestro por otro familiar,20221,0.0484,Secuestro,2022,0.0368,Privación de libertad,3011,0.0237,Violación,20211,0.0171,Secuestro por progenitores,20219,0.009,Otras formas de secuestro de menores,301,0.0069,Violencia sexual,11013,0.0024,Crímenes de guerra
237,Secuestro con lesiones,20221,0.0988,Secuestro,2021,0.0511,Secuestro de menores,2022,0.0384,Privación de libertad,20212,0.037,Secuestro por otro familiar,20223,0.0245,Secuestro de vehículos,20219,0.0115,Otras formas de secuestro de menores,20211,0.009,Secuestro por progenitores,11013,0.0012,Crímenes de guerra
248,Secuestro con solicitud de rescate o exigencia o se prolongue por más de 24 hrs.,20211,0.5336,Secuestro por progenitores,20212,0.3393,Secuestro por otro familiar,20221,0.2833,Secuestro,2021,0.2743,Secuestro de menores,20219,0.2138,Otras formas de secuestro de menores,2022,0.2108,Privación de libertad,20223,0.1607,Secuestro de vehículos,20222,0.0471,Retención ilegal
249,Secuestro por más de 15 días o con grave daño en la persona o sus intereses,2022,0.1117,Privación de libertad,20221,0.1032,Secuestro,20212,0.0441,Secuestro por otro familiar,20219,0.037,Otras formas de secuestro de menores,20211,0.0309,Secuestro por progenitores,2021,0.0291,Secuestro de menores,20223,0.017,Secuestro de vehículos,20222,0.0152,Retención ilegal
299,Otros delitos que afectan los derechos garantidos por la Constitución,1109,0.0601,Otros actos delictivos no clasificados en otra parte,11015,0.0521,Crímenes de lesa humanidad,11021,0.0402,Delitos en razón de la condición de menor de edad,1102,0.0304,Actos contrarios a las leyes u otras disposiciones sobre menores,1101,0.0107,Actos bajo jurisdicción universal,11013,0.0082,Crímenes de guerra,11019,0.0046,Otros actos bajo jurisdicción universal,104,0.0009,Suicidio asistido o incitación al suicidio
301,Falsificación de moneda y otros,7029,0.708,Otros actos de falsificación,702,0.7058,Falsificación,70212,0.6808,Falsificación de medios de pago distintos del efectivo,70211,0.6,Falsificación de medios de pago en efectivo,7021,0.5543,Falsificación de medios de pago,7023,0.102,Actos de falsificación de documentos,7022,0.0799,Delitos relacionados con productos falsificados,7019,0.0033,Otros actos de fraude
302,Falsificación o uso malicioso de documentos públicos,7023,0.7604,Actos de falsificación de documentos,7029,0.3805,Otros actos de falsificación,702,0.3543,Falsificación,70211,0.169,Falsificación de medios de pago en efectivo,70212,0.131,Falsificación de medios de pago distintos del efectivo,7021,0.1198,Falsificación de medios de pago,6019,0.0072,Otros actos ilícitos relacionados con drogas o precursores sujetos a fiscalización,7019,0.0061,Otros actos de fraude
303,Falsificación o uso malicioso de documentos privados,7029,0.381,Otros actos de falsificación,7023,0.3759,Actos de falsificación de documentos,702,0.2104,Falsificación,70211,0.0482,Falsificación de medios de pago en efectivo,70212,0.0475,Falsificación de medios de pago distintos del efectivo,7021,0.0346,Falsificación de medios de pago,6019,0.004,Otros actos ilícitos relacionados con drogas o precursores sujetos a fiscalización,7019,0.0027,Otros actos de fraude
304,Falsificación o uso de pasaportes o permisos para porte de armas,702,0.2524,Falsificación,90119,0.2494,Otros actos relacionados con posesión o uso de armas y explosivos,8059,0.2315,Otros actos ilícitos relacionados con la migración,7023,0.1679,Actos de falsificación de documentos,70211,0.1225,Falsificación de medios de pago en efectivo,7021,0.1031,Falsificación de medios de pago,70212,0.0304,Falsificación de medios de pago distintos del efectivo,7022,0.0018,Delitos relacionados con productos falsificados
305,Falsificación de portes de armas,702,0.2496,Falsificación,7029,0.243,Otros actos de falsificación,90119,0.1807,Otros actos relacionados con posesión o uso de armas y explosivos,7023,0.0318,Actos de falsificación de documentos,70212,0.0186,Falsificación de medios de pago distintos del efectivo,7021,0.0114,Falsificación de medios de pago,6019,0.0084,Otros actos ilícitos relacionados con drogas o precursores sujetos a fiscalización,7022,0.0022,Delitos relacionados con productos falsificados
306,"Falso testimonio, perjurio o denuncia calumniosa",8061,0.6075,Obstrucción de la justicia,709,0.4436,"Otros actos que conllevan fraude, engaño o corrupción",7029,0.3782,Otros actos de falsificación,806,0.3746,Actos contra el sistema de justicia,2099,0.3704,Otras formas de difamación o insulto,7023,0.0832,Actos de falsificación de documentos,702,0.0334,Falsificación,7019,0.0276,Otros actos de fraude
307,"Presentación de peritos, testigos o intérpretes que faltaren a la verdad o documentos falsos",7029,0.4635,Otros actos de falsificación,8061,0.1783,Obstrucción de la justicia,7023,0.1567,Actos de falsificación de documentos,702,0.0439,Falsificación,806,0.0146,Actos contra el sistema de justicia,7022,0.0027,Delitos relacionados con productos falsificados,7019,0.0015,Otros actos de fraude,6019,0.0009,Otros actos ilícitos relacionados con drogas o precursores sujetos a fiscalización
308,Ejercicio ilegal de la profesión,7033,0.264,Abuso de funciones,709,0.1449,"Otros actos que conllevan fraude, engaño o corrupción",7019,0.0113,Otros actos de fraude,8059,0.0091,Otros actos ilícitos relacionados con la migración,702,0.0029,Falsificación,7023,0.0023,Actos de falsificación de documentos,601,0.0008,Actos ilícitos relacionados con drogas o precursores sujetos a fiscalización,6019,0.0007,Otros actos ilícitos relacionados con drogas o precursores sujetos a fiscalización
309,Usurpación de nombre,701,0.0106,Fraude,7029,0.0053,Otros actos de falsificación,8061,0.0033,Obstrucción de la justicia,7019,0.0024,Otros actos de fraude,709,0.002,"Otros actos que conllevan fraude, engaño o corrupción",702,0.0017,Falsificación,7023,0.0017,Actos de falsificación de documentos,7022,0.0001,Delitos relacionados con productos falsificados
310,Fingimiento de cargos o profesiones,709,0.3908,"Otros actos que conllevan fraude, engaño o corrupción",7029,0.0723,Otros actos de falsificación,701,0.0166,Fraude,7023,0.0116,Actos de falsificación de documentos,7019,0.0082,Otros actos de fraude,702,0.0045,Falsificación,7021,0.0026,Falsificación de medios de pago,6019,0.0002,Otros actos ilícitos relacionados con drogas o precursores sujetos a fiscalización
311,Falsificación de licencias médicas o pensiones,702,0.2243,Falsificación,70211,0.1198,Falsificación de medios de pago en efectivo,7023,0.0831,Actos de falsificación de documentos,7019,0.0579,Otros actos de fraude,7021,0.0572,Falsificación de medios de pago,70212,0.0461,Falsificación de medios de pago distintos del efectivo,7022,0.0089,Delitos relacionados con productos falsificados,6019,0.0022,Otros actos ilícitos relacionados con drogas o precursores sujetos a fiscalización
312,"Falsificación de certificados por funcionarios públicos, privados y uso malicioso",7029,0.9774,Otros actos de falsificación,702,0.8776,Falsificación,7023,0.8744,Actos de falsificación de documentos,70211,0.6854,Falsificación de medios de pago en efectivo,7021,0.5554,Falsificación de medios de pago,70212,0.5305,Falsificación de medios de pago distintos del efectivo,7019,0.3847,Otros actos de fraude,6019,0.1055,Otros actos ilícitos relacionados con drogas o precursores sujetos a fiscalización
399,"Otros delitos contra la fe pública, de las falsificaciones, del falso testimonio y del perjurio",80321,0.6192,Violaciones de las normas sobre creencias u opiniones religiosas,7029,0.6067,Otros actos de falsificación,709,0.4621,"Otros actos que conllevan fraude, engaño o corrupción",702,0.3287,Falsificación,7023,0.2449,Actos de falsificación de documentos,802,0.1504,Actos contrarios a las normas de conducta sexual orientadas al mantenimiento del orden público,8061,0.1346,Obstrucción de la justicia,7019,0.0805,Otros actos de fraude
401,Anticipación y prolongación indebida de funciones pública,7032,0.1419,Malversación o peculado,7033,0.1186,Abuso de funciones,8063,0.0694,Intención delictiva,808,0.0241,Actos contrarios al derecho laboral,703,0.0192,Corrupción,806,0.0164,Actos contra el sistema de justicia,904,0.0025,Actos contra la seguridad del Estado,8062,0.001,Incumplimiento de órdenes judiciales
402,Nombramientos ilegales,7033,0.0323,Abuso de funciones,808,0.0108,Actos contrarios al derecho laboral,210,0.0065,Discriminación,8082,0.0052,Violaciones del derecho laboral individual,7035,0.0042,Enriquecimiento ilícito,2101,0.0036,Discriminación de personas,2102,0.0027,Discriminación de grupos,2109,0.0011,Otras formas de discriminación
403,Usurpación de atribuciones de empleados públicos y judiciales,7033,0.1816,Abuso de funciones,8069,0.1137,Otros actos contra el sistema de justicia,808,0.1105,Actos contrarios al derecho laboral,7032,0.0523,Malversación o peculado,8082,0.0456,Violaciones del derecho laboral individual,806,0.0203,Actos contra el sistema de justicia,904,0.0034,Actos contra la seguridad del Estado,9032,0.0011,Injerencia ilícita en sistemas o datos informáticos
404,Prevaricación judicial y administrativa,8069,0.4745,Otros actos contra el sistema de justicia,7033,0.4143,Abuso de funciones,806,0.0497,Actos contra el sistema de justicia,8061,0.0346,Obstrucción de la justicia,801,0.0259,Actos contrarios a las normas de conducta orientadas al mantenimiento del orden público,7032,0.0212,Malversación o peculado,8062,0.009,Incumplimiento de órdenes judiciales,904,0.002,Actos contra la seguridad del Estado
405,Prevaricación del abogado y procurador,7033,0.039,Abuso de funciones,8069,0.0133,Otros actos contra el sistema de justicia,8061,0.0123,Obstrucción de la justicia,7032,0.0094,Malversación o peculado,806,0.0032,Actos contra el sistema de justicia,703,0.0022,Corrupción,808,0.0012,Actos contrarios al derecho laboral,8042,0.0005,Actos contrarios a disposiciones comerciales o financieras
406,Malversación de caudales públicos,7032,0.601,Malversación o peculado,7033,0.1356,Abuso de funciones,8049,0.1297,Otros actos contra la administración pública o contra disposiciones regulatorias,704,0.1237,Actos relacionados con el producto del delito,804,0.1087,Actos contrarios a las disposiciones relativas a los ingresos públicos u otras disposiciones regulatorias,801,0.1072,Actos contrarios a las normas de conducta orientadas al mantenimiento del orden público,8041,0.072,Actos contrarios a las disposiciones relativas a los ingresos públicos,802,0.0406,Actos contrarios a las normas de conducta sexual orientadas al mantenimiento del orden público
407,Fraudes al Fisco y organismos del Estado (Art. 239),8041,0.1725,Actos contrarios a las disposiciones relativas a los ingresos públicos,804,0.1512,Actos contrarios a las disposiciones relativas a los ingresos públicos u otras disposiciones regulatorias,704,0.1021,Actos relacionados con el producto del delito,709,0.0683,"Otros actos que conllevan fraude, engaño o corrupción",7011,0.0533,Fraude financiero,70111,0.0346,Fraude financiero contra el Estado,703,0.0242,Corrupción,7039,0.0183,Otros actos de corrupción
408,Infidelidad en la custodia de documentos,7033,0.0798,Abuso de funciones,7032,0.0796,Malversación o peculado,903,0.024,Actos contra sistemas informáticos,90322,0.0186,Injerencia ilícita en datos informáticos,801,0.0108,Actos contrarios a las normas de conducta orientadas al mantenimiento del orden público,904,0.0052,Actos contra la seguridad del Estado,9032,0.0041,Injerencia ilícita en sistemas o datos informáticos,802,0.0006,Actos contrarios a las normas de conducta sexual orientadas al mantenimiento del orden público
409,Violación de secretos,903,0.9489,Actos contra sistemas informáticos,90321,0.402,Injerencia ilícita en sistemas informáticos,9031,0.3455,Acceso ilícito a sistemas informáticos,90322,0.0282,Injerencia ilícita en datos informáticos,904,0.0238,Actos contra la seguridad del Estado,7032,0.0234,Malversación o peculado,9033,0.0177,Interceptación o acceso ilícitos a datos informáticos,9032,0.0059,Injerencia ilícita en sistemas o datos informáticos
410,Cohecho cometido por empleado público,808,0.0471,Actos contrarios al derecho laboral,7031,0.0434,Soborno,8082,0.0432,Violaciones del derecho laboral individual,804,0.0391,Actos contrarios a las disposiciones relativas a los ingresos públicos u otras disposiciones regulatorias,7033,0.0308,Abuso de funciones,8041,0.0237,Actos contrarios a las disposiciones relativas a los ingresos públicos,7032,0.0101,Malversación o peculado,7035,0.0091,Enriquecimiento ilícito
411,Cohecho o soborno cometido por particular,7031,0.2845,Soborno,70311,0.2296,Soborno activo,70312,0.0649,Soborno pasivo,7033,0.0565,Abuso de funciones,7034,0.0531,Tráfico de influencias,7035,0.0403,Enriquecimiento ilícito,703,0.0341,Corrupción,7032,0.008,Malversación o peculado
412,Denegación de auxilio,8063,0.0268,Intención delictiva,104,0.0208,Suicidio asistido o incitación al suicidio,7033,0.013,Abuso de funciones,806,0.0084,Actos contra el sistema de justicia,8061,0.0023,Obstrucción de la justicia,904,0.0011,Actos contra la seguridad del Estado,9032,0.0009,Injerencia ilícita en sistemas o datos informáticos,90321,0.0009,Injerencia ilícita en sistemas informáticos
413,Abandono de destino,7033,0.0192,Abuso de funciones,808,0.0022,Actos contrarios al derecho laboral,8082,0.0018,Violaciones del derecho laboral individual,2062,0.0009,Negligencia profesional,2032,0.0006,Trabajo forzoso,10021,0.0003,Actos relacionados con el traslado o vertimiento de desechos dentro de las fronteras nacionales,10022,0.0003,Actos relacionados con el traslado o vertimiento transfronterizos de desechos,8062,0.0002,Incumplimiento de órdenes judiciales
414,"Abusos contra particulares Arts. 255, 256, 257, 258 y 259",219,0.0174,Otros actos que causan daños o que tienen la intención de causar daños a las personas,7033,0.015,Abuso de funciones,8082,0.0142,Violaciones del derecho laboral individual,808,0.0135,Actos contrarios al derecho laboral,8069,0.0121,Otros actos contra el sistema de justicia,8021,0.0069,Delitos de prostitución,8081,0.0061,Violaciones del derecho laboral colectivo,802,0.0057,Actos contrarios a las normas de conducta sexual orientadas al mantenimiento del orden público
415,Negociación incompatible,7033,0.0119,Abuso de funciones,8082,0.0058,Violaciones del derecho laboral individual,808,0.005,Actos contrarios al derecho laboral,8041,0.0041,Actos contrarios a las disposiciones relativas a los ingresos públicos,804,0.0032,Actos contrarios a las disposiciones relativas a los ingresos públicos u otras disposiciones regulatorias,8081,0.0023,Violaciones del derecho laboral colectivo,8042,0.0011,Actos contrarios a disposiciones comerciales o financieras,703,0.0004,Corrupción
416,Tráfico de influencias,7034,0.15,Tráfico de influencias,704,0.0195,Actos relacionados con el producto del delito,7033,0.0136,Abuso de funciones,7032,0.0119,Malversación o peculado,808,0.0057,Actos contrarios al derecho laboral,703,0.0023,Corrupción,8071,0.0009,Actos encaminados a influir indebidamente en los votantes en elecciones,903,0.0006,Actos contra sistemas informáticos
417,Exacciones ilegales cometidas por funcionario público,7033,0.3767,Abuso de funciones,7035,0.1092,Enriquecimiento ilícito,7032,0.0897,Malversación o peculado,804,0.0616,Actos contrarios a las disposiciones relativas a los ingresos públicos u otras disposiciones regulatorias,703,0.0518,Corrupción,8041,0.0242,Actos contrarios a las disposiciones relativas a los ingresos públicos,7031,0.0081,Soborno,704,0.0065,Actos relacionados con el producto del delito
418,Enriquecimiento ilícito,7035,0.9575,Enriquecimiento ilícito,7033,0.068,Abuso de funciones,804,0.0112,Actos contrarios a las disposiciones relativas a los ingresos públicos u otras disposiciones regulatorias,8082,0.0111,Violaciones del derecho laboral individual,8041,0.0094,Actos contrarios a las disposiciones relativas a los ingresos públicos,808,0.0052,Actos contrarios al derecho laboral,7032,0.0028,Malversación o peculado,703,0.002,Corrupción
419,Fraudes al Fisco y organismos del Estado,7033,0.5007,Abuso de funciones,709,0.1968,"Otros actos que conllevan fraude, engaño o corrupción",7032,0.1857,Malversación o peculado,804,0.1023,Actos contrarios a las disposiciones relativas a los ingresos públicos u otras disposiciones regulatorias,70111,0.0806,Fraude financiero contra el Estado,8041,0.066,Actos contrarios a las disposiciones relativas a los ingresos públicos,703,0.0409,Corrupción,7011,0.0323,Fraude financiero
420,Abusos contra particulares,7033,0.6704,Abuso de funciones,8069,0.3479,Otros actos contra el sistema de justicia,2101,0.0846,Discriminación de personas,808,0.0834,Actos contrarios al derecho laboral,2109,0.0748,Otras formas de discriminación,20619,0.068,Otras formas de negligencia en situaciones de personas bajo cuidado,801,0.0444,Actos contrarios a las normas de conducta orientadas al mantenimiento del orden público,2102,0.0337,Discriminación de grupos
421,Otros abusos contra particulares,8082,0.4777,Violaciones del derecho laboral individual,8069,0.2936,Otros actos contra el sistema de justicia,7033,0.1807,Abuso de funciones,808,0.0416,Actos contrarios al derecho laboral,801,0.0287,Actos contrarios a las normas de conducta orientadas al mantenimiento del orden público,806,0.0198,Actos contra el sistema de justicia,8061,0.0154,Obstrucción de la justicia,8062,0.0043,Incumplimiento de órdenes judiciales
422,Soborno de funcionario público extranjero. Persona natural,7031,0.8904,Soborno,70311,0.6114,Soborno activo,70312,0.5725,Soborno pasivo,703,0.0859,Corrupción,7033,0.0446,Abuso de funciones,7035,0.0216,Enriquecimiento ilícito,7034,0.0137,Tráfico de influencias,8051,0.0032,Delitos de tráfico ilícito de migrantes
423,"Soborno, artículo 250. Persona jurídica",7031,0.2234,Soborno,7033,0.1748,Abuso de funciones,70311,0.1249,Soborno activo,70312,0.0369,Soborno pasivo,808,0.0178,Actos contrarios al derecho laboral,804,0.0136,Actos contrarios a las disposiciones relativas a los ingresos públicos u otras disposiciones regulatorias,703,0.0061,Corrupción,7032,0.0056,Malversación o peculado
424,Soborno de funcionario público extranjero. Persona jurídica,7031,0.8628,Soborno,70311,0.5677,Soborno activo,70312,0.5427,Soborno pasivo,703,0.2219,Corrupción,7034,0.1943,Tráfico de influencias,7035,0.1828,Enriquecimiento ilícito,8051,0.1383,Delitos de tráfico ilícito de migrantes,7033,0.1122,Abuso de funciones
425,Negociación incompatible por persona jurídica,804,0.028,Actos contrarios a las disposiciones relativas a los ingresos públicos u otras disposiciones regulatorias,808,0.0268,Actos contrarios al derecho laboral,8042,0.0261,Actos contrarios a disposiciones comerciales o financieras,8081,0.0189,Violaciones del derecho laboral colectivo,8082,0.0162,Violaciones del derecho laboral individual,704,0.0118,Actos relacionados con el producto del delito,802,0.0102,Actos contrarios a las normas de conducta sexual orientadas al mantenimiento del orden público,2062,0.0043,Negligencia profesional
426,Negociación incompatible de particulares,808,0.0577,Actos contrarios al derecho laboral,804,0.054,Actos contrarios a las disposiciones relativas a los ingresos públicos u otras disposiciones regulatorias,704,0.0293,Actos relacionados con el producto del delito,8041,0.0092,Actos contrarios a las disposiciones relativas a los ingresos públicos,8063,0.0071,Intención delictiva,8043,0.0027,Actos contrarios a las disposiciones sobre apuestas,8045,0.0024,Manipulación del mercado o utilización indebida de información privilegiada,8042,0.0017,Actos contrarios a disposiciones comerciales o financieras
429,Uso de información privilegiada,8045,0.309,Manipulación del mercado o utilización indebida de información privilegiada,7033,0.0104,Abuso de funciones,903,0.0051,Actos contra sistemas informáticos,9033,0.0051,Interceptación o acceso ilícitos a datos informáticos,9032,0.003,Injerencia ilícita en sistemas o datos informáticos,90322,0.0017,Injerencia ilícita en datos informáticos,9031,0.0013,Acceso ilícito a sistemas informáticos,904,0.0011,Actos contra la seguridad del Estado
499,Otros delitos cometidos por empleados públicos en el desempeño de sus cargos,7033,0.8289,Abuso de funciones,7032,0.7582,Malversación o peculado,8069,0.2179,Otros actos contra el sistema de justicia,808,0.1817,Actos contrarios al derecho laboral,801,0.1102,Actos contrarios a las normas de conducta orientadas al mantenimiento del orden público,902,0.0587,Actos contra la salud y la seguridad,9021,0.0496,Actos contra la salud y la seguridad en el trabajo,904,0.0312,Actos contra la seguridad del Estado
501,Desórdenes públicos,8012,0.2682,Actos relacionados con las normas y preceptos sociales y religiosos orientados al mantenimiento del orden público,801,0.0257,Actos contrarios a las normas de conducta orientadas al mantenimiento del orden público,8011,0.0168,Delitos relacionados con la alteración violenta del orden público,8019,0.0122,Otros actos contrarios a las normas de conducta orientadas al mantenimiento del orden público,8032,0.0054,Actos relacionados con expresiones de creencias y normas sociales controladas,802,0.0029,Actos contrarios a las normas de conducta sexual orientadas al mantenimiento del orden público,8021,0.0017,Delitos de prostitución,8029,0.0009,Otros actos contrarios a las normas de conducta sexual orientadas al mantenimiento del orden público
502,Obstrucción a la investigación,8061,0.6244,Obstrucción de la justicia,90321,0.0273,Injerencia ilícita en sistemas informáticos,8062,0.0116,Incumplimiento de órdenes judiciales,903,0.0073,Actos contra sistemas informáticos,806,0.0033,Actos contra el sistema de justicia,9032,0.0032,Injerencia ilícita en sistemas o datos informáticos,9033,0.0009,Interceptación o acceso ilícitos a datos informáticos,904,0.0005,Actos contra la seguridad del Estado
503,Rotura de sellos,8069,0.0369,Otros actos contra el sistema de justicia,8011,0.0229,Delitos relacionados con la alteración violenta del orden público,801,0.0127,Actos contrarios a las normas de conducta orientadas al mantenimiento del orden público,809,0.0114,"Otros actos contra el orden público, la autoridad y las disposiciones del Estado",806,0.0103,Actos contra el sistema de justicia,8063,0.0069,Intención delictiva,904,0.0021,Actos contra la seguridad del Estado,8062,0.0012,Incumplimiento de órdenes judiciales
504,Crímenes y simples delitos de los proveedores,8021,0.0159,Delitos de prostitución,8042,0.0108,Actos contrarios a disposiciones comerciales o financieras,7033,0.0091,Abuso de funciones,704,0.0078,Actos relacionados con el producto del delito,808,0.0063,Actos contrarios al derecho laboral,902,0.0057,Actos contra la salud y la seguridad,8082,0.0055,Violaciones del derecho laboral individual,9021,0.0048,Actos contra la salud y la seguridad en el trabajo
505,"Lotería ilegal, casas de juego y préstamo sobre prenda",8043,0.236,Actos contrarios a las disposiciones sobre apuestas,804,0.1332,Actos contrarios a las disposiciones relativas a los ingresos públicos u otras disposiciones regulatorias,601,0.0595,Actos ilícitos relacionados con drogas o precursores sujetos a fiscalización,704,0.0426,Actos relacionados con el producto del delito,602,0.0203,"Actos ilícitos relacionados con bebidas alcohólicas, tabaco u otras sustancias sujetas a fiscalización",8042,0.0069,Actos contrarios a disposiciones comerciales o financieras,802,0.0048,Actos contrarios a las normas de conducta sexual orientadas al mantenimiento del orden público,60229,0.0023,"Otros actos ilícitos de producción, manipulación, posesión o uso de productos de tabaco"
506,"Violación, revelación y/o aprovechamiento de secretos comerciales",704,0.128,Actos relacionados con el producto del delito,8045,0.0599,Manipulación del mercado o utilización indebida de información privilegiada,503,0.0529,Delitos contra la propiedad intelectual,903,0.0362,Actos contra sistemas informáticos,8042,0.0033,Actos contrarios a disposiciones comerciales o financieras,9033,0.0012,Interceptación o acceso ilícitos a datos informáticos,90322,0.0004,Injerencia ilícita en datos informáticos,9032,0.0,Injerencia ilícita en sistemas o datos informáticos
507,Alteración fraudulenta de precios,70211,0.1615,Falsificación de medios de pago en efectivo,70212,0.1375,Falsificación de medios de pago distintos del efectivo,702,0.0738,Falsificación,7021,0.0204,Falsificación de medios de pago,704,0.0118,Actos relacionados con el producto del delito,8042,0.009,Actos contrarios a disposiciones comerciales o financieras,7019,0.0022,Otros actos de fraude,601,0.0012,Actos ilícitos relacionados con drogas o precursores sujetos a fiscalización
508,"Propagación de enfermedades que afecten a la salud animal o vegetal; elementos químicos, bacteriológicos, radioactivos",2071,0.9287,Actos que ponen en peligro la salud,902,0.6628,Actos contra la salud y la seguridad,10091,0.3789,Actos contra los animales,9021,0.2038,Actos contra la salud y la seguridad en el trabajo,1009,0.1783,Otros actos contra el entorno natural,100311,0.019,Comercio o posesión de especies protegidas dentro de las fronteras nacionales,10032,0.0166,Comercio o posesión de especies animales prohibidas o controladas,207,0.0021,Actos peligrosos
509,Abandono o maltrato animal,10091,0.8869,Actos contra los animales,10032,0.2275,Comercio o posesión de especies animales prohibidas o controladas,219,0.1927,Otros actos que causan daños o que tienen la intención de causar daños a las personas,11015,0.0203,Crímenes de lesa humanidad,203,0.0078,Esclavitud y explotación,11013,0.0033,Crímenes de guerra,1031,0.0021,Homicidio no culposo,104,0.0018,Suicidio asistido o incitación al suicidio
510,Asociaciones ilícitas,9051,0.0793,Participación en un grupo delictivo organizado,8063,0.056,Intención delictiva,602,0.0463,"Actos ilícitos relacionados con bebidas alcohólicas, tabaco u otras sustancias sujetas a fiscalización",905,0.0392,Actos relacionados con grupos delictivos organizados,601,0.0371,Actos ilícitos relacionados con drogas o precursores sujetos a fiscalización,9059,0.0126,Otros actos relacionados con grupos delictivos organizados,1102,0.011,Actos contrarios a las leyes u otras disposiciones sobre menores,704,0.0102,Actos relacionados con el producto del delito
511,Amenazas de atentados contra personas y propiedades,409,0.7632,Otros actos contra la propiedad que entrañan violencia o amenaza de violencia contra las personas,8011,0.5313,Delitos relacionados con la alteración violenta del orden público,2012,0.2698,Amenaza,8063,0.2333,Intención delictiva,201,0.1732,Agresiones y amenazas,11016,0.1273,Crimen de agresión,9069,0.1099,Otros actos relacionados con las actividades de un grupo terrorista,102,0.0295,Tentativa de homicidio intencional
512,Connivencia en la fuga y evasión culpable de detenidos,8062,0.0703,Incumplimiento de órdenes judiciales,806,0.0626,Actos contra el sistema de justicia,104,0.0229,Suicidio asistido o incitación al suicidio,8063,0.0161,Intención delictiva,805,0.0032,Actos relacionados con la migración,8051,0.0027,Delitos de tráfico ilícito de migrantes,8059,0.0026,Otros actos ilícitos relacionados con la migración,60121,0.0008,Tráfico ilícito de drogas sujetas a fiscalización no destinadas al consumo personal
513,Contra la salud pública. Arts. 313 al 318,9029,0.3217,Otros actos contra la salud y la seguridad,902,0.3136,Actos contra la salud y la seguridad,9021,0.1126,Actos contra la salud y la seguridad en el trabajo,8011,0.1123,Delitos relacionados con la alteración violenta del orden público,801,0.0392,Actos contrarios a las normas de conducta orientadas al mantenimiento del orden público,2071,0.0346,Actos que ponen en peligro la salud,8032,0.0243,Actos relacionados con expresiones de creencias y normas sociales controladas,802,0.0197,Actos contrarios a las normas de conducta sexual orientadas al mantenimiento del orden público
514,Infracción normas inhumaciones y exhumaciones,2119,0.1454,Otras transgresiones contra las personas,101,0.0504,Homicidio intencional,11015,0.0443,Crímenes de lesa humanidad,1002,0.0345,Actos relacionados con el traslado o vertimiento de desechos,10021,0.0283,Actos relacionados con el traslado o vertimiento de desechos dentro de las fronteras nacionales,211,0.0168,Transgresiones contra las personas,104,0.002,Suicidio asistido o incitación al suicidio,8029,0.0016,Otros actos contrarios a las normas de conducta sexual orientadas al mantenimiento del orden público
515,Atentados y amenazas contra la autoridad,8011,0.9074,Delitos relacionados con la alteración violenta del orden público,201,0.8263,Agresiones y amenazas,8069,0.8181,Otros actos contra el sistema de justicia,908,0.68,Otros actos contra la seguridad pública y la seguridad del Estado,904,0.0931,Actos contra la seguridad del Estado,11013,0.0674,Crímenes de guerra,110131,0.0571,Homicidio o tentativa de causar la muerte o lesiones graves de forma ilícita en conflictos armados,11016,0.0495,Crimen de agresión
516,Oponerse a la acción de la autoridad pública o sus agentes,8011,0.2372,Delitos relacionados con la alteración violenta del orden público,8012,0.0826,Actos relacionados con las normas y preceptos sociales y religiosos orientados al mantenimiento del orden público,801,0.0764,Actos contrarios a las normas de conducta orientadas al mantenimiento del orden público,8063,0.0692,Intención delictiva,809,0.0457,"Otros actos contra el orden público, la autoridad y las disposiciones del Estado",8019,0.032,Otros actos contrarios a las normas de conducta orientadas al mantenimiento del orden público,806,0.0258,Actos contra el sistema de justicia,8062,0.0172,Incumplimiento de órdenes judiciales
518,Porte de arma cortante o punzante,8011,0.1196,Delitos relacionados con la alteración violenta del orden público,90111,0.092,Posesión o uso ilícitos de armas de fuego,60219,0.0683,"Otros actos ilícitos de producción, manipulación, posesión o uso de productos alcohólicos",901,0.0508,"Actos relacionados con armas, explosivos y otros materiales destructivos",60212,0.0507,"Producción, tráfico o distribución ilícitos de productos alcohólicos",6021,0.0347,"Producción, manipulación, posesión o uso ilícitos de productos alcohólicos",9011,0.0115,Posesión o uso de armas y explosivos,602,0.0074,"Actos ilícitos relacionados con bebidas alcohólicas, tabaco u otras sustancias sujetas a fiscalización"
519,"Falsa alarma de incendio, emergencia o calamidad pública",8012,0.0898,Actos relacionados con las normas y preceptos sociales y religiosos orientados al mantenimiento del orden público,8019,0.0429,Otros actos contrarios a las normas de conducta orientadas al mantenimiento del orden público,90321,0.0402,Injerencia ilícita en sistemas informáticos,504,0.0398,Daños a la propiedad,8011,0.0293,Delitos relacionados con la alteración violenta del orden público,801,0.0255,Actos contrarios a las normas de conducta orientadas al mantenimiento del orden público,806,0.0252,Actos contra el sistema de justicia,104,0.0033,Suicidio asistido o incitación al suicidio
520,"Obstrucción a la investigación por fiscal o asistente del fiscal, del Ministerio Público",8061,0.0771,Obstrucción de la justicia,8062,0.0112,Incumplimiento de órdenes judiciales,904,0.0058,Actos contra la seguridad del Estado,903,0.0031,Actos contra sistemas informáticos,806,0.0029,Actos contra el sistema de justicia,90321,0.0009,Injerencia ilícita en sistemas informáticos,601,0.0008,Actos ilícitos relacionados con drogas o precursores sujetos a fiscalización,9033,0.0001,Interceptación o acceso ilícitos a datos informáticos
521,Homicidio de fiscales o defensores en el desempeño de sus funciones,7033,0.1762,Abuso de funciones,8063,0.0375,Intención delictiva,806,0.0212,Actos contra el sistema de justicia,905,0.0139,Actos relacionados con grupos delictivos organizados,904,0.01,Actos contra la seguridad del Estado,908,0.009,Otros actos contra la seguridad pública y la seguridad del Estado,101,0.007,Homicidio intencional,1032,0.0048,Homicidio culposo
522,"Maltrato de obra a fiscales o defensores en el desempeño de sus funciones, incluye castración y mutilación",9021,0.0276,Actos contra la salud y la seguridad en el trabajo,8069,0.016,Otros actos contra el sistema de justicia,8082,0.0115,Violaciones del derecho laboral individual,808,0.0077,Actos contrarios al derecho laboral,7033,0.0073,Abuso de funciones,801,0.0046,Actos contrarios a las normas de conducta orientadas al mantenimiento del orden público,802,0.0029,Actos contrarios a las normas de conducta sexual orientadas al mantenimiento del orden público,8021,0.0027,Delitos de prostitución
523,Amenaza a fiscales o defensores en el desempeño de sus funciones,8069,0.0311,Otros actos contra el sistema de justicia,801,0.0215,Actos contrarios a las normas de conducta orientadas al mantenimiento del orden público,806,0.02,Actos contra el sistema de justicia,8011,0.0123,Delitos relacionados con la alteración violenta del orden público,802,0.0114,Actos contrarios a las normas de conducta sexual orientadas al mantenimiento del orden público,904,0.0111,Actos contra la seguridad del Estado,908,0.0069,Otros actos contra la seguridad pública y la seguridad del Estado,8062,0.0024,Incumplimiento de órdenes judiciales
524,Amenazas simples contra personas y propiedades,409,0.1697,Otros actos contra la propiedad que entrañan violencia o amenaza de violencia contra las personas,2012,0.1571,Amenaza,2019,0.0468,Otras formas de agresiones y amenazas,20112,0.0231,Agresión leve,20121,0.0205,Amenaza grave,8011,0.0129,Delitos relacionados con la alteración violenta del orden público,20122,0.0122,Amenaza leve,201,0.0062,Agresiones y amenazas
525,Amenazas condicionales contra personas y propiedades,2012,0.6934,Amenaza,409,0.1879,Otros actos contra la propiedad que entrañan violencia o amenaza de violencia contra las personas,2019,0.1419,Otras formas de agresiones y amenazas,8063,0.0899,Intención delictiva,20121,0.0416,Amenaza grave,8011,0.018,Delitos relacionados con la alteración violenta del orden público,201,0.0155,Agresiones y amenazas,2089,0.0033,Otros actos dirigidos a inducir miedo o angustia emocional
526,Contra la salud pública. Arts. 313 A y 313 B,9029,0.4525,Otros actos contra la salud y la seguridad,902,0.2229,Actos contra la salud y la seguridad,9021,0.0666,Actos contra la salud y la seguridad en el trabajo,2071,0.0319,Actos que ponen en peligro la salud,2062,0.0236,Negligencia profesional,6019,0.0032,Otros actos ilícitos relacionados con drogas o precursores sujetos a fiscalización,7019,0.003,Otros actos de fraude,601,0.0001,Actos ilícitos relacionados con drogas o precursores sujetos a fiscalización
527,Contra la salud pública. Arts. 313 D al 315 y Art. 317,2071,0.5543,Actos que ponen en peligro la salud,902,0.4091,Actos contra la salud y la seguridad,6029,0.296,"Otros actos ilícitos relacionados con bebidas alcohólicas, tabaco u otras sustancias sujetas a fiscalización",9021,0.1553,Actos contra la salud y la seguridad en el trabajo,6019,0.0409,Otros actos ilícitos relacionados con drogas o precursores sujetos a fiscalización,602,0.0053,"Actos ilícitos relacionados con bebidas alcohólicas, tabaco u otras sustancias sujetas a fiscalización",601,0.0031,Actos ilícitos relacionados con drogas o precursores sujetos a fiscalización,6012,0.0028,"Tráfico, cultivo o producción ilícitos de drogas o precursores sujetos a fiscalización no destinados al consumo personal"
528,Corrupción entre particulares,7039,0.4991,Otros actos de corrupción,704,0.1709,Actos relacionados con el producto del delito,7033,0.1226,Abuso de funciones,703,0.1211,Corrupción,804,0.1172,Actos contrarios a las disposiciones relativas a los ingresos públicos u otras disposiciones regulatorias,7035,0.0386,Enriquecimiento ilícito,8042,0.002,Actos contrarios a disposiciones comerciales o financieras,7032,0.0004,Malversación o peculado
529,Corrupción entre particulares cometido por personas jurídicas,704,0.121,Actos relacionados con el producto del delito,7033,0.1108,Abuso de funciones,7034,0.0811,Tráfico de influencias,804,0.0794,Actos contrarios a las disposiciones relativas a los ingresos públicos u otras disposiciones regulatorias,7039,0.0483,Otros actos de corrupción,7035,0.0193,Enriquecimiento ilícito,703,0.0163,Corrupción,8042,0.0022,Actos contrarios a disposiciones comerciales o financieras
530,Amenazas contra profesionales y funcionarios de salud y manipuladores de alimentos,9029,0.9714,Otros actos contra la salud y la seguridad,902,0.8766,Actos contra la salud y la seguridad,2012,0.6873,Amenaza,9021,0.686,Actos contra la salud y la seguridad en el trabajo,2071,0.4447,Actos que ponen en peligro la salud,201,0.1806,Agresiones y amenazas,808,0.0415,Actos contrarios al derecho laboral,207,0.0273,Actos peligrosos
531,Lesiones contra profesional y funcionario de salud y manipuladores de alimentos,9029,0.865,Otros actos contra la salud y la seguridad,2062,0.5215,Negligencia profesional,902,0.3886,Actos contra la salud y la seguridad,9021,0.1874,Actos contra la salud y la seguridad en el trabajo,207,0.063,Actos peligrosos,2071,0.0478,Actos que ponen en peligro la salud,219,0.0423,Otros actos que causan daños o que tienen la intención de causar daños a las personas,808,0.0201,Actos contrarios al derecho laboral
532,Interrumpir libre circulación Ley 21.208 Inc. 1,803,0.1835,Actos relacionados con la libertad de expresión o el control de la expresión,907,0.1212,Infracciones de tráfico no lesivas,8011,0.1133,Delitos relacionados con la alteración violenta del orden público,202,0.0826,Actos contra la libertad,801,0.0241,Actos contrarios a las normas de conducta orientadas al mantenimiento del orden público,806,0.011,Actos contra el sistema de justicia,8061,0.002,Obstrucción de la justicia,8062,0.0007,Incumplimiento de órdenes judiciales
533,Lanzar objetos a la vía pública con muerte o lesiones Ley 21.208 Inc. 2,907,0.4049,Infracciones de tráfico no lesivas,104,0.3825,Suicidio asistido o incitación al suicidio,207,0.3719,Actos peligrosos,8011,0.2318,Delitos relacionados con la alteración violenta del orden público,10322,0.1357,Homicidio no ocasionado por tránsito vehicular,902,0.0738,Actos contra la salud y la seguridad,10321,0.0679,Homicidio por tránsito vehicular,20111,0.0574,Agresión grave
534,Diseminar gérmenes para causar enfermedad,902,0.0134,Actos contra la salud y la seguridad,2071,0.0035,Actos que ponen en peligro la salud,9021,0.0019,Actos contra la salud y la seguridad en el trabajo,60124,0.0015,Desviación ilícita de precursores no destinados al consumo personal,110131,0.0012,Homicidio o tentativa de causar la muerte o lesiones graves de forma ilícita en conflictos armados,8063,0.0005,Intención delictiva,8032,0.0003,Actos relacionados con expresiones de creencias y normas sociales controladas,6012,0.0001,"Tráfico, cultivo o producción ilícitos de drogas o precursores sujetos a fiscalización no destinados al consumo personal"
535,Infringir normas higiénicas y de salubridad,9029,0.3185,Otros actos contra la salud y la seguridad,2071,0.2327,Actos que ponen en peligro la salud,902,0.0975,Actos contra la salud y la seguridad,9021,0.0431,Actos contra la salud y la seguridad en el trabajo,8012,0.0342,Actos relacionados con las normas y preceptos sociales y religiosos orientados al mantenimiento del orden público,8011,0.0148,Delitos relacionados con la alteración violenta del orden público,801,0.0118,Actos contrarios a las normas de conducta orientadas al mantenimiento del orden público,802,0.001,Actos contrarios a las normas de conducta sexual orientadas al mantenimiento del orden público
536,Propagar contagio a sabiendas,8012,0.0312,Actos relacionados con las normas y preceptos sociales y religiosos orientados al mantenimiento del orden público,902,0.0226,Actos contra la salud y la seguridad,2071,0.0187,Actos que ponen en peligro la salud,601,0.0158,Actos ilícitos relacionados con drogas o precursores sujetos a fiscalización,9021,0.0062,Actos contra la salud y la seguridad en el trabajo,8032,0.0062,Actos relacionados con expresiones de creencias y normas sociales controladas,801,0.0025,Actos contrarios a las normas de conducta orientadas al mantenimiento del orden público,802,0.0012,Actos contrarios a las normas de conducta sexual orientadas al mantenimiento del orden público
537,Empleador que ordena infringir cuarentena,902,0.0575,Actos contra la salud y la seguridad,8012,0.0467,Actos relacionados con las normas y preceptos sociales y religiosos orientados al mantenimiento del orden público,9021,0.0407,Actos contra la salud y la seguridad en el trabajo,808,0.0162,Actos contrarios al derecho laboral,801,0.0133,Actos contrarios a las normas de conducta orientadas al mantenimiento del orden público,8032,0.0088,Actos relacionados con expresiones de creencias y normas sociales controladas,805,0.0038,Actos relacionados con la migración,8062,0.0031,Incumplimiento de órdenes judiciales
538,Ultraje de cadáver,219,0.777,Otros actos que causan daños o que tienen la intención de causar daños a las personas,1031,0.0766,Homicidio no culposo,103,0.0602,Homicidio no intencional,203,0.0593,Esclavitud y explotación,2119,0.0545,Otras transgresiones contra las personas,1032,0.0258,Homicidio culposo,11015,0.021,Crímenes de lesa humanidad,101,0.0187,Homicidio intencional
539,Ultraje de sepultura,2119,0.015,Otras transgresiones contra las personas,101,0.0042,Homicidio intencional,103,0.0025,Homicidio no intencional,1032,0.0023,Homicidio culposo,1031,0.0022,Homicidio no culposo,11015,0.0016,Crímenes de lesa humanidad,104,0.0011,Suicidio asistido o incitación al suicidio,106,0.0005,Feticidio ilegal
540,Uso indebido de facultades asociadas a las técnicas especiales de investigación,903,0.4216,Actos contra sistemas informáticos,8063,0.2634,Intención delictiva,704,0.2477,Actos relacionados con el producto del delito,2021,0.1393,Secuestro de menores,601,0.1366,Actos ilícitos relacionados con drogas o precursores sujetos a fiscalización,602,0.0637,"Actos ilícitos relacionados con bebidas alcohólicas, tabaco u otras sustancias sujetas a fiscalización",9033,0.0073,Interceptación o acceso ilícitos a datos informáticos,904,0.0046,Actos contra la seguridad del Estado
541,"Infracción al secreto y prohibición de información relativa a testigos, agentes encubiertos, reveladores e informantes",904,0.0308,Actos contra la seguridad del Estado,8061,0.0252,Obstrucción de la justicia,903,0.0238,Actos contra sistemas informáticos,90322,0.0196,Injerencia ilícita en datos informáticos,90321,0.0074,Injerencia ilícita en sistemas informáticos,2021,0.0071,Secuestro de menores,9033,0.0057,Interceptación o acceso ilícitos a datos informáticos,9032,0.0038,Injerencia ilícita en sistemas o datos informáticos
542,Asociación delictiva o criminal mediante una persona jurídica,8063,0.0772,Intención delictiva,9051,0.0539,Participación en un grupo delictivo organizado,905,0.0149,Actos relacionados con grupos delictivos organizados,704,0.0085,Actos relacionados con el producto del delito,9059,0.0058,Otros actos relacionados con grupos delictivos organizados,8042,0.0028,Actos contrarios a disposiciones comerciales o financieras,1102,0.0013,Actos contrarios a las leyes u otras disposiciones sobre menores,11019,0.0009,Otros actos bajo jurisdicción universal
543,Incumplimiento de reserva registro de llamadas,8019,0.0096,Otros actos contrarios a las normas de conducta orientadas al mantenimiento del orden público,803,0.0081,Actos relacionados con la libertad de expresión o el control de la expresión,801,0.0074,Actos contrarios a las normas de conducta orientadas al mantenimiento del orden público,802,0.007,Actos contrarios a las normas de conducta sexual orientadas al mantenimiento del orden público,905,0.0068,Actos relacionados con grupos delictivos organizados,903,0.0044,Actos contra sistemas informáticos,806,0.0032,Actos contra el sistema de justicia,8062,0.0012,Incumplimiento de órdenes judiciales
544,Atentados contra el medio ambiente,1004,0.2679,Actos que provocan el agotamiento o la degradación de los recursos naturales,8011,0.1718,Delitos relacionados con la alteración violenta del orden público,10019,0.1089,Otros actos que causan contaminación o degradación del medio ambiente,801,0.1051,Actos contrarios a las normas de conducta orientadas al mantenimiento del orden público,1001,0.0467,Actos que causan contaminación o degradación del medio ambiente,1009,0.0448,Otros actos contra el entorno natural,10099,0.0422,Otros actos contra el entorno natural,1002,0.0092,Actos relacionados con el traslado o vertimiento de desechos
545,Portar aparatos de comunicación en recintos penitenciarios,903,0.7341,Actos contra sistemas informáticos,8063,0.1643,Intención delictiva,9031,0.0731,Acceso ilícito a sistemas informáticos,9039,0.0542,Otros actos contra sistemas informáticos,90322,0.0413,Injerencia ilícita en datos informáticos,90321,0.038,Injerencia ilícita en sistemas informáticos,9033,0.0058,Interceptación o acceso ilícitos a datos informáticos,9032,0.0035,Injerencia ilícita en sistemas o datos informáticos
546,Omisión denuncia por funcionario público de tenencia elementos tecnológicos,903,0.036,Actos contra sistemas informáticos,90322,0.0216,Injerencia ilícita en datos informáticos,9039,0.0184,Otros actos contra sistemas informáticos,90321,0.0113,Injerencia ilícita en sistemas informáticos,9031,0.0083,Acceso ilícito a sistemas informáticos,904,0.0056,Actos contra la seguridad del Estado,9033,0.003,Interceptación o acceso ilícitos a datos informáticos,9032,0.0008,Injerencia ilícita en sistemas o datos informáticos
547,Portar injustificadamente combustible en lugares de uso público,8063,0.0225,Intención delictiva,8011,0.0084,Delitos relacionados con la alteración violenta del orden público,8012,0.007,Actos relacionados con las normas y preceptos sociales y religiosos orientados al mantenimiento del orden público,90111,0.0042,Posesión o uso ilícitos de armas de fuego,8019,0.0029,Otros actos contrarios a las normas de conducta orientadas al mantenimiento del orden público,801,0.0028,Actos contrarios a las normas de conducta orientadas al mantenimiento del orden público,104,0.0003,Suicidio asistido o incitación al suicidio,110132,0.0001,Destrucción o daños ilícitos a la propiedad en relación con conflictos armados
548,Registro de las actuaciones policiales,908,0.3304,Otros actos contra la seguridad pública y la seguridad del Estado,8011,0.1256,Delitos relacionados con la alteración violenta del orden público,806,0.1218,Actos contra el sistema de justicia,903,0.0746,Actos contra sistemas informáticos,801,0.0609,Actos contrarios a las normas de conducta orientadas al mantenimiento del orden público,904,0.0499,Actos contra la seguridad del Estado,802,0.0249,Actos contrarios a las normas de conducta sexual orientadas al mantenimiento del orden público,9032,0.0088,Injerencia ilícita en sistemas o datos informáticos
549,Contaminación grave imprudente,902,0.0328,Actos contra la salud y la seguridad,10019,0.0275,Otros actos que causan contaminación o degradación del medio ambiente,801,0.0181,Actos contrarios a las normas de conducta orientadas al mantenimiento del orden público,2071,0.0116,Actos que ponen en peligro la salud,207,0.0093,Actos peligrosos,1001,0.0065,Actos que causan contaminación o degradación del medio ambiente,1002,0.0008,Actos relacionados con el traslado o vertimiento de desechos,10021,0.0004,Actos relacionados con el traslado o vertimiento de desechos dentro de las fronteras nacionales
550,"Comercializar, distribuir o instalar máquinas de juegos ilegales Art. 276 bis Código Penal",8043,0.1043,Actos contrarios a las disposiciones sobre apuestas,8032,0.0648,Actos relacionados con expresiones de creencias y normas sociales controladas,60121,0.0328,Tráfico ilícito de drogas sujetas a fiscalización no destinadas al consumo personal,601,0.0248,Actos ilícitos relacionados con drogas o precursores sujetos a fiscalización,60229,0.0226,"Otros actos ilícitos de producción, manipulación, posesión o uso de productos de tabaco",6022,0.0144,"Producción, manipulación, posesión o uso ilícitos de productos de tabaco",602,0.0115,"Actos ilícitos relacionados con bebidas alcohólicas, tabaco u otras sustancias sujetas a fiscalización",60222,0.0073,"Producción, tráfico o distribución ilícitos de productos de tabaco"
551,Delitos medioambientales dolosos,10019,0.2525,Otros actos que causan contaminación o degradación del medio ambiente,1004,0.0494,Actos que provocan el agotamiento o la degradación de los recursos naturales,1001,0.0398,Actos que causan contaminación o degradación del medio ambiente,10099,0.0386,Otros actos contra el entorno natural,1002,0.0323,Actos relacionados con el traslado o vertimiento de desechos,1009,0.0271,Otros actos contra el entorno natural,10021,0.018,Actos relacionados con el traslado o vertimiento de desechos dentro de las fronteras nacionales,10022,0.0126,Actos relacionados con el traslado o vertimiento transfronterizos de desechos
552,Asociación ilícita para la comisión de simples delitos,8063,0.0912,Intención delictiva,11021,0.0385,Delitos en razón de la condición de menor de edad,905,0.0329,Actos relacionados con grupos delictivos organizados,9051,0.027,Participación en un grupo delictivo organizado,8011,0.0204,Delitos relacionados con la alteración violenta del orden público,9059,0.0144,Otros actos relacionados con grupos delictivos organizados,1102,0.0098,Actos contrarios a las leyes u otras disposiciones sobre menores,9061,0.0079,Participación en un grupo terrorista
553,Asociación ilícita para la comisión de simples crímenes,704,0.067,Actos relacionados con el producto del delito,8063,0.036,Intención delictiva,9061,0.0122,Participación en un grupo terrorista,9051,0.0105,Participación en un grupo delictivo organizado,905,0.0085,Actos relacionados con grupos delictivos organizados,104,0.0077,Suicidio asistido o incitación al suicidio,8011,0.0061,Delitos relacionados con la alteración violenta del orden público,9059,0.0048,Otros actos relacionados con grupos delictivos organizados
554,Amenaza u ofrecimiento de beneficio económico para prestar falso testimonio u omitir declarar en proceso por asociación ilícita,704,0.3947,Actos relacionados con el producto del delito,8063,0.1842,Intención delictiva,8061,0.1062,Obstrucción de la justicia,905,0.01,Actos relacionados con grupos delictivos organizados,806,0.0066,Actos contra el sistema de justicia,8042,0.0023,Actos contrarios a disposiciones comerciales o financieras,7019,0.0013,Otros actos de fraude,104,0.0013,Suicidio asistido o incitación al suicidio
597,Declaración falsa denunciante anónimo,702,0.0072,Falsificación,7023,0.0062,Actos de falsificación de documentos,8061,0.0029,Obstrucción de la justicia,709,0.0022,"Otros actos que conllevan fraude, engaño o corrupción",701,0.0013,Fraude,7019,0.0012,Otros actos de fraude,90321,0.0006,Injerencia ilícita en sistemas informáticos,904,0.0003,Actos contra la seguridad del Estado
599,Otros delitos contra el orden y la seguridad pública cometidos por particulares,8011,0.7663,Delitos relacionados con la alteración violenta del orden público,802,0.6471,Actos contrarios a las normas de conducta sexual orientadas al mantenimiento del orden público,801,0.5947,Actos contrarios a las normas de conducta orientadas al mantenimiento del orden público,8012,0.3362,Actos relacionados con las normas y preceptos sociales y religiosos orientados al mantenimiento del orden público,9059,0.2403,Otros actos relacionados con grupos delictivos organizados,8063,0.2124,Intención delictiva,8019,0.0838,Otros actos contrarios a las normas de conducta orientadas al mantenimiento del orden público,905,0.0454,Actos relacionados con grupos delictivos organizados
601,Aborto,802,0.5474,Actos contrarios a las normas de conducta sexual orientadas al mantenimiento del orden público,106,0.2927,Feticidio ilegal,8029,0.1793,Otros actos contrarios a las normas de conducta sexual orientadas al mantenimiento del orden público,809,0.0997,"Otros actos contra el orden público, la autoridad y las disposiciones del Estado",8021,0.0511,Delitos de prostitución,11015,0.008,Crímenes de lesa humanidad,101,0.0007,Homicidio intencional,1031,0.0,Homicidio no culposo
602,Abandono de niños,20611,0.3538,Negligencia en situaciones de menores bajo cuidado,30221,0.1028,Pornografía infantil,2021,0.0954,Secuestro de menores,20212,0.0538,Secuestro por otro familiar,809,0.0501,"Otros actos contra el orden público, la autoridad y las disposiciones del Estado",20211,0.022,Secuestro por progenitores,20619,0.0101,Otras formas de negligencia en situaciones de personas bajo cuidado,802,0.0032,Actos contrarios a las normas de conducta sexual orientadas al mantenimiento del orden público
603,Abandono de cónyuge o de parientes enfermos,20612,0.0494,Negligencia en situaciones de otras personas dependientes bajo cuidado,20292,0.0277,Matrimonio forzado,809,0.0272,"Otros actos contra el orden público, la autoridad y las disposiciones del Estado",20619,0.0271,Otras formas de negligencia en situaciones de personas bajo cuidado,802,0.0167,Actos contrarios a las normas de conducta sexual orientadas al mantenimiento del orden público,8029,0.0125,Otros actos contrarios a las normas de conducta sexual orientadas al mantenimiento del orden público,106,0.0034,Feticidio ilegal,8062,0.0009,Incumplimiento de órdenes judiciales
604,Usurpación de estado civil,802,0.3887,Actos contrarios a las normas de conducta sexual orientadas al mantenimiento del orden público,809,0.088,"Otros actos contra el orden público, la autoridad y las disposiciones del Estado",3011,0.0469,Violación,8029,0.014,Otros actos contrarios a las normas de conducta sexual orientadas al mantenimiento del orden público,211,0.0131,Transgresiones contra las personas,509,0.003,Otros actos contra la propiedad solamente,2119,0.0025,Otras transgresiones contra las personas,20292,0.0021,Matrimonio forzado
605,Inducir a un menor a abandonar el hogar,2021,0.3525,Secuestro de menores,20212,0.2344,Secuestro por otro familiar,30221,0.1571,Pornografía infantil,30113,0.1433,Violación por presunción legal,30222,0.1003,Prostitución infantil,3022,0.0907,Explotación sexual de menores,20211,0.0487,Secuestro por progenitores,11021,0.0181,Delitos en razón de la condición de menor de edad
606,Rapto,802,0.4288,Actos contrarios a las normas de conducta sexual orientadas al mantenimiento del orden público,3011,0.3725,Violación,302,0.0634,Explotación sexual,8021,0.0565,Delitos de prostitución,3022,0.0145,Explotación sexual de menores,4019,0.0018,Otros actos de robo,5019,0.0009,Otros actos de robo con entrada ilícita,501,0.0008,Robo con entrada ilícita
607,Violación,3011,0.7393,Violación,301,0.5676,Violencia sexual,802,0.5081,Actos contrarios a las normas de conducta sexual orientadas al mantenimiento del orden público,30119,0.4755,Otras formas de violación,8029,0.3384,Otros actos contrarios a las normas de conducta sexual orientadas al mantenimiento del orden público,11021,0.068,Delitos en razón de la condición de menor de edad,8021,0.0475,Delitos de prostitución,8022,0.0407,Delitos de pornografía
608,Estupro,30113,0.2192,Violación por presunción legal,302,0.1179,Explotación sexual,3011,0.0955,Violación,301,0.0716,Violencia sexual,30223,0.0681,Captación de menores con fines sexuales,30229,0.0231,Otras formas de explotación sexual de menores,30222,0.0146,Prostitución infantil,3022,0.01,Explotación sexual de menores
609,Incesto,301,0.0207,Violencia sexual,3011,0.0093,Violación,3012,0.0042,Agresión sexual,8029,0.002,Otros actos contrarios a las normas de conducta sexual orientadas al mantenimiento del orden público,802,0.0019,Actos contrarios a las normas de conducta sexual orientadas al mantenimiento del orden público,809,0.0016,"Otros actos contra el orden público, la autoridad y las disposiciones del Estado",30113,0.0006,Violación por presunción legal,20212,0.0005,Secuestro por otro familiar
610,Promover o facilitar prostitución de menores,30222,0.872,Prostitución infantil,30221,0.8329,Pornografía infantil,3022,0.7554,Explotación sexual de menores,802,0.5,Actos contrarios a las normas de conducta sexual orientadas al mantenimiento del orden público,30113,0.4356,Violación por presunción legal,8021,0.311,Delitos de prostitución,30229,0.1769,Otras formas de explotación sexual de menores,11021,0.0559,Delitos en razón de la condición de menor de edad
611,Sodomía,802,0.5299,Actos contrarios a las normas de conducta sexual orientadas al mantenimiento del orden público,3011,0.3407,Violación,8029,0.2549,Otros actos contrarios a las normas de conducta sexual orientadas al mantenimiento del orden público,301,0.2218,Violencia sexual,8021,0.0683,Delitos de prostitución,3012,0.0414,Agresión sexual,11015,0.0085,Crímenes de lesa humanidad,1031,0.0001,Homicidio no culposo
612,Violación sodomítica,301,0.6419,Violencia sexual,3011,0.5572,Violación,30119,0.4769,Otras formas de violación,802,0.4498,Actos contrarios a las normas de conducta sexual orientadas al mantenimiento del orden público,8029,0.3109,Otros actos contrarios a las normas de conducta sexual orientadas al mantenimiento del orden público,3012,0.1797,Agresión sexual,8021,0.0697,Delitos de prostitución,30113,0.0488,Violación por presunción legal
613,Abusos deshonestos,802,0.3964,Actos contrarios a las normas de conducta sexual orientadas al mantenimiento del orden público,8029,0.2845,Otros actos contrarios a las normas de conducta sexual orientadas al mantenimiento del orden público,3011,0.2552,Violación,301,0.2416,Violencia sexual,30119,0.1527,Otras formas de violación,8021,0.0962,Delitos de prostitución,8022,0.065,Delitos de pornografía,3012,0.0409,Agresión sexual
614,Trata de blancas,3011,0.5148,Violación,802,0.4029,Actos contrarios a las normas de conducta sexual orientadas al mantenimiento del orden público,301,0.321,Violencia sexual,8029,0.105,Otros actos contrarios a las normas de conducta sexual orientadas al mantenimiento del orden público,3012,0.0908,Agresión sexual,8021,0.0596,Delitos de prostitución,8022,0.0541,Delitos de pornografía,11021,0.0463,Delitos en razón de la condición de menor de edad
615,Ultraje público a las buenas costumbres,8011,0.0532,Delitos relacionados con la alteración violenta del orden público,802,0.0322,Actos contrarios a las normas de conducta sexual orientadas al mantenimiento del orden público,809,0.0209,"Otros actos contra el orden público, la autoridad y las disposiciones del Estado",8012,0.014,Actos relacionados con las normas y preceptos sociales y religiosos orientados al mantenimiento del orden público,8029,0.0098,Otros actos contrarios a las normas de conducta sexual orientadas al mantenimiento del orden público,801,0.0071,Actos contrarios a las normas de conducta orientadas al mantenimiento del orden público,8022,0.0051,Delitos de pornografía,8021,0.003,Delitos de prostitución
616,Difusión de material pornográfico (pornografía).,8022,0.5418,Delitos de pornografía,802,0.3661,Actos contrarios a las normas de conducta sexual orientadas al mantenimiento del orden público,3011,0.3192,Violación,30221,0.1772,Pornografía infantil,8029,0.1236,Otros actos contrarios a las normas de conducta sexual orientadas al mantenimiento del orden público,3022,0.0643,Explotación sexual de menores,8021,0.0465,Delitos de prostitución,30113,0.0216,Violación por presunción legal
617,Bigamia,8029,0.0597,Otros actos contrarios a las normas de conducta sexual orientadas al mantenimiento del orden público,20292,0.0366,Matrimonio forzado,802,0.0095,Actos contrarios a las normas de conducta sexual orientadas al mantenimiento del orden público,80321,0.0077,Violaciones de las normas sobre creencias u opiniones religiosas,809,0.0032,"Otros actos contra el orden público, la autoridad y las disposiciones del Estado",8022,0.0021,Delitos de pornografía,8021,0.0014,Delitos de prostitución,8012,0.0013,Actos relacionados con las normas y preceptos sociales y religiosos orientados al mantenimiento del orden público
618,Delitos de significación sexual,3011,0.2694,Violación,802,0.2665,Actos contrarios a las normas de conducta sexual orientadas al mantenimiento del orden público,301,0.203,Violencia sexual,8029,0.1292,Otros actos contrarios a las normas de conducta sexual orientadas al mantenimiento del orden público,8021,0.103,Delitos de prostitución,11021,0.0973,Delitos en razón de la condición de menor de edad,3012,0.0663,Agresión sexual,30113,0.0324,Violación por presunción legal
619,Abuso sexual sin contacto corporal de mayor de 14 años y menor de 18 años,802,0.7007,Actos contrarios a las normas de conducta sexual orientadas al mantenimiento del orden público,3011,0.4791,Violación,30223,0.224,Captación de menores con fines sexuales,301,0.2062,Violencia sexual,30113,0.1879,Violación por presunción legal,30229,0.0747,Otras formas de explotación sexual de menores,3022,0.0309,Explotación sexual de menores,11021,0.011,Delitos en razón de la condición de menor de edad
620,Abuso sexual sin contacto corporal de menor 14 años,30113,0.5161,Violación por presunción legal,30223,0.4346,Captación de menores con fines sexuales,1102,0.248,Actos contrarios a las leyes u otras disposiciones sobre menores,30221,0.1872,Pornografía infantil,3022,0.1539,Explotación sexual de menores,30229,0.1114,Otras formas de explotación sexual de menores,11021,0.0649,Delitos en razón de la condición de menor de edad,30222,0.0454,Prostitución infantil
621,Violación de menor de 14 años,3011,0.4937,Violación,30223,0.129,Captación de menores con fines sexuales,30113,0.0718,Violación por presunción legal,11021,0.0415,Delitos en razón de la condición de menor de edad,1102,0.014,Actos contrarios a las leyes u otras disposiciones sobre menores,30221,0.0086,Pornografía infantil,30229,0.0078,Otras formas de explotación sexual de menores,3022,0.0058,Explotación sexual de menores
622,Abuso sexual adulto,3011,0.5269,Violación,11021,0.3834,Delitos en razón de la condición de menor de edad,301,0.3333,Violencia sexual,802,0.3299,Actos contrarios a las normas de conducta sexual orientadas al mantenimiento del orden público,30113,0.1507,Violación por presunción legal,8029,0.136,Otros actos contrarios a las normas de conducta sexual orientadas al mantenimiento del orden público,3012,0.1126,Agresión sexual,8021,0.0288,Delitos de prostitución
623,Abuso sexual con contacto corporal de menor de 14 años,30223,0.0846,Captación de menores con fines sexuales,30113,0.055,Violación por presunción legal,3011,0.0323,Violación,1102,0.0104,Actos contrarios a las leyes u otras disposiciones sobre menores,11021,0.0088,Delitos en razón de la condición de menor de edad,3022,0.0085,Explotación sexual de menores,30222,0.0061,Prostitución infantil,30229,0.0048,Otras formas de explotación sexual de menores
624,Aborto consentido por causales no reguladas,106,0.092,Feticidio ilegal,809,0.0748,"Otros actos contra el orden público, la autoridad y las disposiciones del Estado",3011,0.0661,Violación,20292,0.0474,Matrimonio forzado,802,0.0362,Actos contrarios a las normas de conducta sexual orientadas al mantenimiento del orden público,8029,0.0327,Otros actos contrarios a las normas de conducta sexual orientadas al mantenimiento del orden público,301,0.0266,Violencia sexual,104,0.0062,Suicidio asistido o incitación al suicidio
625,Aborto sin consentimiento,106,0.5918,Feticidio ilegal,3011,0.469,Violación,301,0.4104,Violencia sexual,30112,0.3043,Violación sin uso de la fuerza,20292,0.1881,Matrimonio forzado,802,0.1322,Actos contrarios a las normas de conducta sexual orientadas al mantenimiento del orden público,101,0.0037,Homicidio intencional,1031,0.0032,Homicidio no culposo
626,Trata de personas,802,0.4482,Actos contrarios a las normas de conducta sexual orientadas al mantenimiento del orden público,301,0.4282,Violencia sexual,8029,0.1872,Otros actos contrarios a las normas de conducta sexual orientadas al mantenimiento del orden público,3012,0.1087,Agresión sexual,8022,0.0794,Delitos de pornografía,8021,0.0671,Delitos de prostitución,11021,0.0625,Delitos en razón de la condición de menor de edad,11015,0.0384,Crímenes de lesa humanidad
627,Trata de personas calificada,301,0.4203,Violencia sexual,802,0.2627,Actos contrarios a las normas de conducta sexual orientadas al mantenimiento del orden público,8029,0.1216,Otros actos contrarios a las normas de conducta sexual orientadas al mantenimiento del orden público,11021,0.0884,Delitos en razón de la condición de menor de edad,3012,0.0714,Agresión sexual,8021,0.0673,Delitos de prostitución,8022,0.0469,Delitos de pornografía,11015,0.0277,Crímenes de lesa humanidad
628,Violación con homicidio o femicidio,101,0.5979,Homicidio intencional,301,0.4915,Violencia sexual,1031,0.4506,Homicidio no culposo,110131,0.3146,Homicidio o tentativa de causar la muerte o lesiones graves de forma ilícita en conflictos armados,103,0.3143,Homicidio no intencional,11015,0.3116,Crímenes de lesa humanidad,1032,0.2914,Homicidio culposo,11013,0.1341,Crímenes de guerra
629,Producción material pornográfico utilizando menores de 18 años,11021,0.3441,Delitos en razón de la condición de menor de edad,3022,0.3183,Explotación sexual de menores,30221,0.2706,Pornografía infantil,30229,0.1726,Otras formas de explotación sexual de menores,30223,0.1698,Captación de menores con fines sexuales,1102,0.0644,Actos contrarios a las leyes u otras disposiciones sobre menores,30113,0.0296,Violación por presunción legal,30222,0.024,Prostitución infantil
630,Comercialización material pornográfico elaborado usando menores de 18 años,30221,0.3835,Pornografía infantil,11021,0.2534,Delitos en razón de la condición de menor de edad,3022,0.1898,Explotación sexual de menores,30229,0.1667,Otras formas de explotación sexual de menores,30223,0.1167,Captación de menores con fines sexuales,1102,0.0664,Actos contrarios a las leyes u otras disposiciones sobre menores,30222,0.0545,Prostitución infantil,30113,0.0531,Violación por presunción legal
631,Adquisición o almacenamiento material pornográfico infantil,8022,0.688,Delitos de pornografía,30221,0.6614,Pornografía infantil,802,0.4622,Actos contrarios a las normas de conducta sexual orientadas al mantenimiento del orden público,3022,0.3908,Explotación sexual de menores,30223,0.2353,Captación de menores con fines sexuales,30229,0.1212,Otras formas de explotación sexual de menores,30222,0.0977,Prostitución infantil,30113,0.008,Violación por presunción legal
632,Obtención de servicios sexuales de menores,30222,0.6635,Prostitución infantil,3022,0.5361,Explotación sexual de menores,30223,0.2704,Captación de menores con fines sexuales,30113,0.2263,Violación por presunción legal,30229,0.1779,Otras formas de explotación sexual de menores,11021,0.1406,Delitos en razón de la condición de menor de edad,1102,0.1348,Actos contrarios a las leyes u otras disposiciones sobre menores,30221,0.1125,Pornografía infantil
633,Abuso sexual calificado (con introducción de objetos o uso de animales),3011,0.131,Violación,30129,0.0601,Otros actos de agresión sexual no clasificados en otra parte,301,0.0578,Violencia sexual,30111,0.0352,Violación con uso de la fuerza,30112,0.0347,Violación sin uso de la fuerza,3012,0.033,Agresión sexual,802,0.0222,Actos contrarios a las normas de conducta sexual orientadas al mantenimiento del orden público,8029,0.0062,Otros actos contrarios a las normas de conducta sexual orientadas al mantenimiento del orden público
634,Abuso sexual de mayor de 14 años y menor de 18 años con circunstancia de estupro,30113,0.149,Violación por presunción legal,30229,0.1252,Otras formas de explotación sexual de menores,301,0.1117,Violencia sexual,3011,0.073,Violación,3022,0.0402,Explotación sexual de menores,802,0.0394,Actos contrarios a las normas de conducta sexual orientadas al mantenimiento del orden público,3012,0.0296,Agresión sexual,30222,0.0171,Prostitución infantil
635,Abuso sexual de mayor de 14 (con circunstancias de violación),301,0.2084,Violencia sexual,302,0.1378,Explotación sexual,3011,0.1308,Violación,30113,0.0781,Violación por presunción legal,30129,0.0651,Otros actos de agresión sexual no clasificados en otra parte,8029,0.0429,Otros actos contrarios a las normas de conducta sexual orientadas al mantenimiento del orden público,802,0.0363,Actos contrarios a las normas de conducta sexual orientadas al mantenimiento del orden público,3012,0.0273,Agresión sexual
636,Aborto cometido por facultativo por causales no reguladas,106,0.0166,Feticidio ilegal,3011,0.0135,Violación,809,0.0078,"Otros actos contra el orden público, la autoridad y las disposiciones del Estado",802,0.0064,Actos contrarios a las normas de conducta sexual orientadas al mantenimiento del orden público,20292,0.0039,Matrimonio forzado,8029,0.0013,Otros actos contrarios a las normas de conducta sexual orientadas al mantenimiento del orden público,104,0.0009,Suicidio asistido o incitación al suicidio,101,0.0005,Homicidio intencional
637,Violación de mayor de 14 años,301,0.2554,Violencia sexual,3011,0.2241,Violación,30113,0.1356,Violación por presunción legal,3012,0.0607,Agresión sexual,802,0.0186,Actos contrarios a las normas de conducta sexual orientadas al mantenimiento del orden público,30112,0.0167,Violación sin uso de la fuerza,8029,0.0139,Otros actos contrarios a las normas de conducta sexual orientadas al mantenimiento del orden público,11021,0.0102,Delitos en razón de la condición de menor de edad
638,"Captación, grabación y difusión de registros audiovisuales de partes íntimas",3011,0.4719,Violación,301,0.4179,Violencia sexual,802,0.3181,Actos contrarios a las normas de conducta sexual orientadas al mantenimiento del orden público,8022,0.1518,Delitos de pornografía,30113,0.1432,Violación por presunción legal,30221,0.1205,Pornografía infantil,8029,0.0856,Otros actos contrarios a las normas de conducta sexual orientadas al mantenimiento del orden público,3022,0.0135,Explotación sexual de menores
639,Abuso sexual de mayor de 14 años por sorpresa y/o sin consentimiento,3011,0.7323,Violación,301,0.3533,Violencia sexual,30129,0.3036,Otros actos de agresión sexual no clasificados en otra parte,30112,0.2831,Violación sin uso de la fuerza,30113,0.2458,Violación por presunción legal,802,0.0745,Actos contrarios a las normas de conducta sexual orientadas al mantenimiento del orden público,8029,0.0698,Otros actos contrarios a las normas de conducta sexual orientadas al mantenimiento del orden público,3012,0.0499,Agresión sexual
640,Acoso sexual en lugares públicos o de libre acceso público,3011,0.811,Violación,301,0.778,Violencia sexual,802,0.7311,Actos contrarios a las normas de conducta sexual orientadas al mantenimiento del orden público,8029,0.5384,Otros actos contrarios a las normas de conducta sexual orientadas al mantenimiento del orden público,30129,0.5289,Otros actos de agresión sexual no clasificados en otra parte,3012,0.1191,Agresión sexual,8022,0.0835,Delitos de pornografía,8021,0.0607,Delitos de prostitución
647,Transmisión de imágenes de connotación sexual de menor 18 años,30223,0.0631,Captación de menores con fines sexuales,30113,0.0615,Violación por presunción legal,30221,0.0275,Pornografía infantil,30229,0.0054,Otras formas de explotación sexual de menores,802,0.0033,Actos contrarios a las normas de conducta sexual orientadas al mantenimiento del orden público,30222,0.0029,Prostitución infantil,11021,0.0027,Delitos en razón de la condición de menor de edad,3022,0.0023,Explotación sexual de menores
648,Comercialización de material pornográfico de menores de 18 años,8022,0.1957,Delitos de pornografía,30221,0.1677,Pornografía infantil,30229,0.1304,Otras formas de explotación sexual de menores,30113,0.1056,Violación por presunción legal,3022,0.0988,Explotación sexual de menores,30223,0.0266,Captación de menores con fines sexuales,11021,0.0151,Delitos en razón de la condición de menor de edad,802,0.015,Actos contrarios a las normas de conducta sexual orientadas al mantenimiento del orden público
649,Producción material pornográfico utilizando menores de 18 años,30221,0.2054,Pornografía infantil,3022,0.0437,Explotación sexual de menores,30229,0.0269,Otras formas de explotación sexual de menores,30223,0.0191,Captación de menores con fines sexuales,30113,0.0127,Violación por presunción legal,802,0.0105,Actos contrarios a las normas de conducta sexual orientadas al mantenimiento del orden público,11021,0.0085,Delitos en razón de la condición de menor de edad,30222,0.0058,Prostitución infantil
650,Adquisición o almacenamiento material pornográfico infantil,30221,0.3906,Pornografía infantil,3022,0.148,Explotación sexual de menores,8022,0.0502,Delitos de pornografía,30222,0.0423,Prostitución infantil,30223,0.0265,Captación de menores con fines sexuales,30229,0.0103,Otras formas de explotación sexual de menores,30113,0.0082,Violación por presunción legal,802,0.0052,Actos contrarios a las normas de conducta sexual orientadas al mantenimiento del orden público
651,Exhibición de registros de contenido sexual sin consentimiento,3011,0.2612,Violación,30112,0.0722,Violación sin uso de la fuerza,802,0.0536,Actos contrarios a las normas de conducta sexual orientadas al mantenimiento del orden público,8029,0.032,Otros actos contrarios a las normas de conducta sexual orientadas al mantenimiento del orden público,30113,0.0174,Violación por presunción legal,8022,0.0127,Delitos de pornografía,8021,0.0054,Delitos de prostitución,3022,0.0031,Explotación sexual de menores
652,Difusión de registros de contenido sexual sin consentimiento,3011,0.2827,Violación,301,0.0847,Violencia sexual,30221,0.0332,Pornografía infantil,8022,0.0295,Delitos de pornografía,30113,0.0265,Violación por presunción legal,802,0.0254,Actos contrarios a las normas de conducta sexual orientadas al mantenimiento del orden público,8021,0.016,Delitos de prostitución,8029,0.0047,Otros actos contrarios a las normas de conducta sexual orientadas al mantenimiento del orden público
699,"Otros delitos contra el orden de las familias, contra la moralidad pública y contra la integridad sexual",809,0.8414,"Otros actos contra el orden público, la autoridad y las disposiciones del Estado",8029,0.6615,Otros actos contrarios a las normas de conducta sexual orientadas al mantenimiento del orden público,802,0.6309,Actos contrarios a las normas de conducta sexual orientadas al mantenimiento del orden público,8011,0.5019,Delitos relacionados con la alteración violenta del orden público,801,0.234,Actos contrarios a las normas de conducta orientadas al mantenimiento del orden público,8022,0.2276,Delitos de pornografía,8021,0.2019,Delitos de prostitución,8012,0.1971,Actos relacionados con las normas y preceptos sociales y religiosos orientados al mantenimiento del orden público
701,Parricidio,11014,0.0017,Genocidio,102,0.0001,Tentativa de homicidio intencional,101,0.0001,Homicidio intencional,104,0.0001,Suicidio asistido o incitación al suicidio,1031,0.0001,Homicidio no culposo,106,0.0,Feticidio ilegal,103,0.0,Homicidio no intencional,1032,0.0,Homicidio culposo
702,Homicidio,11015,0.0329,Crímenes de lesa humanidad,110131,0.0224,Homicidio o tentativa de causar la muerte o lesiones graves de forma ilícita en conflictos armados,1031,0.0182,Homicidio no culposo,101,0.0155,Homicidio intencional,103,0.0151,Homicidio no intencional,102,0.012,Tentativa de homicidio intencional,104,0.01,Suicidio asistido o incitación al suicidio,1032,0.0024,Homicidio culposo
703,Homicidio calificado,104,0.1301,Suicidio asistido o incitación al suicidio,1031,0.0473,Homicidio no culposo,101,0.0424,Homicidio intencional,11015,0.0321,Crímenes de lesa humanidad,102,0.0257,Tentativa de homicidio intencional,103,0.0251,Homicidio no intencional,110131,0.0139,Homicidio o tentativa de causar la muerte o lesiones graves de forma ilícita en conflictos armados,1032,0.0047,Homicidio culposo
704,Homicidio simple,11015,0.0345,Crímenes de lesa humanidad,1031,0.0281,Homicidio no culposo,110131,0.0154,Homicidio o tentativa de causar la muerte o lesiones graves de forma ilícita en conflictos armados,104,0.0132,Suicidio asistido o incitación al suicidio,103,0.0067,Homicidio no intencional,101,0.0027,Homicidio intencional,102,0.002,Tentativa de homicidio intencional,1032,0.0009,Homicidio culposo
705,Homicidio en riña o pelea,1031,0.2175,Homicidio no culposo,103,0.0424,Homicidio no intencional,107,0.0326,Homicidio ilícito relacionado con conflictos armados,110131,0.0286,Homicidio o tentativa de causar la muerte o lesiones graves de forma ilícita en conflictos armados,101,0.0261,Homicidio intencional,1032,0.0239,Homicidio culposo,102,0.0234,Tentativa de homicidio intencional,11013,0.0042,Crímenes de guerra
706,Auxilio al suicidio,1041,0.5038,Suicidio asistido,104,0.4743,Suicidio asistido o incitación al suicidio,1042,0.3232,Otros actos de suicidio asistido o incitación al suicidio,109,0.0155,Otros actos que causan la muerte o que tienen la intención de causar la muerte,103,0.0063,Homicidio no intencional,1031,0.0035,Homicidio no culposo,101,0.0025,Homicidio intencional,102,0.0014,Tentativa de homicidio intencional
707,Infanticidio,106,0.0117,Feticidio ilegal,101,0.0028,Homicidio intencional,104,0.0028,Suicidio asistido o incitación al suicidio,1031,0.0021,Homicidio no culposo,20211,0.0011,Secuestro por progenitores,102,0.001,Tentativa de homicidio intencional,103,0.0001,Homicidio no intencional,1032,0.0,Homicidio culposo
708,Lesiones corporales,207,0.5956,Actos peligrosos,2079,0.4243,Otros actos peligrosos,20111,0.1475,Agresión grave,20112,0.0722,Agresión leve,11013,0.054,Crímenes de guerra,11015,0.0525,Crímenes de lesa humanidad,219,0.0288,Otros actos que causan daños o que tienen la intención de causar daños a las personas,2019,0.0161,Otras formas de agresiones y amenazas
709,Lesiones graves,20111,0.461,Agresión grave,11015,0.0621,Crímenes de lesa humanidad,206,0.055,Negligencia,207,0.0335,Actos peligrosos,2079,0.0221,Otros actos peligrosos,219,0.0156,Otros actos que causan daños o que tienen la intención de causar daños a las personas,9021,0.0085,Actos contra la salud y la seguridad en el trabajo,902,0.0043,Actos contra la salud y la seguridad
710,Lesiones menos graves,2079,0.2032,Otros actos peligrosos,20112,0.1574,Agresión leve,2069,0.0667,Otros actos de negligencia,206,0.0488,Negligencia,207,0.0446,Actos peligrosos,219,0.0103,Otros actos que causan daños o que tienen la intención de causar daños a las personas,2019,0.0061,Otras formas de agresiones y amenazas,907,0.001,Infracciones de tráfico no lesivas
715,Calumnia,702,0.0079,Falsificación,8061,0.0062,Obstrucción de la justicia,2099,0.003,Otras formas de difamación o insulto,701,0.0026,Fraude,7019,0.0024,Otros actos de fraude,704,0.0023,Actos relacionados con el producto del delito,709,0.0017,"Otros actos que conllevan fraude, engaño o corrupción",104,0.0005,Suicidio asistido o incitación al suicidio
716,Injuria,209,0.2322,Difamación o insulto,2091,0.0675,Difamación o insulto debido a las características de la víctima o a los atributos que se le imputan,210,0.058,Discriminación,2099,0.0349,Otras formas de difamación o insulto,2109,0.0247,Otras formas de discriminación,2092,0.0228,Difamación o insulto debido a las creencias o valores que se le imputan a la víctima,8069,0.0173,Otros actos contra el sistema de justicia,80322,0.0114,Violaciones de las normas sobre intolerancia e incitación al odio
717,Lesiones graves gravísimas,20111,0.3893,Agresión grave,206,0.0911,Negligencia,2079,0.0621,Otros actos peligrosos,207,0.0413,Actos peligrosos,2069,0.0379,Otros actos de negligencia,110131,0.0374,Homicidio o tentativa de causar la muerte o lesiones graves de forma ilícita en conflictos armados,11015,0.019,Crímenes de lesa humanidad,219,0.0121,Otros actos que causan daños o que tienen la intención de causar daños a las personas
718,Castración y mutilación,2119,0.0466,Otras transgresiones contra las personas,219,0.0372,Otros actos que causan daños o que tienen la intención de causar daños a las personas,1031,0.0026,Homicidio no culposo,11015,0.001,Crímenes de lesa humanidad,104,0.0009,Suicidio asistido o incitación al suicidio,101,0.0004,Homicidio intencional,110131,0.0002,Homicidio o tentativa de causar la muerte o lesiones graves de forma ilícita en conflictos armados,106,0.0001,Feticidio ilegal
719,Mutilación,2119,0.3999,Otras transgresiones contra las personas,110131,0.0676,Homicidio o tentativa de causar la muerte o lesiones graves de forma ilícita en conflictos armados,11015,0.0208,Crímenes de lesa humanidad,1031,0.01,Homicidio no culposo,11013,0.0068,Crímenes de guerra,101,0.0021,Homicidio intencional,104,0.001,Suicidio asistido o incitación al suicidio,219,0.0006,Otros actos que causan daños o que tienen la intención de causar daños a las personas
720,Femicidio íntimo,301,0.0743,Violencia sexual,1031,0.01,Homicidio no culposo,101,0.0033,Homicidio intencional,102,0.003,Tentativa de homicidio intencional,11015,0.0019,Crímenes de lesa humanidad,103,0.0018,Homicidio no intencional,106,0.0012,Feticidio ilegal,1032,0.0011,Homicidio culposo
721,Tráfico de migrantes,8051,0.9558,Delitos de tráfico ilícito de migrantes,805,0.1431,Actos relacionados con la migración,8059,0.1403,Otros actos ilícitos relacionados con la migración,10021,0.0024,Actos relacionados con el traslado o vertimiento de desechos dentro de las fronteras nacionales,60121,0.0012,Tráfico ilícito de drogas sujetas a fiscalización no destinadas al consumo personal,10022,0.0006,Actos relacionados con el traslado o vertimiento transfronterizos de desechos,6012,0.0006,"Tráfico, cultivo o producción ilícitos de drogas o precursores sujetos a fiscalización no destinados al consumo personal",100312,0.0001,Tráfico transfronterizo de especies protegidas
722,Tráfico de migrantes cometidos por funcionario público,8051,0.9512,Delitos de tráfico ilícito de migrantes,805,0.4863,Actos relacionados con la migración,8059,0.4189,Otros actos ilícitos relacionados con la migración,211,0.1186,Transgresiones contra las personas,204,0.0452,Trata de personas,10021,0.0122,Actos relacionados con el traslado o vertimiento de desechos dentro de las fronteras nacionales,1002,0.0019,Actos relacionados con el traslado o vertimiento de desechos,10022,0.0013,Actos relacionados con el traslado o vertimiento transfronterizos de desechos
723,Trata de personas para la explotación sexual,302,0.8337,Explotación sexual,204,0.7816,Trata de personas,3011,0.6637,Violación,301,0.3889,Violencia sexual,2041,0.2391,Trata de personas con fines de explotación sexual,3012,0.1287,Agresión sexual,203,0.0197,Esclavitud y explotación,30229,0.0182,Otras formas de explotación sexual de menores
724,Trata de personas menores de 18 años,3011,0.4862,Violación,11021,0.0583,Delitos en razón de la condición de menor de edad,30113,0.0431,Violación por presunción legal,1102,0.0153,Actos contrarios a las leyes u otras disposiciones sobre menores,30223,0.0128,Captación de menores con fines sexuales,3022,0.0073,Explotación sexual de menores,30229,0.0046,Otras formas de explotación sexual de menores,30222,0.0028,Prostitución infantil
725,Asociación ilícita para tráfico de migrantes y/o trata de personas,8051,0.279,Delitos de tráfico ilícito de migrantes,2119,0.1608,Otras transgresiones contra las personas,204,0.1311,Trata de personas,8059,0.0675,Otros actos ilícitos relacionados con la migración,805,0.0535,Actos relacionados con la migración,2044,0.0447,Trata de personas con otros fines,10022,0.0008,Actos relacionados con el traslado o vertimiento transfronterizos de desechos,104,0.0001,Suicidio asistido o incitación al suicidio
726,Promover o facilitar entrada o salida de personas del país para prostitución,8021,0.0548,Delitos de prostitución,802,0.0401,Actos contrarios a las normas de conducta sexual orientadas al mantenimiento del orden público,30222,0.0329,Prostitución infantil,3022,0.0285,Explotación sexual de menores,8059,0.0263,Otros actos ilícitos relacionados con la migración,805,0.0199,Actos relacionados con la migración,8051,0.018,Delitos de tráfico ilícito de migrantes,3012,0.0051,Agresión sexual
727,Trata de personas para trabajos forzados y otros,204,0.9142,Trata de personas,2042,0.4036,Trata de personas con fines de trabajo o servicios forzosos,2032,0.2155,Trabajo forzoso,20329,0.0582,Otras formas de trabajo forzoso,2044,0.0392,Trata de personas con otros fines,203,0.0349,Esclavitud y explotación,20323,0.0282,Trabajo forzoso para el Estado o las fuerzas armadas,2031,0.0009,Esclavitud
763,Maltrato corporal a menores o personas vulnerables,219,0.5198,Otros actos que causan daños o que tienen la intención de causar daños a las personas,20611,0.1031,Negligencia en situaciones de menores bajo cuidado,2061,0.0708,Negligencia en situaciones de personas bajo cuidado,20619,0.025,Otras formas de negligencia en situaciones de personas bajo cuidado,11015,0.0181,Crímenes de lesa humanidad,20111,0.0174,Agresión grave,30113,0.0052,Violación por presunción legal,30229,0.0046,Otras formas de explotación sexual de menores
764,Maltrato cometido por persona con deber de cuidado,219,0.0647,Otros actos que causan daños o que tienen la intención de causar daños a las personas,2061,0.0339,Negligencia en situaciones de personas bajo cuidado,20619,0.0241,Otras formas de negligencia en situaciones de personas bajo cuidado,203,0.012,Esclavitud y explotación,20612,0.012,Negligencia en situaciones de otras personas dependientes bajo cuidado,204,0.0119,Trata de personas,20611,0.0091,Negligencia en situaciones de menores bajo cuidado,30113,0.0009,Violación por presunción legal
765,Tratos degradantes a personas vulnerables,211,0.0907,Transgresiones contra las personas,210,0.0372,Discriminación,2102,0.0256,Discriminación de grupos,2119,0.0187,Otras transgresiones contra las personas,110134,0.0115,Actos contra la libertad o la dignidad humana en relación con conflictos armados,11015,0.0054,Crímenes de lesa humanidad,2109,0.0052,Otras formas de discriminación,2044,0.0029,Trata de personas con otros fines
766,Femicidio no íntimo,103,0.5078,Homicidio no intencional,1031,0.3153,Homicidio no culposo,102,0.2687,Tentativa de homicidio intencional,104,0.2285,Suicidio asistido o incitación al suicidio,3012,0.222,Agresión sexual,301,0.1473,Violencia sexual,101,0.1152,Homicidio intencional,1032,0.0988,Homicidio culposo
767,Lesiones graves y menos graves a miembros de bomberos en el ejercicio de sus funciones,20111,0.2114,Agresión grave,2062,0.1571,Negligencia profesional,2079,0.0877,Otros actos peligrosos,206,0.0541,Negligencia,207,0.0453,Actos peligrosos,2069,0.0434,Otros actos de negligencia,110131,0.0199,Homicidio o tentativa de causar la muerte o lesiones graves de forma ilícita en conflictos armados,201,0.0128,Agresiones y amenazas
768,"Suicidio femicida, inducción al suicidio y/o al suicidio femicida",1042,0.316,Otros actos de suicidio asistido o incitación al suicidio,104,0.271,Suicidio asistido o incitación al suicidio,102,0.0565,Tentativa de homicidio intencional,1031,0.0441,Homicidio no culposo,103,0.0387,Homicidio no intencional,101,0.0244,Homicidio intencional,1041,0.0149,Suicidio asistido,106,0.006,Feticidio ilegal
769,Conspiración para cometer homicidio calificado por premio o promesa remuneratoria,1042,0.5808,Otros actos de suicidio asistido o incitación al suicidio,1031,0.3504,Homicidio no culposo,104,0.3113,Suicidio asistido o incitación al suicidio,102,0.2326,Tentativa de homicidio intencional,110131,0.1272,Homicidio o tentativa de causar la muerte o lesiones graves de forma ilícita en conflictos armados,1032,0.1263,Homicidio culposo,8063,0.1258,Intención delictiva,101,0.0865,Homicidio intencional
770,Conspiración para cometer homicidio calificado por premio o promesa remuneratoria contra autoridades,8064,0.418,Conspiración,8063,0.2729,Intención delictiva,102,0.1904,Tentativa de homicidio intencional,101,0.1769,Homicidio intencional,1031,0.1518,Homicidio no culposo,104,0.1317,Suicidio asistido o incitación al suicidio,110131,0.094,Homicidio o tentativa de causar la muerte o lesiones graves de forma ilícita en conflictos armados,1032,0.065,Homicidio culposo
799,Otros delitos contra las personas,2119,0.9466,Otras transgresiones contra las personas,211,0.7347,Transgresiones contra las personas,2044,0.2418,Trata de personas con otros fines,219,0.1255,Otros actos que causan daños o que tienen la intención de causar daños a las personas,1109,0.1226,Otros actos delictivos no clasificados en otra parte,11015,0.0801,Crímenes de lesa humanidad,109,0.0259,Otros actos que causan la muerte o que tienen la intención de causar la muerte,104,0.0254,Suicidio asistido o incitación al suicidio
801,Hurto simple,50229,0.3603,Otras formas de hurto de bienes personales,502,0.2917,Hurto,501,0.2767,Robo con entrada ilícita,50222,0.2462,Hurto de bienes personales de un vehículo,5022,0.2123,Hurto de bienes personales,5023,0.1653,Hurto de bienes comerciales,5029,0.1113,Otros actos de hurto,504,0.0146,Daños a la propiedad
802,Robo con intimidación,409,0.2477,Otros actos contra la propiedad que entrañan violencia o amenaza de violencia contra las personas,40112,0.1394,Robo a personas en lugares privados,4011,0.1168,Robo a personas,401,0.1,Robo,4019,0.079,Otros actos de robo,4012,0.0615,Robo de objetos de valor o bienes en tránsito,8063,0.018,Intención delictiva,501,0.0169,Robo con entrada ilícita
803,Robo con violencia,409,0.6256,Otros actos contra la propiedad que entrañan violencia o amenaza de violencia contra las personas,40119,0.6077,Otras formas de robo a personas,4011,0.3613,Robo a personas,4012,0.2976,Robo de objetos de valor o bienes en tránsito,40112,0.2539,Robo a personas en lugares privados,4019,0.1876,Otros actos de robo,401,0.0696,Robo,501,0.0158,Robo con entrada ilícita
804,Robo por sorpresa,4012,0.0488,Robo de objetos de valor o bienes en tránsito,40119,0.0402,Otras formas de robo a personas,4019,0.0122,Otros actos de robo,401,0.0087,Robo,704,0.0025,Actos relacionados con el producto del delito,7049,0.0018,Otros actos relacionados con el producto del delito,5019,0.0014,Otros actos de robo con entrada ilícita,501,0.0008,Robo con entrada ilícita
805,Robo calificado,4019,0.4701,Otros actos de robo,40129,0.2839,Otras formas de robo de objetos de valor o bienes en tránsito,401,0.2159,Robo,4011,0.1726,Robo a personas,40112,0.1441,Robo a personas en lugares privados,501,0.1093,Robo con entrada ilícita,4012,0.0713,Robo de objetos de valor o bienes en tránsito,5019,0.032,Otros actos de robo con entrada ilícita
806,Extorsión,409,0.601,Otros actos contra la propiedad que entrañan violencia o amenaza de violencia contra las personas,203,0.0421,Esclavitud y explotación,704,0.0375,Actos relacionados con el producto del delito,2051,0.0313,Extorsión o chantaje,20221,0.0307,Secuestro,502,0.0278,Hurto,401,0.0239,Robo,2031,0.0002,Esclavitud
807,Robo con fuerza en las cosas,501,0.8926,Robo con entrada ilícita,401,0.7725,Robo,40112,0.686,Robo a personas en lugares privados,40129,0.471,Otras formas de robo de objetos de valor o bienes en tránsito,4012,0.373,Robo de objetos de valor o bienes en tránsito,4011,0.3581,Robo a personas,4019,0.1875,Otros actos de robo,509,0.1072,Otros actos contra la propiedad solamente
808,Robo en bienes nacionales de uso público o sitios no destinados a habitación,509,0.4425,Otros actos contra la propiedad solamente,4012,0.2439,Robo de objetos de valor o bienes en tránsito,40112,0.16,Robo a personas en lugares privados,40129,0.1441,Otras formas de robo de objetos de valor o bienes en tránsito,40111,0.1424,Robo a personas en lugares públicos,5019,0.0875,Otros actos de robo con entrada ilícita,5013,0.0738,Robo con entrada ilícita en locales públicos,501,0.0539,Robo con entrada ilícita
809,Robo en lugar habitado,40112,0.1287,Robo a personas en lugares privados,50121,0.0899,Robo con entrada ilícita en residencias particulares permanentes,5012,0.0441,Robo con entrada ilícita en domicilios particulares,4019,0.043,Otros actos de robo,501,0.026,Robo con entrada ilícita,50122,0.0165,Robo con entrada ilícita en residencias particulares no permanentes,5013,0.0138,Robo con entrada ilícita en locales públicos,5019,0.001,Otros actos de robo con entrada ilícita
810,Robo en lugar no habitado,40112,0.5517,Robo a personas en lugares privados,40129,0.4565,Otras formas de robo de objetos de valor o bienes en tránsito,4019,0.2386,Otros actos de robo,50122,0.0434,Robo con entrada ilícita en residencias particulares no permanentes,501,0.0424,Robo con entrada ilícita,50121,0.0348,Robo con entrada ilícita en residencias particulares permanentes,5012,0.0122,Robo con entrada ilícita en domicilios particulares,5019,0.003,Otros actos de robo con entrada ilícita
811,Abigeato,4014,0.5092,Robo de ganado,10091,0.2378,Actos contra los animales,10032,0.1971,Comercio o posesión de especies animales prohibidas o controladas,1003,0.1814,Comercio o posesión de especies protegidas o prohibidas de la fauna y la flora,401,0.1549,Robo,10039,0.1044,Otras formas de comercio o posesión de especies protegidas o prohibidas de la fauna y la flora,4012,0.0795,Robo de objetos de valor o bienes en tránsito,10031,0.0127,Comercio o posesión de especies protegidas de fauna y flora silvestres
812,Receptación,1003,0.3548,Comercio o posesión de especies protegidas o prohibidas de la fauna y la flora,10032,0.2989,Comercio o posesión de especies animales prohibidas o controladas,7049,0.0936,Otros actos relacionados con el producto del delito,100311,0.0634,Comercio o posesión de especies protegidas dentro de las fronteras nacionales,10031,0.0499,Comercio o posesión de especies protegidas de fauna y flora silvestres,40129,0.0394,Otras formas de robo de objetos de valor o bienes en tránsito,4012,0.0368,Robo de objetos de valor o bienes en tránsito,704,0.0274,Actos relacionados con el producto del delito
813,Usurpación,503,0.4259,Delitos contra la propiedad intelectual,509,0.1407,Otros actos contra la propiedad solamente,501,0.0742,Robo con entrada ilícita,4019,0.0476,Otros actos de robo,504,0.0284,Daños a la propiedad,409,0.0152,Otros actos contra la propiedad que entrañan violencia o amenaza de violencia contra las personas,5049,0.011,Otros daños a bienes,704,0.0005,Actos relacionados con el producto del delito
814,Destrucción o alteración de deslindes,5042,0.5372,Daños a bienes personales,409,0.3269,Otros actos contra la propiedad que entrañan violencia o amenaza de violencia contra las personas,5049,0.3219,Otros daños a bienes,5041,0.3046,Daños a bienes públicos,509,0.1468,Otros actos contra la propiedad solamente,504,0.1015,Daños a la propiedad,503,0.0553,Delitos contra la propiedad intelectual,110132,0.0489,Destrucción o daños ilícitos a la propiedad en relación con conflictos armados
815,Insolvencia punible (alzamiento de bienes),509,0.1883,Otros actos contra la propiedad solamente,8042,0.0952,Actos contrarios a disposiciones comerciales o financieras,5049,0.0601,Otros daños a bienes,504,0.0567,Daños a la propiedad,503,0.03,Delitos contra la propiedad intelectual,704,0.0299,Actos relacionados con el producto del delito,806,0.0103,Actos contra el sistema de justicia,8062,0.0055,Incumplimiento de órdenes judiciales
816,Estafas y otras defraudaciones contra particulares,709,0.6535,"Otros actos que conllevan fraude, engaño o corrupción",7019,0.2468,Otros actos de fraude,701,0.184,Fraude,70112,0.0392,Fraude financiero contra personas naturales o jurídicas,7011,0.0237,Fraude financiero,70211,0.0159,Falsificación de medios de pago en efectivo,70212,0.0066,Falsificación de medios de pago distintos del efectivo,7021,0.0044,Falsificación de medios de pago
817,Usura,8042,0.0056,Actos contrarios a disposiciones comerciales o financieras,7049,0.0007,Otros actos relacionados con el producto del delito,704,0.0002,Actos relacionados con el producto del delito,7035,0.0002,Enriquecimiento ilícito,701,0.0001,Fraude,7011,0.0001,Fraude financiero,601,0.0,Actos ilícitos relacionados con drogas o precursores sujetos a fiscalización,602,0.0,"Actos ilícitos relacionados con bebidas alcohólicas, tabaco u otras sustancias sujetas a fiscalización"
818,Apropiación indebida (incluye depositario alzado),509,0.3551,Otros actos contra la propiedad solamente,7032,0.084,Malversación o peculado,503,0.0736,Delitos contra la propiedad intelectual,7049,0.0105,Otros actos relacionados con el producto del delito,5019,0.0072,Otros actos de robo con entrada ilícita,5029,0.0054,Otros actos de hurto,704,0.0019,Actos relacionados con el producto del delito,7035,0.0008,Enriquecimiento ilícito
819,Incendio y otros estragos,504,0.4394,Daños a la propiedad,509,0.1175,Otros actos contra la propiedad solamente,503,0.0584,Delitos contra la propiedad intelectual,409,0.0542,Otros actos contra la propiedad que entrañan violencia o amenaza de violencia contra las personas,5042,0.026,Daños a bienes personales,5049,0.0064,Otros daños a bienes,104,0.0014,Suicidio asistido o incitación al suicidio,110132,0.0009,Destrucción o daños ilícitos a la propiedad en relación con conflictos armados
820,Daños,504,0.9672,Daños a la propiedad,5042,0.6975,Daños a bienes personales,5041,0.4894,Daños a bienes públicos,503,0.4416,Delitos contra la propiedad intelectual,5049,0.1542,Otros daños a bienes,509,0.1394,Otros actos contra la propiedad solamente,110132,0.1156,Destrucción o daños ilícitos a la propiedad en relación con conflictos armados,5043,0.1144,Daños a bienes comerciales
821,Hurto de hallazgo,5029,0.0531,Otros actos de hurto,504,0.0364,Daños a la propiedad,50229,0.0359,Otras formas de hurto de bienes personales,5049,0.0348,Otros daños a bienes,5023,0.0332,Hurto de bienes comerciales,5024,0.0247,Hurto de bienes públicos,50222,0.0071,Hurto de bienes personales de un vehículo,50219,0.0061,Otras formas de hurto de vehículos de motor o de sus piezas
824,Abuso de firma en blanco,503,0.0615,Delitos contra la propiedad intelectual,701,0.0447,Fraude,7023,0.005,Actos de falsificación de documentos,704,0.0032,Actos relacionados con el producto del delito,702,0.0017,Falsificación,7019,0.001,Otros actos de fraude,70211,0.0009,Falsificación de medios de pago en efectivo,70212,0.0008,Falsificación de medios de pago distintos del efectivo
825,Infracción artículo 454,509,0.1315,Otros actos contra la propiedad solamente,401,0.0283,Robo,4019,0.0258,Otros actos de robo,501,0.022,Robo con entrada ilícita,4012,0.0214,Robo de objetos de valor o bienes en tránsito,4014,0.0185,Robo de ganado,503,0.0183,Delitos contra la propiedad intelectual,5019,0.0131,Otros actos de robo con entrada ilícita
826,Hurto agravado,50229,0.2512,Otras formas de hurto de bienes personales,50239,0.1693,Otras formas de hurto de bienes comerciales,5023,0.1283,Hurto de bienes comerciales,5029,0.1079,Otros actos de hurto,50222,0.1041,Hurto de bienes personales de un vehículo,501,0.0857,Robo con entrada ilícita,503,0.0185,Delitos contra la propiedad intelectual,401,0.0112,Robo
827,Robo con homicidio,401,0.0376,Robo,501,0.0312,Robo con entrada ilícita,102,0.0142,Tentativa de homicidio intencional,101,0.0135,Homicidio intencional,110131,0.0103,Homicidio o tentativa de causar la muerte o lesiones graves de forma ilícita en conflictos armados,8063,0.0077,Intención delictiva,1031,0.0071,Homicidio no culposo,1032,0.0027,Homicidio culposo
828,Robo con violación,40112,0.1887,Robo a personas en lugares privados,4019,0.0371,Otros actos de robo,401,0.0265,Robo,4011,0.0256,Robo a personas,4012,0.025,Robo de objetos de valor o bienes en tránsito,501,0.0197,Robo con entrada ilícita,3011,0.0115,Violación,30119,0.003,Otras formas de violación
829,"Robo con castración, mutilación o lesiones graves gravísimas",20111,0.2025,Agresión grave,110131,0.0602,Homicidio o tentativa de causar la muerte o lesiones graves de forma ilícita en conflictos armados,101,0.0502,Homicidio intencional,11015,0.0213,Crímenes de lesa humanidad,401,0.016,Robo,501,0.0055,Robo con entrada ilícita,11013,0.0019,Crímenes de guerra,301,0.0017,Violencia sexual
830,Robo con retención de víctimas o con lesiones graves,4011,0.2421,Robo a personas,401,0.1203,Robo,4019,0.0941,Otros actos de robo,4012,0.037,Robo de objetos de valor o bienes en tránsito,7049,0.0132,Otros actos relacionados con el producto del delito,501,0.01,Robo con entrada ilícita,110132,0.0065,Destrucción o daños ilícitos a la propiedad en relación con conflictos armados,704,0.0031,Actos relacionados con el producto del delito
831,Robo de vehículo motorizado,50212,0.1974,Utilización ilegal de vehículos terrestres de motor,4012,0.1511,Robo de objetos de valor o bienes en tránsito,40121,0.1488,Robo de automóviles o vehículos,40129,0.0917,Otras formas de robo de objetos de valor o bienes en tránsito,4019,0.0273,Otros actos de robo,401,0.0214,Robo,20223,0.0213,Secuestro de vehículos,50219,0.017,Otras formas de hurto de vehículos de motor o de sus piezas
832,Portar elementos conocidamente destinados a cometer delito de robo,7049,0.276,Otros actos relacionados con el producto del delito,8063,0.2001,Intención delictiva,704,0.1304,Actos relacionados con el producto del delito,4012,0.0317,Robo de objetos de valor o bienes en tránsito,40129,0.0226,Otras formas de robo de objetos de valor o bienes en tránsito,4019,0.0094,Otros actos de robo,501,0.0037,Robo con entrada ilícita,5019,0.0021,Otros actos de robo con entrada ilícita
833,Usurpación u ocupación violenta de inmueble,409,0.8853,Otros actos contra la propiedad que entrañan violencia o amenaza de violencia contra las personas,509,0.5089,Otros actos contra la propiedad solamente,401,0.0942,Robo,501,0.0802,Robo con entrada ilícita,503,0.0749,Delitos contra la propiedad intelectual,504,0.0501,Daños a la propiedad,5019,0.0255,Otros actos de robo con entrada ilícita,110132,0.0111,Destrucción o daños ilícitos a la propiedad en relación con conflictos armados
834,Usurpación u ocupación de inmueble no violenta sin daños a las cosas,409,0.2037,Otros actos contra la propiedad que entrañan violencia o amenaza de violencia contra las personas,504,0.1194,Daños a la propiedad,509,0.0707,Otros actos contra la propiedad solamente,503,0.0556,Delitos contra la propiedad intelectual,5049,0.0422,Otros daños a bienes,501,0.0215,Robo con entrada ilícita,110132,0.0074,Destrucción o daños ilícitos a la propiedad en relación con conflictos armados,5019,0.005,Otros actos de robo con entrada ilícita
835,Invasión de derechos ajenos,509,0.3341,Otros actos contra la propiedad solamente,503,0.2521,Delitos contra la propiedad intelectual,504,0.1423,Daños a la propiedad,501,0.0594,Robo con entrada ilícita,5049,0.039,Otros daños a bienes,409,0.0274,Otros actos contra la propiedad que entrañan violencia o amenaza de violencia contra las personas,110132,0.0265,Destrucción o daños ilícitos a la propiedad en relación con conflictos armados,211,0.0133,Transgresiones contra las personas
836,Usurpación de aguas,10012,0.736,Actos que causan la contaminación o degradación del agua,211,0.1074,Transgresiones contra las personas,1004,0.0744,Actos que provocan el agotamiento o la degradación de los recursos naturales,704,0.0274,Actos relacionados con el producto del delito,509,0.0053,Otros actos contra la propiedad solamente,409,0.0006,Otros actos contra la propiedad que entrañan violencia o amenaza de violencia contra las personas,2119,0.0001,Otras transgresiones contra las personas,503,0.0001,Delitos contra la propiedad intelectual
837,Incendio,504,0.516,Daños a la propiedad,503,0.0202,Delitos contra la propiedad intelectual,509,0.0037,Otros actos contra la propiedad solamente,409,0.0031,Otros actos contra la propiedad que entrañan violencia o amenaza de violencia contra las personas,5042,0.0021,Daños a bienes personales,104,0.0005,Suicidio asistido o incitación al suicidio,5049,0.0005,Otros daños a bienes,110132,0.0003,Destrucción o daños ilícitos a la propiedad en relación con conflictos armados
838,Incendio con resultado de muerte y/o lesiones,109,0.6622,Otros actos que causan la muerte o que tienen la intención de causar la muerte,1031,0.1843,Homicidio no culposo,101,0.1345,Homicidio intencional,110131,0.124,Homicidio o tentativa de causar la muerte o lesiones graves de forma ilícita en conflictos armados,103,0.1106,Homicidio no intencional,1032,0.0955,Homicidio culposo,104,0.0902,Suicidio asistido o incitación al suicidio,504,0.0532,Daños a la propiedad
839,Otros estragos,219,0.6157,Otros actos que causan daños o que tienen la intención de causar daños a las personas,504,0.0797,Daños a la propiedad,110132,0.0462,Destrucción o daños ilícitos a la propiedad en relación con conflictos armados,5049,0.0204,Otros daños a bienes,207,0.0058,Actos peligrosos,11015,0.0036,Crímenes de lesa humanidad,110131,0.0025,Homicidio o tentativa de causar la muerte o lesiones graves de forma ilícita en conflictos armados,104,0.0003,Suicidio asistido o incitación al suicidio
840,Daños simples,504,0.1683,Daños a la propiedad,5042,0.164,Daños a bienes personales,509,0.0904,Otros actos contra la propiedad solamente,5049,0.0637,Otros daños a bienes,5043,0.0301,Daños a bienes comerciales,219,0.0028,Otros actos que causan daños o que tienen la intención de causar daños a las personas,110132,0.0021,Destrucción o daños ilícitos a la propiedad en relación con conflictos armados,2019,0.0013,Otras formas de agresiones y amenazas
841,Daños calificados,219,0.1416,Otros actos que causan daños o que tienen la intención de causar daños a las personas,504,0.0599,Daños a la propiedad,5049,0.0398,Otros daños a bienes,207,0.0312,Actos peligrosos,5041,0.0159,Daños a bienes públicos,902,0.0107,Actos contra la salud y la seguridad,110132,0.0053,Destrucción o daños ilícitos a la propiedad en relación con conflictos armados,10091,0.0021,Actos contra los animales
845,Fraude de subvenciones,70111,0.1195,Fraude financiero contra el Estado,701,0.0835,Fraude,804,0.0456,Actos contrarios a las disposiciones relativas a los ingresos públicos u otras disposiciones regulatorias,8041,0.0429,Actos contrarios a las disposiciones relativas a los ingresos públicos,704,0.0205,Actos relacionados con el producto del delito,709,0.0135,"Otros actos que conllevan fraude, engaño o corrupción",7011,0.0134,Fraude financiero,7019,0.0059,Otros actos de fraude
846,Hurto simple por un valor sobre 40 UTM,502,0.1627,Hurto,50239,0.0734,Otras formas de hurto de bienes comerciales,50229,0.0185,Otras formas de hurto de bienes personales,50221,0.0171,Hurto de bienes personales a una persona,5023,0.0169,Hurto de bienes comerciales,4012,0.0154,Robo de objetos de valor o bienes en tránsito,501,0.011,Robo con entrada ilícita,5029,0.0041,Otros actos de hurto
847,Hurto simple por un valor de 4 a 40 UTM,502,0.1045,Hurto,50239,0.0672,Otras formas de hurto de bienes comerciales,509,0.0289,Otros actos contra la propiedad solamente,4012,0.0195,Robo de objetos de valor o bienes en tránsito,50229,0.0157,Otras formas de hurto de bienes personales,5023,0.0152,Hurto de bienes comerciales,501,0.0108,Robo con entrada ilícita,5029,0.0092,Otros actos de hurto
848,Hurto simple por un valor de media a 4 UTM,502,0.0875,Hurto,50221,0.0571,Hurto de bienes personales a una persona,50239,0.0446,Otras formas de hurto de bienes comerciales,509,0.0233,Otros actos contra la propiedad solamente,5023,0.0117,Hurto de bienes comerciales,50229,0.0113,Otras formas de hurto de bienes personales,5029,0.0097,Otros actos de hurto,501,0.0082,Robo con entrada ilícita
849,Apropiación de cables de tendido eléctrico o de comunicaciones,509,0.031,Otros actos contra la propiedad solamente,503,0.0138,Delitos contra la propiedad intelectual,9033,0.0071,Interceptación o acceso ilícitos a datos informáticos,90321,0.003,Injerencia ilícita en sistemas informáticos,9032,0.0016,Injerencia ilícita en sistemas o datos informáticos,8042,0.0006,Actos contrarios a disposiciones comerciales o financieras,704,0.0004,Actos relacionados con el producto del delito,7049,0.0001,Otros actos relacionados con el producto del delito
850,Incendio Art. 475 y siguientes (salvo Art.476 n°3),504,0.1736,Daños a la propiedad,509,0.1363,Otros actos contra la propiedad solamente,503,0.1331,Delitos contra la propiedad intelectual,409,0.065,Otros actos contra la propiedad que entrañan violencia o amenaza de violencia contra las personas,5042,0.0179,Daños a bienes personales,5049,0.0041,Otros daños a bienes,110132,0.0016,Destrucción o daños ilícitos a la propiedad en relación con conflictos armados,104,0.0006,Suicidio asistido o incitación al suicidio
851,Incendio de bosques,1003,0.3107,Comercio o posesión de especies protegidas o prohibidas de la fauna y la flora,10039,0.203,Otras formas de comercio o posesión de especies protegidas o prohibidas de la fauna y la flora,1009,0.1528,Otros actos contra el entorno natural,10032,0.1337,Comercio o posesión de especies animales prohibidas o controladas,504,0.051,Daños a la propiedad,10031,0.0323,Comercio o posesión de especies protegidas de fauna y flora silvestres,100311,0.016,Comercio o posesión de especies protegidas dentro de las fronteras nacionales,104,0.0001,Suicidio asistido o incitación al suicidio
852,Celebración de contrato simulado,509,0.0351,Otros actos contra la propiedad solamente,503,0.0015,Delitos contra la propiedad intelectual,8042,0.0006,Actos contrarios a disposiciones comerciales o financieras,7019,0.0001,Otros actos de fraude,702,0.0001,Falsificación,704,0.0,Actos relacionados con el producto del delito,7023,0.0,Actos de falsificación de documentos,7022,0.0,Delitos relacionados con productos falsificados
853,Hurto de bienes pertenecientes a redes de suministro público,5026,0.2952,Hurto de servicios,50239,0.1206,Otras formas de hurto de bienes comerciales,5024,0.0733,Hurto de bienes públicos,504,0.012,Daños a la propiedad,503,0.0112,Delitos contra la propiedad intelectual,5029,0.0067,Otros actos de hurto,704,0.0019,Actos relacionados con el producto del delito,90321,0.0014,Injerencia ilícita en sistemas informáticos
854,Incendio con peligro para las personas,409,0.1088,Otros actos contra la propiedad que entrañan violencia o amenaza de violencia contra las personas,90119,0.0962,Otros actos relacionados con posesión o uso de armas y explosivos,504,0.0181,Daños a la propiedad,104,0.0154,Suicidio asistido o incitación al suicidio,219,0.014,Otros actos que causan daños o que tienen la intención de causar daños a las personas,5049,0.0052,Otros daños a bienes,110131,0.0015,Homicidio o tentativa de causar la muerte o lesiones graves de forma ilícita en conflictos armados,110132,0.0002,Destrucción o daños ilícitos a la propiedad en relación con conflictos armados
855,Incendio solo con daños o sin peligro de propagación,504,0.3323,Daños a la propiedad,5042,0.0173,Daños a bienes personales,509,0.0114,Otros actos contra la propiedad solamente,5049,0.008,Otros daños a bienes,409,0.0049,Otros actos contra la propiedad que entrañan violencia o amenaza de violencia contra las personas,110132,0.0017,Destrucción o daños ilícitos a la propiedad en relación con conflictos armados,90111,0.0005,Posesión o uso ilícitos de armas de fuego,104,0.0001,Suicidio asistido o incitación al suicidio
856,Apropiación indebida,509,0.0876,Otros actos contra la propiedad solamente,503,0.0311,Delitos contra la propiedad intelectual,4012,0.0167,Robo de objetos de valor o bienes en tránsito,5049,0.0153,Otros daños a bienes,7049,0.0148,Otros actos relacionados con el producto del delito,40129,0.0125,Otras formas de robo de objetos de valor o bienes en tránsito,8042,0.0056,Actos contrarios a disposiciones comerciales o financieras,704,0.0035,Actos relacionados con el producto del delito
857,Depositario alzado,509,0.0067,Otros actos contra la propiedad solamente,2022,0.005,Privación de libertad,7049,0.0035,Otros actos relacionados con el producto del delito,20221,0.0027,Secuestro,704,0.0004,Actos relacionados con el producto del delito,20212,0.0004,Secuestro por otro familiar,8062,0.0003,Incumplimiento de órdenes judiciales,2021,0.0002,Secuestro de menores
858,Robo con fuerza de cajeros automáticos,40129,0.4738,Otras formas de robo de objetos de valor o bienes en tránsito,5011,0.4519,Robo con entrada ilícita en locales comerciales,401,0.4142,Robo,4012,0.3372,Robo de objetos de valor o bienes en tránsito,4019,0.2338,Otros actos de robo,40131,0.1831,Robo a instituciones financieras,501,0.0721,Robo con entrada ilícita,704,0.0165,Actos relacionados con el producto del delito
859,"Deudor, gerentes, directores, administradores o representantes que actúen en perjuicio de los acreedores",509,0.0236,Otros actos contra la propiedad solamente,5049,0.0164,Otros daños a bienes,804,0.0107,Actos contrarios a las disposiciones relativas a los ingresos públicos u otras disposiciones regulatorias,704,0.0075,Actos relacionados con el producto del delito,7049,0.0017,Otros actos relacionados con el producto del delito,8042,0.0007,Actos contrarios a disposiciones comerciales o financieras,806,0.0003,Actos contra el sistema de justicia,8062,0.0002,Incumplimiento de órdenes judiciales
860,"Veedor o liquidador que realice conductas señaladas en los Arts. 464, 464 bis, 464 ter, y 464 quáter",701,0.4568,Fraude,704,0.3547,Actos relacionados con el producto del delito,601,0.3494,Actos ilícitos relacionados con drogas o precursores sujetos a fiscalización,804,0.2974,Actos contrarios a las disposiciones relativas a los ingresos públicos u otras disposiciones regulatorias,7049,0.0206,Otros actos relacionados con el producto del delito,8042,0.0115,Actos contrarios a disposiciones comerciales o financieras,703,0.0045,Corrupción,7032,0.0029,Malversación o peculado
861,Robo con lesiones graves,20111,0.04,Agresión grave,401,0.0333,Robo,110131,0.0241,Homicidio o tentativa de causar la muerte o lesiones graves de forma ilícita en conflictos armados,207,0.0071,Actos peligrosos,4019,0.0063,Otros actos de robo,501,0.0043,Robo con entrada ilícita,110132,0.0011,Destrucción o daños ilícitos a la propiedad en relación con conflictos armados,11013,0.0003,Crímenes de guerra
862,Robo con retención de víctimas o lesiones graves,20111,0.0318,Agresión grave,401,0.0191,Robo,4011,0.0186,Robo a personas,7049,0.0123,Otros actos relacionados con el producto del delito,4012,0.0056,Robo de objetos de valor o bienes en tránsito,40129,0.0016,Otras formas de robo de objetos de valor o bienes en tránsito,110132,0.0009,Destrucción o daños ilícitos a la propiedad en relación con conflictos armados,501,0.0002,Robo con entrada ilícita
863,Administración desleal de persona natural,809,0.1362,"Otros actos contra el orden público, la autoridad y las disposiciones del Estado",7032,0.0355,Malversación o peculado,7033,0.0252,Abuso de funciones,7035,0.0206,Enriquecimiento ilícito,804,0.014,Actos contrarios a las disposiciones relativas a los ingresos públicos u otras disposiciones regulatorias,8049,0.0126,Otros actos contra la administración pública o contra disposiciones regulatorias,704,0.0108,Actos relacionados con el producto del delito,509,0.0077,Otros actos contra la propiedad solamente
864,Receptación cometida por persona jurídica,704,0.8979,Actos relacionados con el producto del delito,7049,0.6936,Otros actos relacionados con el producto del delito,509,0.1469,Otros actos contra la propiedad solamente,40129,0.0995,Otras formas de robo de objetos de valor o bienes en tránsito,4012,0.0853,Robo de objetos de valor o bienes en tránsito,7042,0.0507,Tráfico ilícito de bienes culturales,503,0.0393,Delitos contra la propiedad intelectual,501,0.0111,Robo con entrada ilícita
865,Administración desleal de persona jurídica,7033,0.0976,Abuso de funciones,7032,0.0907,Malversación o peculado,804,0.0882,Actos contrarios a las disposiciones relativas a los ingresos públicos u otras disposiciones regulatorias,704,0.0665,Actos relacionados con el producto del delito,7035,0.0623,Enriquecimiento ilícito,8042,0.0303,Actos contrarios a disposiciones comerciales o financieras,8049,0.0298,Otros actos contra la administración pública o contra disposiciones regulatorias,509,0.0157,Otros actos contra la propiedad solamente
866,Apropiación indebida cometido por persona jurídica,7032,0.4185,Malversación o peculado,704,0.3431,Actos relacionados con el producto del delito,503,0.2932,Delitos contra la propiedad intelectual,4012,0.1448,Robo de objetos de valor o bienes en tránsito,509,0.1303,Otros actos contra la propiedad solamente,40129,0.0706,Otras formas de robo de objetos de valor o bienes en tránsito,7049,0.0589,Otros actos relacionados con el producto del delito,8042,0.0108,Actos contrarios a disposiciones comerciales o financieras
867,"Robo de vehículo motorizado por sorpresa, violencia o intimidación",409,0.4201,Otros actos contra la propiedad que entrañan violencia o amenaza de violencia contra las personas,50212,0.2948,Utilización ilegal de vehículos terrestres de motor,40121,0.2182,Robo de automóviles o vehículos,401,0.1049,Robo,40129,0.0794,Otras formas de robo de objetos de valor o bienes en tránsito,4012,0.0748,Robo de objetos de valor o bienes en tránsito,20223,0.0672,Secuestro de vehículos,501,0.013,Robo con entrada ilícita
868,Robo de vehículo utilizando elementos distractivos,4012,0.1667,Robo de objetos de valor o bienes en tránsito,50212,0.1146,Utilización ilegal de vehículos terrestres de motor,20223,0.0739,Secuestro de vehículos,20729,0.0577,Utilización de un vehículo bajo los efectos de otras sustancias psicoactivas,401,0.0533,Robo,40129,0.0382,Otras formas de robo de objetos de valor o bienes en tránsito,40121,0.0307,Robo de automóviles o vehículos,2072,0.0124,Utilización de un vehículo bajo los efectos de sustancias psicoactivas
869,Receptación de vehículos motorizados,401,0.0307,Robo,50212,0.03,Utilización ilegal de vehículos terrestres de motor,40121,0.0187,Robo de automóviles o vehículos,20223,0.0118,Secuestro de vehículos,8063,0.0082,Intención delictiva,907,0.0079,Infracciones de tráfico no lesivas,20729,0.002,Utilización de un vehículo bajo los efectos de otras sustancias psicoactivas,2072,0.0009,Utilización de un vehículo bajo los efectos de sustancias psicoactivas
870,Robo con ocasión de calamidad o alteración al orden público,8011,0.1524,Delitos relacionados con la alteración violenta del orden público,8012,0.0654,Actos relacionados con las normas y preceptos sociales y religiosos orientados al mantenimiento del orden público,801,0.024,Actos contrarios a las normas de conducta orientadas al mantenimiento del orden público,5041,0.0124,Daños a bienes públicos,8063,0.0116,Intención delictiva,401,0.0032,Robo,501,0.0031,Robo con entrada ilícita,110132,0.0002,Destrucción o daños ilícitos a la propiedad en relación con conflictos armados
871,Hurto con ocasión de calamidad o alteración al orden público,8011,0.2387,Delitos relacionados con la alteración violenta del orden público,8012,0.1266,Actos relacionados con las normas y preceptos sociales y religiosos orientados al mantenimiento del orden público,801,0.023,Actos contrarios a las normas de conducta orientadas al mantenimiento del orden público,5024,0.0169,Hurto de bienes públicos,5041,0.0032,Daños a bienes públicos,219,0.0026,Otros actos que causan daños o que tienen la intención de causar daños a las personas,504,0.0021,Daños a la propiedad,110132,0.0001,Destrucción o daños ilícitos a la propiedad en relación con conflictos armados
872,Saqueo,409,0.842,Otros actos contra la propiedad que entrañan violencia o amenaza de violencia contra las personas,401,0.3316,Robo,4019,0.2975,Otros actos de robo,509,0.278,Otros actos contra la propiedad solamente,4012,0.2544,Robo de objetos de valor o bienes en tránsito,501,0.1998,Robo con entrada ilícita,40129,0.1504,Otras formas de robo de objetos de valor o bienes en tránsito,5019,0.0348,Otros actos de robo con entrada ilícita
877,Portar elementos para provocar incendio o estragos,504,0.0099,Daños a la propiedad,90112,0.0046,Posesión o uso ilícitos de otras armas o explosivos,9011,0.0036,Posesión o uso de armas y explosivos,90111,0.0033,Posesión o uso ilícitos de armas de fuego,90119,0.0031,Otros actos relacionados con posesión o uso de armas y explosivos,5049,0.0006,Otros daños a bienes,110132,0.0001,Destrucción o daños ilícitos a la propiedad en relación con conflictos armados,104,0.0001,Suicidio asistido o incitación al suicidio
891,Sustracción de madera,502,0.5864,Hurto,10041,0.5469,Tala ilegal,509,0.3942,Otros actos contra la propiedad solamente,503,0.1904,Delitos contra la propiedad intelectual,1004,0.1646,Actos que provocan el agotamiento o la degradación de los recursos naturales,1003,0.0784,Comercio o posesión de especies protegidas o prohibidas de la fauna y la flora,504,0.0335,Daños a la propiedad,110132,0.0057,Destrucción o daños ilícitos a la propiedad en relación con conflictos armados
892,Sustracción de madera. Persona jurídica,509,0.5178,Otros actos contra la propiedad solamente,10041,0.3261,Tala ilegal,5049,0.1832,Otros daños a bienes,503,0.0964,Delitos contra la propiedad intelectual,1004,0.0164,Actos que provocan el agotamiento o la degradación de los recursos naturales,1003,0.0145,Comercio o posesión de especies protegidas o prohibidas de la fauna y la flora,10039,0.0089,Otras formas de comercio o posesión de especies protegidas o prohibidas de la fauna y la flora,504,0.007,Daños a la propiedad
896,Posesión o tenencia ilegítima de madera,509,0.1612,Otros actos contra la propiedad solamente,10041,0.1123,Tala ilegal,1003,0.0796,Comercio o posesión de especies protegidas o prohibidas de la fauna y la flora,90113,0.0579,"Posesión o uso ilícitos de materiales químicos, biológicos o radiactivos",100311,0.0096,Comercio o posesión de especies protegidas dentro de las fronteras nacionales,10031,0.009,Comercio o posesión de especies protegidas de fauna y flora silvestres,10032,0.0076,Comercio o posesión de especies animales prohibidas o controladas,90111,0.001,Posesión o uso ilícitos de armas de fuego
897,Falsificación de documentos para transportar o comercializar madera,7029,0.6914,Otros actos de falsificación,7023,0.4931,Actos de falsificación de documentos,10041,0.4919,Tala ilegal,702,0.3984,Falsificación,7022,0.07,Delitos relacionados con productos falsificados,8042,0.0251,Actos contrarios a disposiciones comerciales o financieras,8059,0.0153,Otros actos ilícitos relacionados con la migración,6019,0.0015,Otros actos ilícitos relacionados con drogas o precursores sujetos a fiscalización
898,Pago de remuneración desproporcionada inferior al Ingreso Mínimo Mensual,509,0.0319,Otros actos contra la propiedad solamente,2101,0.008,Discriminación de personas,7035,0.0053,Enriquecimiento ilícito,203,0.0007,Esclavitud y explotación,30113,0.0005,Violación por presunción legal,20619,0.0003,Otras formas de negligencia en situaciones de personas bajo cuidado,3022,0.0001,Explotación sexual de menores,11021,0.0001,Delitos en razón de la condición de menor de edad
899,Otros delitos contra la propiedad,509,0.9762,Otros actos contra la propiedad solamente,503,0.9729,Delitos contra la propiedad intelectual,409,0.6483,Otros actos contra la propiedad que entrañan violencia o amenaza de violencia contra las personas,5049,0.587,Otros daños a bienes,504,0.5824,Daños a la propiedad,4019,0.5456,Otros actos de robo,110132,0.2228,Destrucción o daños ilícitos a la propiedad en relación con conflictos armados,8042,0.0196,Actos contrarios a disposiciones comerciales o financieras
901,Cuasidelito de lesiones,20619,0.1655,Otras formas de negligencia en situaciones de personas bajo cuidado,2019,0.1411,Otras formas de agresiones y amenazas,2069,0.0783,Otros actos de negligencia,206,0.067,Negligencia,907,0.0354,Infracciones de tráfico no lesivas,1031,0.0264,Homicidio no culposo,207,0.0228,Actos peligrosos,2079,0.0148,Otros actos peligrosos
905,Cuasidelito de homicidio,104,0.0255,Suicidio asistido o incitación al suicidio,10321,0.0046,Homicidio por tránsito vehicular,110131,0.0038,Homicidio o tentativa de causar la muerte o lesiones graves de forma ilícita en conflictos armados,101,0.0036,Homicidio intencional,103,0.0024,Homicidio no intencional,1032,0.0021,Homicidio culposo,1031,0.002,Homicidio no culposo,102,0.002,Tentativa de homicidio intencional
909,Negligencia médica,20612,0.1487,Negligencia en situaciones de otras personas dependientes bajo cuidado,2061,0.0806,Negligencia en situaciones de personas bajo cuidado,206,0.0603,Negligencia,20619,0.0555,Otras formas de negligencia en situaciones de personas bajo cuidado,2062,0.0448,Negligencia profesional,2069,0.044,Otros actos de negligencia,20611,0.0368,Negligencia en situaciones de menores bajo cuidado,10322,0.001,Homicidio no ocasionado por tránsito vehicular
910,Cuasidelito de lesiones cometido por profesionales de la salud,2062,0.7696,Negligencia profesional,20619,0.0517,Otras formas de negligencia en situaciones de personas bajo cuidado,206,0.0386,Negligencia,2061,0.036,Negligencia en situaciones de personas bajo cuidado,2069,0.0219,Otros actos de negligencia,902,0.0204,Actos contra la salud y la seguridad,207,0.0049,Actos peligrosos,1031,0.0011,Homicidio no culposo
911,Cuasidelito de homicidio cometido por profesionales de la salud,2062,0.0928,Negligencia profesional,104,0.0925,Suicidio asistido o incitación al suicidio,10322,0.0284,Homicidio no ocasionado por tránsito vehicular,1032,0.0131,Homicidio culposo,101,0.0104,Homicidio intencional,1031,0.0087,Homicidio no culposo,110131,0.0074,Homicidio o tentativa de causar la muerte o lesiones graves de forma ilícita en conflictos armados,103,0.0058,Homicidio no intencional
912,Duplicación de inscripciones de derechos de agua,1004,0.003,Actos que provocan el agotamiento o la degradación de los recursos naturales,509,0.0005,Otros actos contra la propiedad solamente,1002,0.0004,Actos relacionados con el traslado o vertimiento de desechos,503,0.0004,Delitos contra la propiedad intelectual,1009,0.0003,Otros actos contra el entorno natural,211,0.0003,Transgresiones contra las personas,8061,0.0001,Obstrucción de la justicia,806,0.0001,Actos contra el sistema de justicia
999,Otros de los cuasidelitos,1109,0.0119,Otros actos delictivos no clasificados en otra parte,11021,0.0076,Delitos en razón de la condición de menor de edad,11019,0.0028,Otros actos bajo jurisdicción universal,11013,0.0011,Crímenes de guerra,1032,0.0008,Homicidio culposo,1031,0.0006,Homicidio no culposo,104,0.0003,Suicidio asistido o incitación al suicidio,8063,0.0002,Intención delictiva
1001,Presunta desgracia,1032,0.01,Homicidio culposo,10321,0.0073,Homicidio por tránsito vehicular,1031,0.0052,Homicidio no culposo,102,0.0051,Tentativa de homicidio intencional,10322,0.005,Homicidio no ocasionado por tránsito vehicular,101,0.005,Homicidio intencional,103,0.0048,Homicidio no intencional,104,0.0013,Suicidio asistido o incitación al suicidio
1002,Muertes y hallazgo de cadáver,101,0.0464,Homicidio intencional,1031,0.0328,Homicidio no culposo,1032,0.0312,Homicidio culposo,103,0.0287,Homicidio no intencional,10321,0.0146,Homicidio por tránsito vehicular,10322,0.0144,Homicidio no ocasionado por tránsito vehicular,110131,0.0143,Homicidio o tentativa de causar la muerte o lesiones graves de forma ilícita en conflictos armados,106,0.0038,Feticidio ilegal
1006,Hallazgo de vehículo,20223,0.0177,Secuestro de vehículos,907,0.0151,Infracciones de tráfico no lesivas,4012,0.015,Robo de objetos de valor o bienes en tránsito,40129,0.0098,Otras formas de robo de objetos de valor o bienes en tránsito,40121,0.0083,Robo de automóviles o vehículos,50212,0.0067,Utilización ilegal de vehículos terrestres de motor,4019,0.0029,Otros actos de robo,5019,0.0014,Otros actos de robo con entrada ilícita
1007,Ampliación de parte,11016,0.0291,Crimen de agresión,11013,0.0105,Crímenes de guerra,704,0.0083,Actos relacionados con el producto del delito,1101,0.007,Actos bajo jurisdicción universal,104,0.0065,Suicidio asistido o incitación al suicidio,8063,0.0049,Intención delictiva,905,0.0013,Actos relacionados con grupos delictivos organizados,7035,0.001,Enriquecimiento ilícito
1012,Intento de suicidio,101,0.4217,Homicidio intencional,103,0.1891,Homicidio no intencional,102,0.1358,Tentativa de homicidio intencional,1031,0.133,Homicidio no culposo,1032,0.116,Homicidio culposo,104,0.0631,Suicidio asistido o incitación al suicidio,1041,0.039,Suicidio asistido,1042,0.0359,Otros actos de suicidio asistido o incitación al suicidio
1014,Presunta desgracia infantil,20212,0.0744,Secuestro por otro familiar,2021,0.0365,Secuestro de menores,11021,0.0261,Delitos en razón de la condición de menor de edad,20213,0.0095,Secuestro por un tutor legal,20211,0.0091,Secuestro por progenitores,20611,0.0072,Negligencia en situaciones de menores bajo cuidado,20219,0.0042,Otras formas de secuestro de menores,30222,0.0011,Prostitución infantil
1018,Hallazgo de drogas,601,0.0222,Actos ilícitos relacionados con drogas o precursores sujetos a fiscalización,602,0.0209,"Actos ilícitos relacionados con bebidas alcohólicas, tabaco u otras sustancias sujetas a fiscalización",6011,0.0163,"Posesión, adquisición, utilización, cultivo o producción ilícitos de drogas sujetas a fiscalización para consumo personal",6012,0.0142,"Tráfico, cultivo o producción ilícitos de drogas o precursores sujetos a fiscalización no destinados al consumo personal",60129,0.0123,"Otros actos ilícitos de tráfico, cultivo o producción de drogas o precursores sujetos a fiscalización no destinados al consumo personal",60121,0.0094,Tráfico ilícito de drogas sujetas a fiscalización no destinadas al consumo personal,60123,0.0084,Cultivo ilícito de drogas sujetas a fiscalización no destinadas al consumo personal,60122,0.006,Fabricación ilícita de drogas sujetas a fiscalización no destinadas al consumo personal
1099,Otros hechos que no constituyan delito,1109,0.3813,Otros actos delictivos no clasificados en otra parte,11021,0.098,Delitos en razón de la condición de menor de edad,1101,0.0238,Actos bajo jurisdicción universal,4019,0.0068,Otros actos de robo,9059,0.0065,Otros actos relacionados con grupos delictivos organizados,8063,0.0044,Intención delictiva,11019,0.0033,Otros actos bajo jurisdicción universal,905,0.0009,Actos relacionados con grupos delictivos organizados
1100,"Usurpación u ocupación no violenta, pero con daño en las cosas",409,0.1531,Otros actos contra la propiedad que entrañan violencia o amenaza de violencia contra las personas,504,0.1344,Daños a la propiedad,509,0.0926,Otros actos contra la propiedad solamente,503,0.0505,Delitos contra la propiedad intelectual,4019,0.0423,Otros actos de robo,5049,0.0148,Otros daños a bienes,110132,0.0026,Destrucción o daños ilícitos a la propiedad en relación con conflictos armados,50229,0.0021,Otras formas de hurto de bienes personales
1101,Engaño para celebrar contratos para transferir inmuebles,509,0.3094,Otros actos contra la propiedad solamente,704,0.1611,Actos relacionados con el producto del delito,503,0.0429,Delitos contra la propiedad intelectual,7041,0.0238,Blanqueo de dinero,701,0.0213,Fraude,7019,0.0021,Otros actos de fraude,8042,0.0014,Actos contrarios a disposiciones comerciales o financieras,702,0.0006,Falsificación
1102,Incendio solo con daños a terceros,504,0.1488,Daños a la propiedad,5042,0.0667,Daños a bienes personales,509,0.059,Otros actos contra la propiedad solamente,5049,0.0224,Otros daños a bienes,5043,0.0206,Daños a bienes comerciales,50229,0.0022,Otras formas de hurto de bienes personales,5023,0.0004,Hurto de bienes comerciales,110132,0.0004,Destrucción o daños ilícitos a la propiedad en relación con conflictos armados
1103,Incendio de cosas de valor inferior a 4 sueldos vitales,509,0.1626,Otros actos contra la propiedad solamente,504,0.1555,Daños a la propiedad,5049,0.0242,Otros daños a bienes,50229,0.0107,Otras formas de hurto de bienes personales,5029,0.0027,Otros actos de hurto,5023,0.0023,Hurto de bienes comerciales,104,0.001,Suicidio asistido o incitación al suicidio,110132,0.0006,Destrucción o daños ilícitos a la propiedad en relación con conflictos armados
2001,Delitos informáticos Ley 19.223,9032,0.1685,Injerencia ilícita en sistemas o datos informáticos,9033,0.1549,Interceptación o acceso ilícitos a datos informáticos,9031,0.1476,Acceso ilícito a sistemas informáticos,90321,0.1087,Injerencia ilícita en sistemas informáticos,90322,0.0971,Injerencia ilícita en datos informáticos,903,0.0543,Actos contra sistemas informáticos,9039,0.0483,Otros actos contra sistemas informáticos,503,0.0123,Delitos contra la propiedad intelectual
2002,Sabotaje informático,9032,0.6504,Injerencia ilícita en sistemas o datos informáticos,90322,0.6435,Injerencia ilícita en datos informáticos,90321,0.0241,Injerencia ilícita en sistemas informáticos,9033,0.0191,Interceptación o acceso ilícitos a datos informáticos,9039,0.0119,Otros actos contra sistemas informáticos,9031,0.0057,Acceso ilícito a sistemas informáticos,503,0.0057,Delitos contra la propiedad intelectual,903,0.0056,Actos contra sistemas informáticos
2003,Espionaje informático,9033,0.0635,Interceptación o acceso ilícitos a datos informáticos,9031,0.0361,Acceso ilícito a sistemas informáticos,90321,0.0226,Injerencia ilícita en sistemas informáticos,903,0.0186,Actos contra sistemas informáticos,9039,0.0092,Otros actos contra sistemas informáticos,9032,0.0073,Injerencia ilícita en sistemas o datos informáticos,90322,0.0062,Injerencia ilícita en datos informáticos,904,0.0035,Actos contra la seguridad del Estado
2004,Ataque a la integridad de sistema informático,90321,0.6417,Injerencia ilícita en sistemas informáticos,9032,0.304,Injerencia ilícita en sistemas o datos informáticos,903,0.1592,Actos contra sistemas informáticos,9031,0.0975,Acceso ilícito a sistemas informáticos,9039,0.0553,Otros actos contra sistemas informáticos,9033,0.0129,Interceptación o acceso ilícitos a datos informáticos,90322,0.0088,Injerencia ilícita en datos informáticos,8069,0.0076,Otros actos contra el sistema de justicia
2005,Acceso ilícito,9031,0.6495,Acceso ilícito a sistemas informáticos,9033,0.5721,Interceptación o acceso ilícitos a datos informáticos,903,0.1204,Actos contra sistemas informáticos,9032,0.1202,Injerencia ilícita en sistemas o datos informáticos,90322,0.0847,Injerencia ilícita en datos informáticos,90321,0.0204,Injerencia ilícita en sistemas informáticos,9039,0.0101,Otros actos contra sistemas informáticos,5019,0.0026,Otros actos de robo con entrada ilícita
2006,Interceptación ilícita,9033,0.9165,Interceptación o acceso ilícitos a datos informáticos,9031,0.711,Acceso ilícito a sistemas informáticos,903,0.7024,Actos contra sistemas informáticos,9032,0.6593,Injerencia ilícita en sistemas o datos informáticos,90321,0.5305,Injerencia ilícita en sistemas informáticos,9039,0.4821,Otros actos contra sistemas informáticos,90322,0.3219,Injerencia ilícita en datos informáticos,5019,0.0171,Otros actos de robo con entrada ilícita
2007,Ataque a la integridad de los datos informáticos,90322,0.1609,Injerencia ilícita en datos informáticos,9032,0.1343,Injerencia ilícita en sistemas o datos informáticos,90321,0.0288,Injerencia ilícita en sistemas informáticos,9033,0.0091,Interceptación o acceso ilícitos a datos informáticos,903,0.0033,Actos contra sistemas informáticos,9031,0.003,Acceso ilícito a sistemas informáticos,9039,0.0025,Otros actos contra sistemas informáticos,503,0.0018,Delitos contra la propiedad intelectual
2008,Falsificación informática,90322,0.1581,Injerencia ilícita en datos informáticos,9032,0.1188,Injerencia ilícita en sistemas o datos informáticos,903,0.0981,Actos contra sistemas informáticos,7023,0.0876,Actos de falsificación de documentos,90321,0.0715,Injerencia ilícita en sistemas informáticos,9039,0.0632,Otros actos contra sistemas informáticos,9033,0.0423,Interceptación o acceso ilícitos a datos informáticos,9031,0.0364,Acceso ilícito a sistemas informáticos
2009,Receptación de datos informáticos,704,0.2744,Actos relacionados con el producto del delito,9033,0.0537,Interceptación o acceso ilícitos a datos informáticos,9031,0.0358,Acceso ilícito a sistemas informáticos,90321,0.0298,Injerencia ilícita en sistemas informáticos,9032,0.0197,Injerencia ilícita en sistemas o datos informáticos,90322,0.018,Injerencia ilícita en datos informáticos,9039,0.0124,Otros actos contra sistemas informáticos,903,0.0086,Actos contra sistemas informáticos
2010,Otros fraudes informáticos,704,0.2182,Actos relacionados con el producto del delito,9039,0.1449,Otros actos contra sistemas informáticos,903,0.1197,Actos contra sistemas informáticos,90321,0.0394,Injerencia ilícita en sistemas informáticos,9032,0.0391,Injerencia ilícita en sistemas o datos informáticos,90322,0.0375,Injerencia ilícita en datos informáticos,9031,0.0255,Acceso ilícito a sistemas informáticos,9033,0.0187,Interceptación o acceso ilícitos a datos informáticos
2011,Abuso de los dispositivos,503,0.0567,Delitos contra la propiedad intelectual,90321,0.0119,Injerencia ilícita en sistemas informáticos,9039,0.0117,Otros actos contra sistemas informáticos,9033,0.0069,Interceptación o acceso ilícitos a datos informáticos,903,0.0053,Actos contra sistemas informáticos,9031,0.0052,Acceso ilícito a sistemas informáticos,9032,0.0032,Injerencia ilícita en sistemas o datos informáticos,90322,0.0024,Injerencia ilícita en datos informáticos
3001,Obtención fraudulenta de créditos,7011,0.1484,Fraude financiero,7021,0.1405,Falsificación de medios de pago,701,0.1281,Fraude,70212,0.084,Falsificación de medios de pago distintos del efectivo,7023,0.043,Actos de falsificación de documentos,70211,0.0424,Falsificación de medios de pago en efectivo,7019,0.0321,Otros actos de fraude,70111,0.0175,Fraude financiero contra el Estado
3002,"Alterar, ocultar o destruir balances, libros antecedentes sujeto a fiscalización",6019,0.5446,Otros actos ilícitos relacionados con drogas o precursores sujetos a fiscalización,70211,0.3408,Falsificación de medios de pago en efectivo,70212,0.296,Falsificación de medios de pago distintos del efectivo,7011,0.1732,Fraude financiero,601,0.0672,Actos ilícitos relacionados con drogas o precursores sujetos a fiscalización,8042,0.0608,Actos contrarios a disposiciones comerciales o financieras,602,0.0423,"Actos ilícitos relacionados con bebidas alcohólicas, tabaco u otras sustancias sujetas a fiscalización",704,0.01,Actos relacionados con el producto del delito
3003,Invasión del giro bancario,40131,0.0068,Robo a instituciones financieras,8042,0.0035,Actos contrarios a disposiciones comerciales o financieras,7011,0.0033,Fraude financiero,704,0.002,Actos relacionados con el producto del delito,40132,0.0012,Robo a instituciones no financieras,903,0.0008,Actos contra sistemas informáticos,9031,0.0004,Acceso ilícito a sistemas informáticos,90321,0.0001,Injerencia ilícita en sistemas informáticos
3099,Otros delitos Ley General de Bancos,70211,0.8118,Falsificación de medios de pago en efectivo,70111,0.6939,Fraude financiero contra el Estado,6019,0.6035,Otros actos ilícitos relacionados con drogas o precursores sujetos a fiscalización,7023,0.5959,Actos de falsificación de documentos,70212,0.5917,Falsificación de medios de pago distintos del efectivo,7021,0.4835,Falsificación de medios de pago,7011,0.4777,Fraude financiero,8042,0.2829,Actos contrarios a disposiciones comerciales o financieras
4001,Giro doloso de cheques,7011,0.0812,Fraude financiero,70211,0.0082,Falsificación de medios de pago en efectivo,70212,0.0076,Falsificación de medios de pago distintos del efectivo,7021,0.0065,Falsificación de medios de pago,704,0.0007,Actos relacionados con el producto del delito,602,0.0002,"Actos ilícitos relacionados con bebidas alcohólicas, tabaco u otras sustancias sujetas a fiscalización",1102,0.0002,Actos contrarios a las leyes u otras disposiciones sobre menores,601,0.0001,Actos ilícitos relacionados con drogas o precursores sujetos a fiscalización
4002,Tacha falsa de firma auténtica,7011,0.0354,Fraude financiero,702,0.0148,Falsificación,7023,0.0114,Actos de falsificación de documentos,70211,0.0104,Falsificación de medios de pago en efectivo,70212,0.0087,Falsificación de medios de pago distintos del efectivo,7021,0.0069,Falsificación de medios de pago,7019,0.006,Otros actos de fraude,701,0.0029,Fraude
4003,Giro doloso de cheques (falta de fondos). Acción penal privada,7011,0.2124,Fraude financiero,70211,0.0132,Falsificación de medios de pago en efectivo,70212,0.0084,Falsificación de medios de pago distintos del efectivo,704,0.007,Actos relacionados con el producto del delito,8042,0.002,Actos contrarios a disposiciones comerciales o financieras,1102,0.0008,Actos contrarios a las leyes u otras disposiciones sobre menores,601,0.0008,Actos ilícitos relacionados con drogas o precursores sujetos a fiscalización,602,0.0005,"Actos ilícitos relacionados con bebidas alcohólicas, tabaco u otras sustancias sujetas a fiscalización"
4004,Giro doloso de cheques (cuenta cerrada). Acción penal privada,7011,0.013,Fraude financiero,70212,0.0062,Falsificación de medios de pago distintos del efectivo,704,0.006,Actos relacionados con el producto del delito,70211,0.0041,Falsificación de medios de pago en efectivo,8042,0.0017,Actos contrarios a disposiciones comerciales o financieras,804,0.001,Actos contrarios a las disposiciones relativas a los ingresos públicos u otras disposiciones regulatorias,601,0.0009,Actos ilícitos relacionados con drogas o precursores sujetos a fiscalización,602,0.0007,"Actos ilícitos relacionados con bebidas alcohólicas, tabaco u otras sustancias sujetas a fiscalización"
4005,Giro doloso de cheques. Acción penal pública,70212,0.0444,Falsificación de medios de pago distintos del efectivo,70211,0.036,Falsificación de medios de pago en efectivo,7021,0.032,Falsificación de medios de pago,7011,0.0244,Fraude financiero,704,0.0148,Actos relacionados con el producto del delito,8042,0.0098,Actos contrarios a disposiciones comerciales o financieras,602,0.0028,"Actos ilícitos relacionados con bebidas alcohólicas, tabaco u otras sustancias sujetas a fiscalización",601,0.0013,Actos ilícitos relacionados con drogas o precursores sujetos a fiscalización
4006,Tacha falsa firma auténtica. Acción penal pública,7023,0.0052,Actos de falsificación de documentos,702,0.0014,Falsificación,7011,0.0006,Fraude financiero,70211,0.0006,Falsificación de medios de pago en efectivo,70212,0.0005,Falsificación de medios de pago distintos del efectivo,7021,0.0005,Falsificación de medios de pago,7019,0.0003,Otros actos de fraude,6019,0.0,Otros actos ilícitos relacionados con drogas o precursores sujetos a fiscalización
4099,Otros delitos Ley de Cuentas Corrientes Bancarias y Cheques,70211,0.1073,Falsificación de medios de pago en efectivo,70212,0.0968,Falsificación de medios de pago distintos del efectivo,8042,0.0843,Actos contrarios a disposiciones comerciales o financieras,7011,0.0723,Fraude financiero,1102,0.0518,Actos contrarios a las leyes u otras disposiciones sobre menores,704,0.0481,Actos relacionados con el producto del delito,601,0.0072,Actos ilícitos relacionados con drogas o precursores sujetos a fiscalización,602,0.0063,"Actos ilícitos relacionados con bebidas alcohólicas, tabaco u otras sustancias sujetas a fiscalización"
5001,Delitos que contempla el Código Tributario,8041,0.1741,Actos contrarios a las disposiciones relativas a los ingresos públicos,704,0.0426,Actos relacionados con el producto del delito,1109,0.0377,Otros actos delictivos no clasificados en otra parte,804,0.0274,Actos contrarios a las disposiciones relativas a los ingresos públicos u otras disposiciones regulatorias,11021,0.0102,Delitos en razón de la condición de menor de edad,602,0.0078,"Actos ilícitos relacionados con bebidas alcohólicas, tabaco u otras sustancias sujetas a fiscalización",60129,0.0033,"Otros actos ilícitos de tráfico, cultivo o producción de drogas o precursores sujetos a fiscalización no destinados al consumo personal",601,0.0031,Actos ilícitos relacionados con drogas o precursores sujetos a fiscalización
5002,Comercio clandestino,8042,0.0549,Actos contrarios a disposiciones comerciales o financieras,8051,0.0058,Delitos de tráfico ilícito de migrantes,60122,0.0031,Fabricación ilícita de drogas sujetas a fiscalización no destinadas al consumo personal,60129,0.0014,"Otros actos ilícitos de tráfico, cultivo o producción de drogas o precursores sujetos a fiscalización no destinados al consumo personal",60229,0.0007,"Otros actos ilícitos de producción, manipulación, posesión o uso de productos de tabaco",60121,0.0005,Tráfico ilícito de drogas sujetas a fiscalización no destinadas al consumo personal,6012,0.0003,"Tráfico, cultivo o producción ilícitos de drogas o precursores sujetos a fiscalización no destinados al consumo personal",601,0.0002,Actos ilícitos relacionados con drogas o precursores sujetos a fiscalización
5003,Declaración maliciosa de impuestos,8041,0.0491,Actos contrarios a las disposiciones relativas a los ingresos públicos,804,0.0313,Actos contrarios a las disposiciones relativas a los ingresos públicos u otras disposiciones regulatorias,7019,0.0021,Otros actos de fraude,70212,0.0017,Falsificación de medios de pago distintos del efectivo,702,0.0017,Falsificación,6019,0.0014,Otros actos ilícitos relacionados con drogas o precursores sujetos a fiscalización,7023,0.0012,Actos de falsificación de documentos,601,0.0005,Actos ilícitos relacionados con drogas o precursores sujetos a fiscalización
5004,Obtención indebida de devolución de impuestos,704,0.0234,Actos relacionados con el producto del delito,70212,0.0101,Falsificación de medios de pago distintos del efectivo,8041,0.0051,Actos contrarios a las disposiciones relativas a los ingresos públicos,70211,0.0048,Falsificación de medios de pago en efectivo,804,0.0043,Actos contrarios a las disposiciones relativas a los ingresos públicos u otras disposiciones regulatorias,6019,0.0007,Otros actos ilícitos relacionados con drogas o precursores sujetos a fiscalización,601,0.0003,Actos ilícitos relacionados con drogas o precursores sujetos a fiscalización,60121,0.0002,Tráfico ilícito de drogas sujetas a fiscalización no destinadas al consumo personal
5005,Facilitación de facturas falsas,702,0.0971,Falsificación,7021,0.0607,Falsificación de medios de pago,70211,0.0306,Falsificación de medios de pago en efectivo,7023,0.0284,Actos de falsificación de documentos,7019,0.0168,Otros actos de fraude,6019,0.0072,Otros actos ilícitos relacionados con drogas o precursores sujetos a fiscalización,70212,0.0056,Falsificación de medios de pago distintos del efectivo,601,0.0032,Actos ilícitos relacionados con drogas o precursores sujetos a fiscalización
5006,Falta al deber de informar,90321,0.1902,Injerencia ilícita en sistemas informáticos,8042,0.1373,Actos contrarios a disposiciones comerciales o financieras,7011,0.0511,Fraude financiero,903,0.0469,Actos contra sistemas informáticos,8045,0.0445,Manipulación del mercado o utilización indebida de información privilegiada,9033,0.0329,Interceptación o acceso ilícitos a datos informáticos,9032,0.0204,Injerencia ilícita en sistemas o datos informáticos,90322,0.015,Injerencia ilícita en datos informáticos
5098,Otros delitos del Código Tributario,8041,0.6265,Actos contrarios a las disposiciones relativas a los ingresos públicos,704,0.3976,Actos relacionados con el producto del delito,804,0.2932,Actos contrarios a las disposiciones relativas a los ingresos públicos u otras disposiciones regulatorias,7039,0.264,Otros actos de corrupción,602,0.0545,"Actos ilícitos relacionados con bebidas alcohólicas, tabaco u otras sustancias sujetas a fiscalización",8042,0.0531,Actos contrarios a disposiciones comerciales o financieras,601,0.0452,Actos ilícitos relacionados con drogas o precursores sujetos a fiscalización,6019,0.0257,Otros actos ilícitos relacionados con drogas o precursores sujetos a fiscalización
5099,Infracciones tributarias contempladas en otras leyes,8041,0.1702,Actos contrarios a las disposiciones relativas a los ingresos públicos,804,0.0648,Actos contrarios a las disposiciones relativas a los ingresos públicos u otras disposiciones regulatorias,1109,0.0385,Otros actos delictivos no clasificados en otra parte,601,0.0008,Actos ilícitos relacionados con drogas o precursores sujetos a fiscalización,60129,0.0008,"Otros actos ilícitos de tráfico, cultivo o producción de drogas o precursores sujetos a fiscalización no destinados al consumo personal",602,0.0006,"Actos ilícitos relacionados con bebidas alcohólicas, tabaco u otras sustancias sujetas a fiscalización",60121,0.0004,Tráfico ilícito de drogas sujetas a fiscalización no destinadas al consumo personal,609,0.0002,Otros actos relacionados con drogas sujetas a fiscalización u otras sustancias psicoactivas
6001,Calumnias a través de medios de difusión (acción privada),209,0.0465,Difamación o insulto,8032,0.0099,Actos relacionados con expresiones de creencias y normas sociales controladas,8022,0.0064,Delitos de pornografía,803,0.0052,Actos relacionados con la libertad de expresión o el control de la expresión,2099,0.0041,Otras formas de difamación o insulto,802,0.0038,Actos contrarios a las normas de conducta sexual orientadas al mantenimiento del orden público,8031,0.0035,Actos contra la libertad de expresión,60229,0.0022,"Otros actos ilícitos de producción, manipulación, posesión o uso de productos de tabaco"
6002,Injuria a través de medios de difusión (acción privada),211,0.4669,Transgresiones contra las personas,209,0.0309,Difamación o insulto,2092,0.0172,Difamación o insulto debido a las creencias o valores que se le imputan a la víctima,2091,0.0102,Difamación o insulto debido a las características de la víctima o a los atributos que se le imputan,2109,0.0072,Otras formas de discriminación,2099,0.0057,Otras formas de difamación o insulto,503,0.0017,Delitos contra la propiedad intelectual,803,0.0015,Actos relacionados con la libertad de expresión o el control de la expresión
6099,Otros delitos Ley 16.643 sobre abusos de publicidad,3011,0.1471,Violación,802,0.0576,Actos contrarios a las normas de conducta sexual orientadas al mantenimiento del orden público,8022,0.0531,Delitos de pornografía,80322,0.0489,Violaciones de las normas sobre intolerancia e incitación al odio,803,0.0447,Actos relacionados con la libertad de expresión o el control de la expresión,60229,0.0447,"Otros actos ilícitos de producción, manipulación, posesión o uso de productos de tabaco",30221,0.0292,Pornografía infantil,8042,0.0115,Actos contrarios a disposiciones comerciales o financieras
7001,Elaboración ilegal de drogas o sustancias sicotrópicas,60122,0.7224,Fabricación ilícita de drogas sujetas a fiscalización no destinadas al consumo personal,601,0.3412,Actos ilícitos relacionados con drogas o precursores sujetos a fiscalización,6022,0.2142,"Producción, manipulación, posesión o uso ilícitos de productos de tabaco",60222,0.2058,"Producción, tráfico o distribución ilícitos de productos de tabaco",60129,0.205,"Otros actos ilícitos de tráfico, cultivo o producción de drogas o precursores sujetos a fiscalización no destinados al consumo personal",6012,0.1838,"Tráfico, cultivo o producción ilícitos de drogas o precursores sujetos a fiscalización no destinados al consumo personal",602,0.0361,"Actos ilícitos relacionados con bebidas alcohólicas, tabaco u otras sustancias sujetas a fiscalización",60121,0.0307,Tráfico ilícito de drogas sujetas a fiscalización no destinadas al consumo personal
7006,Cultivo/cosecha de especies vegetales productoras de estupefacientes,6022,0.3048,"Producción, manipulación, posesión o uso ilícitos de productos de tabaco",60112,0.1576,Cultivo o producción ilícitos de drogas sujetas a fiscalización para consumo personal,601,0.1058,Actos ilícitos relacionados con drogas o precursores sujetos a fiscalización,60123,0.0362,Cultivo ilícito de drogas sujetas a fiscalización no destinadas al consumo personal,6012,0.0342,"Tráfico, cultivo o producción ilícitos de drogas o precursores sujetos a fiscalización no destinados al consumo personal",60129,0.016,"Otros actos ilícitos de tráfico, cultivo o producción de drogas o precursores sujetos a fiscalización no destinados al consumo personal",60122,0.015,Fabricación ilícita de drogas sujetas a fiscalización no destinadas al consumo personal,602,0.0102,"Actos ilícitos relacionados con bebidas alcohólicas, tabaco u otras sustancias sujetas a fiscalización"
7007,Tráfico ilícito de drogas,60129,0.7291,"Otros actos ilícitos de tráfico, cultivo o producción de drogas o precursores sujetos a fiscalización no destinados al consumo personal",6022,0.7093,"Producción, manipulación, posesión o uso ilícitos de productos de tabaco",601,0.6921,Actos ilícitos relacionados con drogas o precursores sujetos a fiscalización,6012,0.6731,"Tráfico, cultivo o producción ilícitos de drogas o precursores sujetos a fiscalización no destinados al consumo personal",60222,0.6431,"Producción, tráfico o distribución ilícitos de productos de tabaco",602,0.5992,"Actos ilícitos relacionados con bebidas alcohólicas, tabaco u otras sustancias sujetas a fiscalización",60121,0.5585,Tráfico ilícito de drogas sujetas a fiscalización no destinadas al consumo personal,8051,0.0773,Delitos de tráfico ilícito de migrantes
7012,Receta innecesaria de drogas,6012,0.7421,"Tráfico, cultivo o producción ilícitos de drogas o precursores sujetos a fiscalización no destinados al consumo personal",60121,0.5911,Tráfico ilícito de drogas sujetas a fiscalización no destinadas al consumo personal,60222,0.5709,"Producción, tráfico o distribución ilícitos de productos de tabaco",6022,0.3213,"Producción, manipulación, posesión o uso ilícitos de productos de tabaco",601,0.2149,Actos ilícitos relacionados con drogas o precursores sujetos a fiscalización,60129,0.1989,"Otros actos ilícitos de tráfico, cultivo o producción de drogas o precursores sujetos a fiscalización no destinados al consumo personal",602,0.1467,"Actos ilícitos relacionados con bebidas alcohólicas, tabaco u otras sustancias sujetas a fiscalización",60122,0.0799,Fabricación ilícita de drogas sujetas a fiscalización no destinadas al consumo personal
7013,Lavado de dinero,6012,0.327,"Tráfico, cultivo o producción ilícitos de drogas o precursores sujetos a fiscalización no destinados al consumo personal",601,0.2232,Actos ilícitos relacionados con drogas o precursores sujetos a fiscalización,6022,0.1384,"Producción, manipulación, posesión o uso ilícitos de productos de tabaco",60129,0.0977,"Otros actos ilícitos de tráfico, cultivo o producción de drogas o precursores sujetos a fiscalización no destinados al consumo personal",60121,0.0848,Tráfico ilícito de drogas sujetas a fiscalización no destinadas al consumo personal,602,0.0582,"Actos ilícitos relacionados con bebidas alcohólicas, tabaco u otras sustancias sujetas a fiscalización",8051,0.0304,Delitos de tráfico ilícito de migrantes,704,0.0231,Actos relacionados con el producto del delito
7014,Asociaciones ilícitas Ley de Drogas,60222,0.5695,"Producción, tráfico o distribución ilícitos de productos de tabaco",601,0.5263,Actos ilícitos relacionados con drogas o precursores sujetos a fiscalización,6022,0.4207,"Producción, manipulación, posesión o uso ilícitos de productos de tabaco",60121,0.3516,Tráfico ilícito de drogas sujetas a fiscalización no destinadas al consumo personal,602,0.3419,"Actos ilícitos relacionados con bebidas alcohólicas, tabaco u otras sustancias sujetas a fiscalización",60129,0.341,"Otros actos ilícitos de tráfico, cultivo o producción de drogas o precursores sujetos a fiscalización no destinados al consumo personal",6012,0.1719,"Tráfico, cultivo o producción ilícitos de drogas o precursores sujetos a fiscalización no destinados al consumo personal",60122,0.0674,Fabricación ilícita de drogas sujetas a fiscalización no destinadas al consumo personal
7030,Desvío ilícito de precursores y sustancias esenciales Art. 3 Ley 20.000,60124,0.7743,Desviación ilícita de precursores no destinados al consumo personal,6012,0.5172,"Tráfico, cultivo o producción ilícitos de drogas o precursores sujetos a fiscalización no destinados al consumo personal",60222,0.4374,"Producción, tráfico o distribución ilícitos de productos de tabaco",60121,0.3869,Tráfico ilícito de drogas sujetas a fiscalización no destinadas al consumo personal,60129,0.2547,"Otros actos ilícitos de tráfico, cultivo o producción de drogas o precursores sujetos a fiscalización no destinados al consumo personal",601,0.2148,Actos ilícitos relacionados con drogas o precursores sujetos a fiscalización,6022,0.103,"Producción, manipulación, posesión o uso ilícitos de productos de tabaco",602,0.0758,"Actos ilícitos relacionados con bebidas alcohólicas, tabaco u otras sustancias sujetas a fiscalización"
7031,Producción y tráfico por desvío de precursores,601,0.9459,Actos ilícitos relacionados con drogas o precursores sujetos a fiscalización,6019,0.9114,Otros actos ilícitos relacionados con drogas o precursores sujetos a fiscalización,60129,0.8763,"Otros actos ilícitos de tráfico, cultivo o producción de drogas o precursores sujetos a fiscalización no destinados al consumo personal",6012,0.8519,"Tráfico, cultivo o producción ilícitos de drogas o precursores sujetos a fiscalización no destinados al consumo personal",6022,0.7533,"Producción, manipulación, posesión o uso ilícitos de productos de tabaco",60222,0.7256,"Producción, tráfico o distribución ilícitos de productos de tabaco",60121,0.717,Tráfico ilícito de drogas sujetas a fiscalización no destinadas al consumo personal,60124,0.643,Desviación ilícita de precursores no destinados al consumo personal
7032,Suministro indebido de drogas,6022,0.0491,"Producción, manipulación, posesión o uso ilícitos de productos de tabaco",6012,0.0311,"Tráfico, cultivo o producción ilícitos de drogas o precursores sujetos a fiscalización no destinados al consumo personal",60222,0.0261,"Producción, tráfico o distribución ilícitos de productos de tabaco",601,0.0236,Actos ilícitos relacionados con drogas o precursores sujetos a fiscalización,602,0.0233,"Actos ilícitos relacionados con bebidas alcohólicas, tabaco u otras sustancias sujetas a fiscalización",60129,0.0188,"Otros actos ilícitos de tráfico, cultivo o producción de drogas o precursores sujetos a fiscalización no destinados al consumo personal",60121,0.0179,Tráfico ilícito de drogas sujetas a fiscalización no destinadas al consumo personal,60122,0.008,Fabricación ilícita de drogas sujetas a fiscalización no destinadas al consumo personal
7033,"Prescripción médica abusiva de drogas, estupefacientes o sicotrópicas",6019,0.4432,Otros actos ilícitos relacionados con drogas o precursores sujetos a fiscalización,60129,0.4364,"Otros actos ilícitos de tráfico, cultivo o producción de drogas o precursores sujetos a fiscalización no destinados al consumo personal",601,0.2374,Actos ilícitos relacionados con drogas o precursores sujetos a fiscalización,602,0.2335,"Actos ilícitos relacionados con bebidas alcohólicas, tabaco u otras sustancias sujetas a fiscalización",6011,0.1365,"Posesión, adquisición, utilización, cultivo o producción ilícitos de drogas sujetas a fiscalización para consumo personal",60121,0.0556,Tráfico ilícito de drogas sujetas a fiscalización no destinadas al consumo personal,60122,0.0535,Fabricación ilícita de drogas sujetas a fiscalización no destinadas al consumo personal,6012,0.039,"Tráfico, cultivo o producción ilícitos de drogas o precursores sujetos a fiscalización no destinados al consumo personal"
7034,Suministro de hidrocarburos aromáticos a menores,6022,0.0105,"Producción, manipulación, posesión o uso ilícitos de productos de tabaco",1102,0.0043,Actos contrarios a las leyes u otras disposiciones sobre menores,11021,0.0023,Delitos en razón de la condición de menor de edad,60222,0.0023,"Producción, tráfico o distribución ilícitos de productos de tabaco",602,0.0017,"Actos ilícitos relacionados con bebidas alcohólicas, tabaco u otras sustancias sujetas a fiscalización",601,0.0003,Actos ilícitos relacionados con drogas o precursores sujetos a fiscalización,6012,0.0001,"Tráfico, cultivo o producción ilícitos de drogas o precursores sujetos a fiscalización no destinados al consumo personal",60121,0.0001,Tráfico ilícito de drogas sujetas a fiscalización no destinadas al consumo personal
7035,Consumo de drogas (art. 41),601,0.4566,Actos ilícitos relacionados con drogas o precursores sujetos a fiscalización,60121,0.4459,Tráfico ilícito de drogas sujetas a fiscalización no destinadas al consumo personal,6011,0.3921,"Posesión, adquisición, utilización, cultivo o producción ilícitos de drogas sujetas a fiscalización para consumo personal",6012,0.3557,"Tráfico, cultivo o producción ilícitos de drogas o precursores sujetos a fiscalización no destinados al consumo personal",602,0.2816,"Actos ilícitos relacionados con bebidas alcohólicas, tabaco u otras sustancias sujetas a fiscalización",6022,0.2804,"Producción, manipulación, posesión o uso ilícitos de productos de tabaco",60129,0.2797,"Otros actos ilícitos de tráfico, cultivo o producción de drogas o precursores sujetos a fiscalización no destinados al consumo personal",6029,0.0903,"Otros actos ilícitos relacionados con bebidas alcohólicas, tabaco u otras sustancias sujetas a fiscalización"
7036,Porte de drogas,6012,0.6024,"Tráfico, cultivo o producción ilícitos de drogas o precursores sujetos a fiscalización no destinados al consumo personal",60121,0.3898,Tráfico ilícito de drogas sujetas a fiscalización no destinadas al consumo personal,601,0.3479,Actos ilícitos relacionados con drogas o precursores sujetos a fiscalización,6011,0.2948,"Posesión, adquisición, utilización, cultivo o producción ilícitos de drogas sujetas a fiscalización para consumo personal",6022,0.2923,"Producción, manipulación, posesión o uso ilícitos de productos de tabaco",60129,0.2876,"Otros actos ilícitos de tráfico, cultivo o producción de drogas o precursores sujetos a fiscalización no destinados al consumo personal",602,0.1818,"Actos ilícitos relacionados con bebidas alcohólicas, tabaco u otras sustancias sujetas a fiscalización",60222,0.163,"Producción, tráfico o distribución ilícitos de productos de tabaco"
7037,Microtráfico (tráfico de pequeñas cantidades),60222,0.2319,"Producción, tráfico o distribución ilícitos de productos de tabaco",6022,0.1913,"Producción, manipulación, posesión o uso ilícitos de productos de tabaco",6012,0.1881,"Tráfico, cultivo o producción ilícitos de drogas o precursores sujetos a fiscalización no destinados al consumo personal",60129,0.1702,"Otros actos ilícitos de tráfico, cultivo o producción de drogas o precursores sujetos a fiscalización no destinados al consumo personal",601,0.1137,Actos ilícitos relacionados con drogas o precursores sujetos a fiscalización,60121,0.0718,Tráfico ilícito de drogas sujetas a fiscalización no destinadas al consumo personal,602,0.0577,"Actos ilícitos relacionados con bebidas alcohólicas, tabaco u otras sustancias sujetas a fiscalización",60122,0.0242,Fabricación ilícita de drogas sujetas a fiscalización no destinadas al consumo personal
7038,Consumo o porte en lugares públicos o privados con previo concierto,60129,0.6496,"Otros actos ilícitos de tráfico, cultivo o producción de drogas o precursores sujetos a fiscalización no destinados al consumo personal",6029,0.5769,"Otros actos ilícitos relacionados con bebidas alcohólicas, tabaco u otras sustancias sujetas a fiscalización",601,0.4885,Actos ilícitos relacionados con drogas o precursores sujetos a fiscalización,602,0.4666,"Actos ilícitos relacionados con bebidas alcohólicas, tabaco u otras sustancias sujetas a fiscalización",6021,0.3012,"Producción, manipulación, posesión o uso ilícitos de productos alcohólicos",6012,0.2093,"Tráfico, cultivo o producción ilícitos de drogas o precursores sujetos a fiscalización no destinados al consumo personal",60121,0.157,Tráfico ilícito de drogas sujetas a fiscalización no destinadas al consumo personal,2072,0.0572,Utilización de un vehículo bajo los efectos de sustancias psicoactivas
7039,Consumo o porte de drogas en lugares calificados,601,0.469,Actos ilícitos relacionados con drogas o precursores sujetos a fiscalización,60111,0.4364,"Posesión, adquisición o uso ilícitos de drogas sujetas a fiscalización para consumo personal",6011,0.3818,"Posesión, adquisición, utilización, cultivo o producción ilícitos de drogas sujetas a fiscalización para consumo personal",602,0.3609,"Actos ilícitos relacionados con bebidas alcohólicas, tabaco u otras sustancias sujetas a fiscalización",60129,0.3106,"Otros actos ilícitos de tráfico, cultivo o producción de drogas o precursores sujetos a fiscalización no destinados al consumo personal",60121,0.1895,Tráfico ilícito de drogas sujetas a fiscalización no destinadas al consumo personal,6012,0.1511,"Tráfico, cultivo o producción ilícitos de drogas o precursores sujetos a fiscalización no destinados al consumo personal",60123,0.1027,Cultivo ilícito de drogas sujetas a fiscalización no destinadas al consumo personal
7042,Facilitación de bienes al tráfico de drogas,7042,0.1928,Tráfico ilícito de bienes culturales,60129,0.1248,"Otros actos ilícitos de tráfico, cultivo o producción de drogas o precursores sujetos a fiscalización no destinados al consumo personal",60121,0.1154,Tráfico ilícito de drogas sujetas a fiscalización no destinadas al consumo personal,601,0.0908,Actos ilícitos relacionados con drogas o precursores sujetos a fiscalización,6012,0.0712,"Tráfico, cultivo o producción ilícitos de drogas o precursores sujetos a fiscalización no destinados al consumo personal",8051,0.0223,Delitos de tráfico ilícito de migrantes,60222,0.0216,"Producción, tráfico o distribución ilícitos de productos de tabaco",602,0.0139,"Actos ilícitos relacionados con bebidas alcohólicas, tabaco u otras sustancias sujetas a fiscalización"
7043,Tolerancia al tráfico o consumo de drogas,602,0.3276,"Actos ilícitos relacionados con bebidas alcohólicas, tabaco u otras sustancias sujetas a fiscalización",6012,0.2052,"Tráfico, cultivo o producción ilícitos de drogas o precursores sujetos a fiscalización no destinados al consumo personal",60212,0.1865,"Producción, tráfico o distribución ilícitos de productos alcohólicos",60121,0.1738,Tráfico ilícito de drogas sujetas a fiscalización no destinadas al consumo personal,60129,0.1551,"Otros actos ilícitos de tráfico, cultivo o producción de drogas o precursores sujetos a fiscalización no destinados al consumo personal",601,0.1168,Actos ilícitos relacionados con drogas o precursores sujetos a fiscalización,60222,0.0693,"Producción, tráfico o distribución ilícitos de productos de tabaco",8051,0.0129,Delitos de tráfico ilícito de migrantes
7044,Tráfico de especies vegetales,1003,0.2521,Comercio o posesión de especies protegidas o prohibidas de la fauna y la flora,10031,0.0837,Comercio o posesión de especies protegidas de fauna y flora silvestres,10032,0.0442,Comercio o posesión de especies animales prohibidas o controladas,601,0.0083,Actos ilícitos relacionados con drogas o precursores sujetos a fiscalización,6012,0.0082,"Tráfico, cultivo o producción ilícitos de drogas o precursores sujetos a fiscalización no destinados al consumo personal",60121,0.0081,Tráfico ilícito de drogas sujetas a fiscalización no destinadas al consumo personal,60129,0.0075,"Otros actos ilícitos de tráfico, cultivo o producción de drogas o precursores sujetos a fiscalización no destinados al consumo personal",60123,0.0032,Cultivo ilícito de drogas sujetas a fiscalización no destinadas al consumo personal
7045,Omisión de denunciar por funcionario público,60129,0.0236,"Otros actos ilícitos de tráfico, cultivo o producción de drogas o precursores sujetos a fiscalización no destinados al consumo personal",11021,0.0187,Delitos en razón de la condición de menor de edad,601,0.0138,Actos ilícitos relacionados con drogas o precursores sujetos a fiscalización,60121,0.0106,Tráfico ilícito de drogas sujetas a fiscalización no destinadas al consumo personal,907,0.009,Infracciones de tráfico no lesivas,602,0.0079,"Actos ilícitos relacionados con bebidas alcohólicas, tabaco u otras sustancias sujetas a fiscalización",6012,0.0026,"Tráfico, cultivo o producción ilícitos de drogas o precursores sujetos a fiscalización no destinados al consumo personal",104,0.0014,Suicidio asistido o incitación al suicidio
7046,Delitos cometidos por personal militar y gente de mar,601,0.7209,Actos ilícitos relacionados con drogas o precursores sujetos a fiscalización,60111,0.6422,"Posesión, adquisición o uso ilícitos de drogas sujetas a fiscalización para consumo personal",602,0.6132,"Actos ilícitos relacionados con bebidas alcohólicas, tabaco u otras sustancias sujetas a fiscalización",6029,0.4957,"Otros actos ilícitos relacionados con bebidas alcohólicas, tabaco u otras sustancias sujetas a fiscalización",60129,0.4509,"Otros actos ilícitos de tráfico, cultivo o producción de drogas o precursores sujetos a fiscalización no destinados al consumo personal",60121,0.282,Tráfico ilícito de drogas sujetas a fiscalización no destinadas al consumo personal,6011,0.2218,"Posesión, adquisición, utilización, cultivo o producción ilícitos de drogas sujetas a fiscalización para consumo personal",6012,0.1487,"Tráfico, cultivo o producción ilícitos de drogas o precursores sujetos a fiscalización no destinados al consumo personal"
7047,Conspiración de Ley 20.000,601,0.0477,Actos ilícitos relacionados con drogas o precursores sujetos a fiscalización,8063,0.0397,Intención delictiva,60129,0.0129,"Otros actos ilícitos de tráfico, cultivo o producción de drogas o precursores sujetos a fiscalización no destinados al consumo personal",60121,0.0063,Tráfico ilícito de drogas sujetas a fiscalización no destinadas al consumo personal,602,0.0053,"Actos ilícitos relacionados con bebidas alcohólicas, tabaco u otras sustancias sujetas a fiscalización",6012,0.0052,"Tráfico, cultivo o producción ilícitos de drogas o precursores sujetos a fiscalización no destinados al consumo personal",1102,0.0024,Actos contrarios a las leyes u otras disposiciones sobre menores,104,0.0019,Suicidio asistido o incitación al suicidio
7048,"Negativa injustificada de notarios, conservadores y archiveros a entregar copia de instrumentos y datos",90322,0.4196,Injerencia ilícita en datos informáticos,9032,0.2684,Injerencia ilícita en sistemas o datos informáticos,6012,0.11,"Tráfico, cultivo o producción ilícitos de drogas o precursores sujetos a fiscalización no destinados al consumo personal",601,0.0605,Actos ilícitos relacionados con drogas o precursores sujetos a fiscalización,602,0.0602,"Actos ilícitos relacionados con bebidas alcohólicas, tabaco u otras sustancias sujetas a fiscalización",60121,0.0525,Tráfico ilícito de drogas sujetas a fiscalización no destinadas al consumo personal,60129,0.0437,"Otros actos ilícitos de tráfico, cultivo o producción de drogas o precursores sujetos a fiscalización no destinados al consumo personal",60222,0.0243,"Producción, tráfico o distribución ilícitos de productos de tabaco"
7049,Difusión de identidad de testigos protegidos,601,0.0274,Actos ilícitos relacionados con drogas o precursores sujetos a fiscalización,602,0.012,"Actos ilícitos relacionados con bebidas alcohólicas, tabaco u otras sustancias sujetas a fiscalización",60129,0.0095,"Otros actos ilícitos de tráfico, cultivo o producción de drogas o precursores sujetos a fiscalización no destinados al consumo personal",6012,0.0039,"Tráfico, cultivo o producción ilícitos de drogas o precursores sujetos a fiscalización no destinados al consumo personal",2021,0.0038,Secuestro de menores,60122,0.0026,Fabricación ilícita de drogas sujetas a fiscalización no destinadas al consumo personal,60121,0.0021,Tráfico ilícito de drogas sujetas a fiscalización no destinadas al consumo personal,104,0.0014,Suicidio asistido o incitación al suicidio
7050,Uso malicioso de identidad anterior,601,0.0041,Actos ilícitos relacionados con drogas o precursores sujetos a fiscalización,60129,0.0012,"Otros actos ilícitos de tráfico, cultivo o producción de drogas o precursores sujetos a fiscalización no destinados al consumo personal",6022,0.001,"Producción, manipulación, posesión o uso ilícitos de productos de tabaco",602,0.0009,"Actos ilícitos relacionados con bebidas alcohólicas, tabaco u otras sustancias sujetas a fiscalización",60124,0.0007,Desviación ilícita de precursores no destinados al consumo personal,6019,0.0007,Otros actos ilícitos relacionados con drogas o precursores sujetos a fiscalización,60121,0.0006,Tráfico ilícito de drogas sujetas a fiscalización no destinadas al consumo personal,6012,0.0003,"Tráfico, cultivo o producción ilícitos de drogas o precursores sujetos a fiscalización no destinados al consumo personal"
7051,"Violación de secreto parcial de la investigación y de la identidad de agentes encubiertos, agentes reveladores, etc.",904,0.0089,Actos contra la seguridad del Estado,704,0.0026,Actos relacionados con el producto del delito,2022,0.0021,Privación de libertad,2021,0.0018,Secuestro de menores,602,0.001,"Actos ilícitos relacionados con bebidas alcohólicas, tabaco u otras sustancias sujetas a fiscalización",601,0.0008,Actos ilícitos relacionados con drogas o precursores sujetos a fiscalización,60129,0.0005,"Otros actos ilícitos de tráfico, cultivo o producción de drogas o precursores sujetos a fiscalización no destinados al consumo personal",6012,0.0001,"Tráfico, cultivo o producción ilícitos de drogas o precursores sujetos a fiscalización no destinados al consumo personal"
7052,Violación del secreto absoluto de la investigación,6022,0.0023,"Producción, manipulación, posesión o uso ilícitos de productos de tabaco",601,0.0015,Actos ilícitos relacionados con drogas o precursores sujetos a fiscalización,60129,0.0012,"Otros actos ilícitos de tráfico, cultivo o producción de drogas o precursores sujetos a fiscalización no destinados al consumo personal",602,0.0005,"Actos ilícitos relacionados con bebidas alcohólicas, tabaco u otras sustancias sujetas a fiscalización",60222,0.0004,"Producción, tráfico o distribución ilícitos de productos de tabaco",6012,0.0001,"Tráfico, cultivo o producción ilícitos de drogas o precursores sujetos a fiscalización no destinados al consumo personal",60122,0.0001,Fabricación ilícita de drogas sujetas a fiscalización no destinadas al consumo personal,60121,0.0001,Tráfico ilícito de drogas sujetas a fiscalización no destinadas al consumo personal
7053,"Abandonar en lugar de fácil acceso plantas, semillas u otras",1003,0.0518,Comercio o posesión de especies protegidas o prohibidas de la fauna y la flora,10032,0.0147,Comercio o posesión de especies animales prohibidas o controladas,60123,0.0004,Cultivo ilícito de drogas sujetas a fiscalización no destinadas al consumo personal,601,0.0004,Actos ilícitos relacionados con drogas o precursores sujetos a fiscalización,60222,0.0004,"Producción, tráfico o distribución ilícitos de productos de tabaco",60129,0.0003,"Otros actos ilícitos de tráfico, cultivo o producción de drogas o precursores sujetos a fiscalización no destinados al consumo personal",60121,0.0001,Tráfico ilícito de drogas sujetas a fiscalización no destinadas al consumo personal,6012,0.0001,"Tráfico, cultivo o producción ilícitos de drogas o precursores sujetos a fiscalización no destinados al consumo personal"
7054,Suministro de estupefacientes sin consentimiento,6022,0.1507,"Producción, manipulación, posesión o uso ilícitos de productos de tabaco",602,0.036,"Actos ilícitos relacionados con bebidas alcohólicas, tabaco u otras sustancias sujetas a fiscalización",601,0.0357,Actos ilícitos relacionados con drogas o precursores sujetos a fiscalización,60129,0.0257,"Otros actos ilícitos de tráfico, cultivo o producción de drogas o precursores sujetos a fiscalización no destinados al consumo personal",60222,0.0249,"Producción, tráfico o distribución ilícitos de productos de tabaco",60121,0.0164,Tráfico ilícito de drogas sujetas a fiscalización no destinadas al consumo personal,6012,0.0101,"Tráfico, cultivo o producción ilícitos de drogas o precursores sujetos a fiscalización no destinados al consumo personal",60122,0.0083,Fabricación ilícita de drogas sujetas a fiscalización no destinadas al consumo personal
7098,Otras faltas a la Ley 19.366,60121,0.2421,Tráfico ilícito de drogas sujetas a fiscalización no destinadas al consumo personal,60222,0.1557,"Producción, tráfico o distribución ilícitos de productos de tabaco",6012,0.1224,"Tráfico, cultivo o producción ilícitos de drogas o precursores sujetos a fiscalización no destinados al consumo personal",60129,0.1188,"Otros actos ilícitos de tráfico, cultivo o producción de drogas o precursores sujetos a fiscalización no destinados al consumo personal",601,0.0891,Actos ilícitos relacionados con drogas o precursores sujetos a fiscalización,6029,0.0826,"Otros actos ilícitos relacionados con bebidas alcohólicas, tabaco u otras sustancias sujetas a fiscalización",602,0.0779,"Actos ilícitos relacionados con bebidas alcohólicas, tabaco u otras sustancias sujetas a fiscalización",2072,0.01,Utilización de un vehículo bajo los efectos de sustancias psicoactivas
7099,Otros delitos de la Ley 20.000,602,0.4612,"Actos ilícitos relacionados con bebidas alcohólicas, tabaco u otras sustancias sujetas a fiscalización",601,0.4167,Actos ilícitos relacionados con drogas o precursores sujetos a fiscalización,6012,0.2864,"Tráfico, cultivo o producción ilícitos de drogas o precursores sujetos a fiscalización no destinados al consumo personal",60121,0.2572,Tráfico ilícito de drogas sujetas a fiscalización no destinadas al consumo personal,6022,0.2476,"Producción, manipulación, posesión o uso ilícitos de productos de tabaco",6029,0.124,"Otros actos ilícitos relacionados con bebidas alcohólicas, tabaco u otras sustancias sujetas a fiscalización",60229,0.105,"Otros actos ilícitos de producción, manipulación, posesión o uso de productos de tabaco",60129,0.0867,"Otros actos ilícitos de tráfico, cultivo o producción de drogas o precursores sujetos a fiscalización no destinados al consumo personal"
8001,Delitos contra Ley de Propiedad Industrial,503,0.6713,Delitos contra la propiedad intelectual,8042,0.3503,Actos contrarios a disposiciones comerciales o financieras,808,0.2853,Actos contrarios al derecho laboral,509,0.1434,Otros actos contra la propiedad solamente,110132,0.1106,Destrucción o daños ilícitos a la propiedad en relación con conflictos armados,504,0.095,Daños a la propiedad,5049,0.0455,Otros daños a bienes,409,0.0439,Otros actos contra la propiedad que entrañan violencia o amenaza de violencia contra las personas
8002,Delitos marcarios,8042,0.0926,Actos contrarios a disposiciones comerciales o financieras,503,0.067,Delitos contra la propiedad intelectual,7022,0.0287,Delitos relacionados con productos falsificados,60229,0.0118,"Otros actos ilícitos de producción, manipulación, posesión o uso de productos de tabaco",6022,0.0095,"Producción, manipulación, posesión o uso ilícitos de productos de tabaco",602,0.0026,"Actos ilícitos relacionados con bebidas alcohólicas, tabaco u otras sustancias sujetas a fiscalización",601,0.0017,Actos ilícitos relacionados con drogas o precursores sujetos a fiscalización,8063,0.0013,Intención delictiva
8003,Demás delitos contra Ley de Propiedad Industrial,503,0.6146,Delitos contra la propiedad intelectual,7022,0.1119,Delitos relacionados con productos falsificados,8042,0.1005,Actos contrarios a disposiciones comerciales o financieras,509,0.0957,Otros actos contra la propiedad solamente,504,0.0441,Daños a la propiedad,5049,0.0101,Otros daños a bienes,8063,0.0065,Intención delictiva,110132,0.0022,Destrucción o daños ilícitos a la propiedad en relación con conflictos armados
9001,Delitos contra Ley de Propiedad Intelectual,503,0.9484,Delitos contra la propiedad intelectual,509,0.4803,Otros actos contra la propiedad solamente,504,0.2138,Daños a la propiedad,8042,0.0682,Actos contrarios a disposiciones comerciales o financieras,1109,0.0662,Otros actos delictivos no clasificados en otra parte,5049,0.0572,Otros daños a bienes,704,0.0496,Actos relacionados con el producto del delito,8063,0.0254,Intención delictiva
9002,Falsificación de obras protegidas por Ley de Propiedad Intelectual,503,0.3897,Delitos contra la propiedad intelectual,702,0.2039,Falsificación,7023,0.0773,Actos de falsificación de documentos,7029,0.0495,Otros actos de falsificación,7022,0.0084,Delitos relacionados con productos falsificados,8042,0.0009,Actos contrarios a disposiciones comerciales o financieras,601,0.0004,Actos ilícitos relacionados con drogas o precursores sujetos a fiscalización,6019,0.0002,Otros actos ilícitos relacionados con drogas o precursores sujetos a fiscalización
9003,Venta ilícita de obras protegidas por Ley de Propiedad Intelectual,503,0.2183,Delitos contra la propiedad intelectual,601,0.1974,Actos ilícitos relacionados con drogas o precursores sujetos a fiscalización,704,0.1735,Actos relacionados con el producto del delito,8063,0.1456,Intención delictiva,8032,0.1375,Actos relacionados con expresiones de creencias y normas sociales controladas,509,0.107,Otros actos contra la propiedad solamente,7042,0.095,Tráfico ilícito de bienes culturales,8042,0.0443,Actos contrarios a disposiciones comerciales o financieras
9004,Utilización sin autorización de obras de dominio ajeno por Ley de Propiedad Intelectual,503,0.0787,Delitos contra la propiedad intelectual,90322,0.0263,Injerencia ilícita en datos informáticos,9031,0.017,Acceso ilícito a sistemas informáticos,8032,0.0087,Actos relacionados con expresiones de creencias y normas sociales controladas,509,0.0056,Otros actos contra la propiedad solamente,601,0.001,Actos ilícitos relacionados con drogas o precursores sujetos a fiscalización,1102,0.0008,Actos contrarios a las leyes u otras disposiciones sobre menores,8042,0.0005,Actos contrarios a disposiciones comerciales o financieras
9005,"Inducir, permitir, facilitar u ocultar una infracción de los derechos de autor o conexos Art. 81 ter Ley 17.336",8063,0.036,Intención delictiva,503,0.0351,Delitos contra la propiedad intelectual,509,0.0194,Otros actos contra la propiedad solamente,8042,0.0179,Actos contrarios a disposiciones comerciales o financieras,8032,0.0152,Actos relacionados con expresiones de creencias y normas sociales controladas,704,0.0104,Actos relacionados con el producto del delito,803,0.0078,Actos relacionados con la libertad de expresión o el control de la expresión,806,0.0022,Actos contra el sistema de justicia
9099,Demás delitos contemplados en la Ley de Propiedad Intelectual,503,0.7533,Delitos contra la propiedad intelectual,1102,0.1333,Actos contrarios a las leyes u otras disposiciones sobre menores,509,0.069,Otros actos contra la propiedad solamente,1109,0.054,Otros actos delictivos no clasificados en otra parte,8042,0.0359,Actos contrarios a disposiciones comerciales o financieras,8063,0.0279,Intención delictiva,704,0.01,Actos relacionados con el producto del delito,5049,0.0033,Otros daños a bienes
10001,"Posesión, tenencia o porte de armas sujetas a control",90119,0.8216,Otros actos relacionados con posesión o uso de armas y explosivos,901,0.6615,"Actos relacionados con armas, explosivos y otros materiales destructivos",90111,0.5671,Posesión o uso ilícitos de armas de fuego,9011,0.4952,Posesión o uso de armas y explosivos,90112,0.42,Posesión o uso ilícitos de otras armas o explosivos,90129,0.3427,Otros actos relacionados con el tráfico de armas y explosivos,9012,0.3402,Tráfico de armas y explosivos,9019,0.3234,Otros actos relacionados con armas y explosivos
10004,"Porte ilegal de arma de fuego, municiones y otros sujetas a control",9011,0.7288,Posesión o uso de armas y explosivos,90111,0.5941,Posesión o uso ilícitos de armas de fuego,90129,0.5528,Otros actos relacionados con el tráfico de armas y explosivos,901,0.4747,"Actos relacionados con armas, explosivos y otros materiales destructivos",9012,0.4625,Tráfico de armas y explosivos,90119,0.4426,Otros actos relacionados con posesión o uso de armas y explosivos,90112,0.3872,Posesión o uso ilícitos de otras armas o explosivos,90121,0.0862,Tráfico de armas de fuego
10005,Adquisición y venta indebida de cartuchos y municiones. Art. 9 A Ley 17.798,901,0.3563,"Actos relacionados con armas, explosivos y otros materiales destructivos",90111,0.2531,Posesión o uso ilícitos de armas de fuego,9012,0.1882,Tráfico de armas y explosivos,90119,0.1846,Otros actos relacionados con posesión o uso de armas y explosivos,9011,0.1353,Posesión o uso de armas y explosivos,90112,0.1222,Posesión o uso ilícitos de otras armas o explosivos,90129,0.0427,Otros actos relacionados con el tráfico de armas y explosivos,90121,0.0357,Tráfico de armas de fuego
10006,Violación de reserva base de datos s/inscrip.y reg. de arma,9011,0.0444,Posesión o uso de armas y explosivos,90111,0.0264,Posesión o uso ilícitos de armas de fuego,901,0.017,"Actos relacionados con armas, explosivos y otros materiales destructivos",90119,0.013,Otros actos relacionados con posesión o uso de armas y explosivos,90112,0.0124,Posesión o uso ilícitos de otras armas o explosivos,9019,0.0065,Otros actos relacionados con armas y explosivos,90322,0.0021,Injerencia ilícita en datos informáticos,9032,0.0017,Injerencia ilícita en sistemas o datos informáticos
10007,Abandono de armas o elementos sujetas a control,90119,0.0728,Otros actos relacionados con posesión o uso de armas y explosivos,901,0.0386,"Actos relacionados con armas, explosivos y otros materiales destructivos",8063,0.0221,Intención delictiva,9011,0.0166,Posesión o uso de armas y explosivos,90111,0.0117,Posesión o uso ilícitos de armas de fuego,9012,0.0104,Tráfico de armas y explosivos,90112,0.007,Posesión o uso ilícitos de otras armas o explosivos,8032,0.0031,Actos relacionados con expresiones de creencias y normas sociales controladas
10008,Porte de arma prohibida,901,0.3462,"Actos relacionados con armas, explosivos y otros materiales destructivos",9019,0.3336,Otros actos relacionados con armas y explosivos,90119,0.3097,Otros actos relacionados con posesión o uso de armas y explosivos,90111,0.2885,Posesión o uso ilícitos de armas de fuego,90112,0.072,Posesión o uso ilícitos de otras armas o explosivos,9011,0.0492,Posesión o uso de armas y explosivos,90129,0.0312,Otros actos relacionados con el tráfico de armas y explosivos,9012,0.0266,Tráfico de armas y explosivos
10009,Posesión o tenencia de armas prohibidas,90112,0.9007,Posesión o uso ilícitos de otras armas o explosivos,90119,0.8584,Otros actos relacionados con posesión o uso de armas y explosivos,901,0.8264,"Actos relacionados con armas, explosivos y otros materiales destructivos",90111,0.8079,Posesión o uso ilícitos de armas de fuego,9011,0.7413,Posesión o uso de armas y explosivos,9019,0.7218,Otros actos relacionados con armas y explosivos,90129,0.4433,Otros actos relacionados con el tráfico de armas y explosivos,9012,0.3127,Tráfico de armas y explosivos
10010,Tráfico de armas,9012,0.4508,Tráfico de armas y explosivos,901,0.3967,"Actos relacionados con armas, explosivos y otros materiales destructivos",90122,0.2714,Tráfico de otras armas o explosivos,90121,0.1532,Tráfico de armas de fuego,90129,0.0992,Otros actos relacionados con el tráfico de armas y explosivos,9011,0.0238,Posesión o uso de armas y explosivos,90111,0.0216,Posesión o uso ilícitos de armas de fuego,90112,0.0195,Posesión o uso ilícitos de otras armas o explosivos
10011,"Posesión, tenencia o porte de municiones y sustancias químicas",90119,0.8297,Otros actos relacionados con posesión o uso de armas y explosivos,90111,0.7297,Posesión o uso ilícitos de armas de fuego,901,0.7076,"Actos relacionados con armas, explosivos y otros materiales destructivos",90112,0.509,Posesión o uso ilícitos de otras armas o explosivos,90122,0.4599,Tráfico de otras armas o explosivos,90129,0.3543,Otros actos relacionados con el tráfico de armas y explosivos,9011,0.34,Posesión o uso de armas y explosivos,9012,0.3175,Tráfico de armas y explosivos
10012,"Porte de arma de guerra, química, biológica o nuclear",90129,0.7038,Otros actos relacionados con el tráfico de armas y explosivos,90111,0.6483,Posesión o uso ilícitos de armas de fuego,901,0.5381,"Actos relacionados con armas, explosivos y otros materiales destructivos",90112,0.4904,Posesión o uso ilícitos de otras armas o explosivos,90119,0.3401,Otros actos relacionados con posesión o uso de armas y explosivos,9012,0.0638,Tráfico de armas y explosivos,9011,0.0397,Posesión o uso de armas y explosivos,11013,0.0141,Crímenes de guerra
10013,"Posesión o tenencia de armas de guerra, química, biológica o nuclear",901,0.9503,"Actos relacionados con armas, explosivos y otros materiales destructivos",90112,0.9157,Posesión o uso ilícitos de otras armas o explosivos,90129,0.9035,Otros actos relacionados con el tráfico de armas y explosivos,90111,0.8822,Posesión o uso ilícitos de armas de fuego,90119,0.7665,Otros actos relacionados con posesión o uso de armas y explosivos,9011,0.4567,Posesión o uso de armas y explosivos,9012,0.1006,Tráfico de armas y explosivos,11013,0.0544,Crímenes de guerra
10014,Entrega o puesta a disposición de armas a menores,901,0.9237,"Actos relacionados con armas, explosivos y otros materiales destructivos",90111,0.8762,Posesión o uso ilícitos de armas de fuego,90112,0.8756,Posesión o uso ilícitos de otras armas o explosivos,90119,0.8632,Otros actos relacionados con posesión o uso de armas y explosivos,9019,0.8589,Otros actos relacionados con armas y explosivos,9011,0.59,Posesión o uso de armas y explosivos,9012,0.5304,Tráfico de armas y explosivos,30221,0.3213,Pornografía infantil
10015,Colocación de bomba o artefacto,90119,0.7564,Otros actos relacionados con posesión o uso de armas y explosivos,9019,0.2589,Otros actos relacionados con armas y explosivos,90129,0.2055,Otros actos relacionados con el tráfico de armas y explosivos,901,0.175,"Actos relacionados con armas, explosivos y otros materiales destructivos",9011,0.1599,Posesión o uso de armas y explosivos,9012,0.1461,Tráfico de armas y explosivos,90111,0.1017,Posesión o uso ilícitos de armas de fuego,90112,0.0911,Posesión o uso ilícitos de otras armas o explosivos
10016,Disparos injustificados en la vía pública,90111,0.0503,Posesión o uso ilícitos de armas de fuego,9011,0.022,Posesión o uso de armas y explosivos,901,0.0183,"Actos relacionados con armas, explosivos y otros materiales destructivos",90112,0.0124,Posesión o uso ilícitos de otras armas o explosivos,90119,0.0098,Otros actos relacionados con posesión o uso de armas y explosivos,8011,0.0097,Delitos relacionados con la alteración violenta del orden público,907,0.0084,Infracciones de tráfico no lesivas,8063,0.0053,Intención delictiva
10017,"Organizar, pertenecer, financiar o colaborar con milicias privadas",908,0.0853,Otros actos contra la seguridad pública y la seguridad del Estado,9059,0.0576,Otros actos relacionados con grupos delictivos organizados,9051,0.0243,Participación en un grupo delictivo organizado,905,0.019,Actos relacionados con grupos delictivos organizados,8063,0.0126,Intención delictiva,906,0.0078,Terrorismo,9061,0.0073,Participación en un grupo terrorista,107,0.0004,Homicidio ilícito relacionado con conflictos armados
10018,"Delitos referidos a la Ley sobre armas biológicas, químicas o toxínicas",90119,0.2881,Otros actos relacionados con posesión o uso de armas y explosivos,901,0.0898,"Actos relacionados con armas, explosivos y otros materiales destructivos",90129,0.0817,Otros actos relacionados con el tráfico de armas y explosivos,8063,0.0519,Intención delictiva,9011,0.0182,Posesión o uso de armas y explosivos,90111,0.0143,Posesión o uso ilícitos de armas de fuego,107,0.0028,Homicidio ilícito relacionado con conflictos armados,110131,0.0003,Homicidio o tentativa de causar la muerte o lesiones graves de forma ilícita en conflictos armados
10037,"Accionar fuegos artificiales, pirotécnicos o similares sin autorización",9012,0.0562,Tráfico de armas y explosivos,90111,0.0558,Posesión o uso ilícitos de armas de fuego,901,0.0546,"Actos relacionados con armas, explosivos y otros materiales destructivos",90119,0.0456,Otros actos relacionados con posesión o uso de armas y explosivos,9011,0.0302,Posesión o uso de armas y explosivos,90112,0.0234,Posesión o uso ilícitos de otras armas o explosivos,9019,0.0092,Otros actos relacionados con armas y explosivos,104,0.0,Suicidio asistido o incitación al suicidio
10038,Posesión de fuegos artificiales,90111,0.2613,Posesión o uso ilícitos de armas de fuego,90119,0.2273,Otros actos relacionados con posesión o uso de armas y explosivos,901,0.2095,"Actos relacionados con armas, explosivos y otros materiales destructivos",90112,0.1364,Posesión o uso ilícitos de otras armas o explosivos,9011,0.0983,Posesión o uso de armas y explosivos,9012,0.0797,Tráfico de armas y explosivos,90129,0.0191,Otros actos relacionados con el tráfico de armas y explosivos,9019,0.019,Otros actos relacionados con armas y explosivos
10039,"Fabricación, elaboración, modificación, importación, exportación, adquisición de fuegos artificiales",901,0.6864,"Actos relacionados con armas, explosivos y otros materiales destructivos",90122,0.549,Tráfico de otras armas o explosivos,90119,0.4592,Otros actos relacionados con posesión o uso de armas y explosivos,90111,0.3894,Posesión o uso ilícitos de armas de fuego,90129,0.3084,Otros actos relacionados con el tráfico de armas y explosivos,9012,0.2125,Tráfico de armas y explosivos,90112,0.1809,Posesión o uso ilícitos de otras armas o explosivos,9011,0.0735,Posesión o uso de armas y explosivos
10040,Venta ilegal de cartuchos o municiones,90112,0.8304,Posesión o uso ilícitos de otras armas o explosivos,90111,0.8043,Posesión o uso ilícitos de armas de fuego,90121,0.6935,Tráfico de armas de fuego,90119,0.6445,Otros actos relacionados con posesión o uso de armas y explosivos,901,0.6349,"Actos relacionados con armas, explosivos y otros materiales destructivos",9012,0.629,Tráfico de armas y explosivos,90129,0.4714,Otros actos relacionados con el tráfico de armas y explosivos,9011,0.4414,Posesión o uso de armas y explosivos
10041,Entrega de arma o elementos a menores de edad,901,0.0887,"Actos relacionados con armas, explosivos y otros materiales destructivos",30221,0.0174,Pornografía infantil,11021,0.0171,Delitos en razón de la condición de menor de edad,1102,0.0088,Actos contrarios a las leyes u otras disposiciones sobre menores,90111,0.0067,Posesión o uso ilícitos de armas de fuego,9011,0.0041,Posesión o uso de armas y explosivos,30223,0.0028,Captación de menores con fines sexuales,30113,0.002,Violación por presunción legal
10042,Borrado del número de serie de arma o municiones,90119,0.0062,Otros actos relacionados con posesión o uso de armas y explosivos,901,0.0053,"Actos relacionados con armas, explosivos y otros materiales destructivos",90129,0.0035,Otros actos relacionados con el tráfico de armas y explosivos,9012,0.0031,Tráfico de armas y explosivos,90121,0.0028,Tráfico de armas de fuego,9011,0.0022,Posesión o uso de armas y explosivos,90111,0.0004,Posesión o uso ilícitos de armas de fuego,90112,0.0004,Posesión o uso ilícitos de otras armas o explosivos
10099,Otros delitos de la Ley de Control de Armas,90111,0.2385,Posesión o uso ilícitos de armas de fuego,90112,0.2324,Posesión o uso ilícitos de otras armas o explosivos,901,0.173,"Actos relacionados con armas, explosivos y otros materiales destructivos",9011,0.1704,Posesión o uso de armas y explosivos,90119,0.058,Otros actos relacionados con posesión o uso de armas y explosivos,8063,0.0421,Intención delictiva,90129,0.0259,Otros actos relacionados con el tráfico de armas y explosivos,9019,0.0201,Otros actos relacionados con armas y explosivos
11001,Maltrato de obra personal de Investigaciones con o sin lesiones,219,0.0138,Otros actos que causan daños o que tienen la intención de causar daños a las personas,8082,0.0033,Violaciones del derecho laboral individual,2032,0.0026,Trabajo forzoso,203,0.0023,Esclavitud y explotación,9021,0.0018,Actos contra la salud y la seguridad en el trabajo,808,0.0012,Actos contrarios al derecho laboral,20323,0.0009,Trabajo forzoso para el Estado o las fuerzas armadas,2042,0.0008,Trata de personas con fines de trabajo o servicios forzosos
11002,Obtención declaraciones forzadas,20222,0.0482,Retención ilegal,20221,0.0202,Secuestro,205,0.0093,Coacción,2022,0.0078,Privación de libertad,904,0.0044,Actos contra la seguridad del Estado,104,0.0009,Suicidio asistido o incitación al suicidio,9033,0.0005,Interceptación o acceso ilícitos a datos informáticos,903,0.0003,Actos contra sistemas informáticos
11003,Causar la muerte a personal de la Policía de Investigaciones,101,0.1065,Homicidio intencional,1032,0.0454,Homicidio culposo,7033,0.0265,Abuso de funciones,1031,0.0257,Homicidio no culposo,110131,0.0064,Homicidio o tentativa de causar la muerte o lesiones graves de forma ilícita en conflictos armados,8063,0.0014,Intención delictiva,908,0.0011,Otros actos contra la seguridad pública y la seguridad del Estado,904,0.0007,Actos contra la seguridad del Estado
11004,Amenazar simple o condicionalmente u ofender públicamente a personal de la Policía de Investigaciones,7033,0.5233,Abuso de funciones,2012,0.0795,Amenaza,8063,0.0556,Intención delictiva,8069,0.0331,Otros actos contra el sistema de justicia,8011,0.0235,Delitos relacionados con la alteración violenta del orden público,201,0.015,Agresiones y amenazas,908,0.0053,Otros actos contra la seguridad pública y la seguridad del Estado,904,0.0039,Actos contra la seguridad del Estado
11005,"Falsificación de placas, tarjetas, timbres y sellos de Investigaciones",70211,0.6615,Falsificación de medios de pago en efectivo,702,0.5727,Falsificación,7021,0.4682,Falsificación de medios de pago,70212,0.3471,Falsificación de medios de pago distintos del efectivo,7023,0.3051,Actos de falsificación de documentos,6019,0.0203,Otros actos ilícitos relacionados con drogas o precursores sujetos a fiscalización,601,0.0038,Actos ilícitos relacionados con drogas o precursores sujetos a fiscalización,602,0.0024,"Actos ilícitos relacionados con bebidas alcohólicas, tabaco u otras sustancias sujetas a fiscalización"
11006,Falsificación de parte policial,7033,0.0806,Abuso de funciones,8061,0.0353,Obstrucción de la justicia,702,0.032,Falsificación,7023,0.0062,Actos de falsificación de documentos,904,0.002,Actos contra la seguridad del Estado,7019,0.001,Otros actos de fraude,709,0.0008,"Otros actos que conllevan fraude, engaño o corrupción",6019,0.0004,Otros actos ilícitos relacionados con drogas o precursores sujetos a fiscalización
11099,Otros delitos Ley Orgánica de Investigaciones,1109,0.0829,Otros actos delictivos no clasificados en otra parte,1102,0.054,Actos contrarios a las leyes u otras disposiciones sobre menores,8063,0.0251,Intención delictiva,1101,0.0116,Actos bajo jurisdicción universal,9059,0.0075,Otros actos relacionados con grupos delictivos organizados,11019,0.0072,Otros actos bajo jurisdicción universal,905,0.007,Actos relacionados con grupos delictivos organizados,11013,0.0013,Crímenes de guerra
11101,Homicidio de gendarme en el desempeño de sus funciones,101,0.0077,Homicidio intencional,1031,0.0016,Homicidio no culposo,103,0.0015,Homicidio no intencional,110131,0.0011,Homicidio o tentativa de causar la muerte o lesiones graves de forma ilícita en conflictos armados,107,0.0009,Homicidio ilícito relacionado con conflictos armados,908,0.0008,Otros actos contra la seguridad pública y la seguridad del Estado,904,0.0008,Actos contra la seguridad del Estado,1032,0.0007,Homicidio culposo
11102,Maltrato de obra a gendarme en el desempeño de sus funciones,20111,0.0182,Agresión grave,2062,0.0174,Negligencia profesional,2032,0.0071,Trabajo forzoso,20323,0.004,Trabajo forzoso para el Estado o las fuerzas armadas,8011,0.0039,Delitos relacionados con la alteración violenta del orden público,808,0.0029,Actos contrarios al derecho laboral,203,0.0025,Esclavitud y explotación,11013,0.0013,Crímenes de guerra
11103,Amenaza a gendarme en el desempeño de sus funciones,2012,0.1928,Amenaza,8063,0.0927,Intención delictiva,8011,0.0854,Delitos relacionados con la alteración violenta del orden público,908,0.0584,Otros actos contra la seguridad pública y la seguridad del Estado,11016,0.0543,Crimen de agresión,905,0.0129,Actos relacionados con grupos delictivos organizados,904,0.0023,Actos contra la seguridad del Estado,110131,0.0012,Homicidio o tentativa de causar la muerte o lesiones graves de forma ilícita en conflictos armados
11104,Ingreso ilegítimo de aparatos de comunicaciones y tecnológicos a centros penitenciarios,903,0.0429,Actos contra sistemas informáticos,90321,0.0317,Injerencia ilícita en sistemas informáticos,8051,0.0298,Delitos de tráfico ilícito de migrantes,805,0.0248,Actos relacionados con la migración,9031,0.0205,Acceso ilícito a sistemas informáticos,5019,0.0137,Otros actos de robo con entrada ilícita,9033,0.0104,Interceptación o acceso ilícitos a datos informáticos,9032,0.0076,Injerencia ilícita en sistemas o datos informáticos
12010,Infracción Ley Mataderos Clandestinos,10032,0.0329,Comercio o posesión de especies animales prohibidas o controladas,10091,0.0198,Actos contra los animales,601,0.0006,Actos ilícitos relacionados con drogas o precursores sujetos a fiscalización,805,0.0006,Actos relacionados con la migración,8051,0.0005,Delitos de tráfico ilícito de migrantes,6012,0.0003,"Tráfico, cultivo o producción ilícitos de drogas o precursores sujetos a fiscalización no destinados al consumo personal",902,0.0002,Actos contra la salud y la seguridad,106,0.0,Feticidio ilegal
12020,Infracción Ley 18.892 de Pesca,10032,0.0395,Comercio o posesión de especies animales prohibidas o controladas,1003,0.023,Comercio o posesión de especies protegidas o prohibidas de la fauna y la flora,10039,0.0199,Otras formas de comercio o posesión de especies protegidas o prohibidas de la fauna y la flora,10042,0.0132,"Caza, pesca o recolección ilegales de fauna y flora silvestres",10091,0.0103,Actos contra los animales,907,0.0034,Infracciones de tráfico no lesivas,1102,0.0026,Actos contrarios a las leyes u otras disposiciones sobre menores,30113,0.0001,Violación por presunción legal
12021,Infracción por contaminación,1004,0.5976,Actos que provocan el agotamiento o la degradación de los recursos naturales,10019,0.5732,Otros actos que causan contaminación o degradación del medio ambiente,10012,0.2852,Actos que causan la contaminación o degradación del agua,1001,0.0916,Actos que causan contaminación o degradación del medio ambiente,1009,0.0369,Otros actos contra el entorno natural,10099,0.0314,Otros actos contra el entorno natural,1002,0.0013,Actos relacionados con el traslado o vertimiento de desechos,10021,0.0003,Actos relacionados con el traslado o vertimiento de desechos dentro de las fronteras nacionales
12022,Otras infracciones Ley de Pesca,1109,0.2852,Otros actos delictivos no clasificados en otra parte,11029,0.108,Otros actos contrarios a las leyes u otras disposiciones sobre menores,1102,0.035,Actos contrarios a las leyes u otras disposiciones sobre menores,907,0.008,Infracciones de tráfico no lesivas,8069,0.0056,Otros actos contra el sistema de justicia,10042,0.0049,"Caza, pesca o recolección ilegales de fauna y flora silvestres",8042,0.0036,Actos contrarios a disposiciones comerciales o financieras,10039,0.0031,Otras formas de comercio o posesión de especies protegidas o prohibidas de la fauna y la flora
12023,Pesca ilegal,10042,0.9318,"Caza, pesca o recolección ilegales de fauna y flora silvestres",10039,0.9218,Otras formas de comercio o posesión de especies protegidas o prohibidas de la fauna y la flora,1004,0.8231,Actos que provocan el agotamiento o la degradación de los recursos naturales,10032,0.7449,Comercio o posesión de especies animales prohibidas o controladas,1003,0.7248,Comercio o posesión de especies protegidas o prohibidas de la fauna y la flora,10049,0.7144,Otros actos que provocan el agotamiento o la degradación de los recursos naturales,10031,0.5715,Comercio o posesión de especies protegidas de fauna y flora silvestres,11012,0.0317,Piratería
12030,Infracción L.O.C del Banco Central,70211,0.0761,Falsificación de medios de pago en efectivo,7011,0.0478,Fraude financiero,704,0.0188,Actos relacionados con el producto del delito,903,0.0093,Actos contra sistemas informáticos,602,0.0065,"Actos ilícitos relacionados con bebidas alcohólicas, tabaco u otras sustancias sujetas a fiscalización",8042,0.0058,Actos contrarios a disposiciones comerciales o financieras,1102,0.0051,Actos contrarios a las leyes u otras disposiciones sobre menores,601,0.0036,Actos ilícitos relacionados con drogas o precursores sujetos a fiscalización
12031,Falsificación de dinero Art. 64 Ley 18.840 del Banco Central,70211,0.4847,Falsificación de medios de pago en efectivo,702,0.3534,Falsificación,70212,0.2539,Falsificación de medios de pago distintos del efectivo,7021,0.174,Falsificación de medios de pago,7019,0.0892,Otros actos de fraude,7022,0.0812,Delitos relacionados con productos falsificados,7023,0.0515,Actos de falsificación de documentos,6019,0.008,Otros actos ilícitos relacionados con drogas o precursores sujetos a fiscalización
12032,Otras infracciones a la Ley del Banco Central,1102,0.0426,Actos contrarios a las leyes u otras disposiciones sobre menores,704,0.0219,Actos relacionados con el producto del delito,8042,0.0137,Actos contrarios a disposiciones comerciales o financieras,601,0.013,Actos ilícitos relacionados con drogas o precursores sujetos a fiscalización,7011,0.0083,Fraude financiero,907,0.0079,Infracciones de tráfico no lesivas,8069,0.0061,Otros actos contra el sistema de justicia,602,0.0039,"Actos ilícitos relacionados con bebidas alcohólicas, tabaco u otras sustancias sujetas a fiscalización"
12040,Infracción Ley 18.175 de Quiebras,509,0.0309,Otros actos contra la propiedad solamente,806,0.0132,Actos contra el sistema de justicia,106,0.0107,Feticidio ilegal,1102,0.01,Actos contrarios a las leyes u otras disposiciones sobre menores,8061,0.0081,Obstrucción de la justicia,8042,0.003,Actos contrarios a disposiciones comerciales o financieras,104,0.002,Suicidio asistido o incitación al suicidio,8062,0.001,Incumplimiento de órdenes judiciales
12050,Infracción Ordenanza de Aduanas,8041,0.06,Actos contrarios a las disposiciones relativas a los ingresos públicos,907,0.0377,Infracciones de tráfico no lesivas,8059,0.0189,Otros actos ilícitos relacionados con la migración,805,0.007,Actos relacionados con la migración,601,0.0069,Actos ilícitos relacionados con drogas o precursores sujetos a fiscalización,1102,0.0045,Actos contrarios a las leyes u otras disposiciones sobre menores,8051,0.0041,Delitos de tráfico ilícito de migrantes,8062,0.0004,Incumplimiento de órdenes judiciales
12051,Contrabando. Infracción a la Ordenanza de Aduanas,8044,0.3469,Contrabando de bienes,8041,0.0127,Actos contrarios a las disposiciones relativas a los ingresos públicos,60121,0.0074,Tráfico ilícito de drogas sujetas a fiscalización no destinadas al consumo personal,6012,0.0064,"Tráfico, cultivo o producción ilícitos de drogas o precursores sujetos a fiscalización no destinados al consumo personal",601,0.0026,Actos ilícitos relacionados con drogas o precursores sujetos a fiscalización,8051,0.0022,Delitos de tráfico ilícito de migrantes,60222,0.0013,"Producción, tráfico o distribución ilícitos de productos de tabaco",7042,0.0003,Tráfico ilícito de bienes culturales
12052,Fraude aduanero. Infracción a la Ordenanza de Aduanas,8044,0.394,Contrabando de bienes,7019,0.2802,Otros actos de fraude,702,0.2676,Falsificación,70211,0.2359,Falsificación de medios de pago en efectivo,7023,0.1629,Actos de falsificación de documentos,70212,0.0598,Falsificación de medios de pago distintos del efectivo,7022,0.0577,Delitos relacionados con productos falsificados,6019,0.0427,Otros actos ilícitos relacionados con drogas o precursores sujetos a fiscalización
12053,Receptación aduanera. Infracción a la Ordenanza de Aduanas,8041,0.0956,Actos contrarios a las disposiciones relativas a los ingresos públicos,8044,0.0886,Contrabando de bienes,7042,0.0192,Tráfico ilícito de bienes culturales,8051,0.0191,Delitos de tráfico ilícito de migrantes,601,0.0172,Actos ilícitos relacionados con drogas o precursores sujetos a fiscalización,8042,0.0162,Actos contrarios a disposiciones comerciales o financieras,60121,0.0049,Tráfico ilícito de drogas sujetas a fiscalización no destinadas al consumo personal,6012,0.004,"Tráfico, cultivo o producción ilícitos de drogas o precursores sujetos a fiscalización no destinados al consumo personal"
12054,Otras infracciones a la Ordenanza de Aduanas Ley 20.780,8041,0.1155,Actos contrarios a las disposiciones relativas a los ingresos públicos,1102,0.0578,Actos contrarios a las leyes u otras disposiciones sobre menores,907,0.0571,Infracciones de tráfico no lesivas,601,0.0136,Actos ilícitos relacionados con drogas o precursores sujetos a fiscalización,8042,0.0083,Actos contrarios a disposiciones comerciales o financieras,8059,0.0053,Otros actos ilícitos relacionados con la migración,602,0.0027,"Actos ilícitos relacionados con bebidas alcohólicas, tabaco u otras sustancias sujetas a fiscalización",8062,0.0003,Incumplimiento de órdenes judiciales
12055,Contrabando de especies exóticas,10039,0.6903,Otras formas de comercio o posesión de especies protegidas o prohibidas de la fauna y la flora,100311,0.3318,Comercio o posesión de especies protegidas dentro de las fronteras nacionales,100312,0.2956,Tráfico transfronterizo de especies protegidas,1003,0.0918,Comercio o posesión de especies protegidas o prohibidas de la fauna y la flora,10031,0.0411,Comercio o posesión de especies protegidas de fauna y flora silvestres,10032,0.0342,Comercio o posesión de especies animales prohibidas o controladas,10022,0.0096,Actos relacionados con el traslado o vertimiento transfronterizos de desechos,7042,0.0008,Tráfico ilícito de bienes culturales
12056,Contrabando de dinero,704,0.3954,Actos relacionados con el producto del delito,7049,0.2414,Otros actos relacionados con el producto del delito,8044,0.082,Contrabando de bienes,8042,0.0123,Actos contrarios a disposiciones comerciales o financieras,8051,0.0121,Delitos de tráfico ilícito de migrantes,601,0.0032,Actos ilícitos relacionados con drogas o precursores sujetos a fiscalización,60121,0.0013,Tráfico ilícito de drogas sujetas a fiscalización no destinadas al consumo personal,6012,0.0011,"Tráfico, cultivo o producción ilícitos de drogas o precursores sujetos a fiscalización no destinados al consumo personal"
12060,Infracción artículo 74 bis b) del C.P.P (secreto sumario),503,0.0769,Delitos contra la propiedad intelectual,1102,0.0638,Actos contrarios a las leyes u otras disposiciones sobre menores,9032,0.0429,Injerencia ilícita en sistemas o datos informáticos,8063,0.0407,Intención delictiva,806,0.0344,Actos contra el sistema de justicia,90321,0.0316,Injerencia ilícita en sistemas informáticos,601,0.0208,Actos ilícitos relacionados con drogas o precursores sujetos a fiscalización,104,0.0137,Suicidio asistido o incitación al suicidio
12071,Otorgamiento irregular de documentos,8059,0.0608,Otros actos ilícitos relacionados con la migración,7023,0.0214,Actos de falsificación de documentos,805,0.0105,Actos relacionados con la migración,907,0.0075,Infracciones de tráfico no lesivas,8051,0.0039,Delitos de tráfico ilícito de migrantes,601,0.0021,Actos ilícitos relacionados con drogas o precursores sujetos a fiscalización,602,0.0005,"Actos ilícitos relacionados con bebidas alcohólicas, tabaco u otras sustancias sujetas a fiscalización",60121,0.0004,Tráfico ilícito de drogas sujetas a fiscalización no destinadas al consumo personal
12072,Falsificación de licencia de conducir y otras falsificaciones,7023,0.9598,Actos de falsificación de documentos,907,0.9306,Infracciones de tráfico no lesivas,805,0.9164,Actos relacionados con la migración,602,0.9087,"Actos ilícitos relacionados con bebidas alcohólicas, tabaco u otras sustancias sujetas a fiscalización",8051,0.9002,Delitos de tráfico ilícito de migrantes,601,0.8777,Actos ilícitos relacionados con drogas o precursores sujetos a fiscalización,8059,0.6631,Otros actos ilícitos relacionados con la migración,60121,0.4311,Tráfico ilícito de drogas sujetas a fiscalización no destinadas al consumo personal
12073,Accidente con resultado de muerte o lesiones graves,907,0.3841,Infracciones de tráfico no lesivas,10321,0.3685,Homicidio por tránsito vehicular,1031,0.2781,Homicidio no culposo,101,0.27,Homicidio intencional,103,0.137,Homicidio no intencional,10322,0.1215,Homicidio no ocasionado por tránsito vehicular,1032,0.1074,Homicidio culposo,2072,0.0228,Utilización de un vehículo bajo los efectos de sustancias psicoactivas
12074,Conducción sin la licencia debida,907,0.044,Infracciones de tráfico no lesivas,10321,0.0034,Homicidio por tránsito vehicular,8051,0.0025,Delitos de tráfico ilícito de migrantes,10322,0.0019,Homicidio no ocasionado por tránsito vehicular,6012,0.0015,"Tráfico, cultivo o producción ilícitos de drogas o precursores sujetos a fiscalización no destinados al consumo personal",2072,0.0014,Utilización de un vehículo bajo los efectos de sustancias psicoactivas,60121,0.0007,Tráfico ilícito de drogas sujetas a fiscalización no destinadas al consumo personal,805,0.0006,Actos relacionados con la migración
12075,Conducción bajo la influencia del alcohol,60212,0.8168,"Producción, tráfico o distribución ilícitos de productos alcohólicos",6021,0.704,"Producción, manipulación, posesión o uso ilícitos de productos alcohólicos",60219,0.2997,"Otros actos ilícitos de producción, manipulación, posesión o uso de productos alcohólicos",602,0.2432,"Actos ilícitos relacionados con bebidas alcohólicas, tabaco u otras sustancias sujetas a fiscalización",2072,0.2414,Utilización de un vehículo bajo los efectos de sustancias psicoactivas,20721,0.1489,Utilización de un vehículo bajo los efectos del alcohol,907,0.0661,Infracciones de tráfico no lesivas,20722,0.0453,Utilización de un vehículo bajo los efectos de drogas ilícitas
12076,Instalación indebida de señales del tránsito o barreras,907,0.0385,Infracciones de tráfico no lesivas,10321,0.0052,Homicidio por tránsito vehicular,8051,0.0013,Delitos de tráfico ilícito de migrantes,8059,0.0007,Otros actos ilícitos relacionados con la migración,805,0.0005,Actos relacionados con la migración,202,0.0005,Actos contra la libertad,60222,0.0002,"Producción, tráfico o distribución ilícitos de productos de tabaco",8061,0.0001,Obstrucción de la justicia
12077,No dar cuenta de accidente de tránsito,2063,0.0148,Negligencia relacionada con la conducción de un vehículo,907,0.0145,Infracciones de tráfico no lesivas,10321,0.0041,Homicidio por tránsito vehicular,10322,0.0027,Homicidio no ocasionado por tránsito vehicular,2069,0.0024,Otros actos de negligencia,2072,0.0012,Utilización de un vehículo bajo los efectos de sustancias psicoactivas,103,0.001,Homicidio no intencional,1032,0.0008,Homicidio culposo
12078,Conducción bajo la influencia del alcohol con o sin daños o lesiones leves,20721,0.368,Utilización de un vehículo bajo los efectos del alcohol,60212,0.2153,"Producción, tráfico o distribución ilícitos de productos alcohólicos",2072,0.2033,Utilización de un vehículo bajo los efectos de sustancias psicoactivas,907,0.2013,Infracciones de tráfico no lesivas,60219,0.1659,"Otros actos ilícitos de producción, manipulación, posesión o uso de productos alcohólicos",6021,0.0738,"Producción, manipulación, posesión o uso ilícitos de productos alcohólicos",602,0.0563,"Actos ilícitos relacionados con bebidas alcohólicas, tabaco u otras sustancias sujetas a fiscalización",20722,0.023,Utilización de un vehículo bajo los efectos de drogas ilícitas
12079,Conducción bajo la influencia del alcohol causando lesiones menos graves,20721,0.3426,Utilización de un vehículo bajo los efectos del alcohol,2072,0.2033,Utilización de un vehículo bajo los efectos de sustancias psicoactivas,907,0.1431,Infracciones de tráfico no lesivas,6021,0.0419,"Producción, manipulación, posesión o uso ilícitos de productos alcohólicos",11021,0.0238,Delitos en razón de la condición de menor de edad,20729,0.0137,Utilización de un vehículo bajo los efectos de otras sustancias psicoactivas,20722,0.0128,Utilización de un vehículo bajo los efectos de drogas ilícitas,602,0.011,"Actos ilícitos relacionados con bebidas alcohólicas, tabaco u otras sustancias sujetas a fiscalización"
12080,Conducción bajo la influencia del alcohol causando lesiones graves,20721,0.3295,Utilización de un vehículo bajo los efectos del alcohol,2072,0.1858,Utilización de un vehículo bajo los efectos de sustancias psicoactivas,10321,0.1064,Homicidio por tránsito vehicular,907,0.0902,Infracciones de tráfico no lesivas,6021,0.0556,"Producción, manipulación, posesión o uso ilícitos de productos alcohólicos",20729,0.0185,Utilización de un vehículo bajo los efectos de otras sustancias psicoactivas,20722,0.0158,Utilización de un vehículo bajo los efectos de drogas ilícitas,602,0.014,"Actos ilícitos relacionados con bebidas alcohólicas, tabaco u otras sustancias sujetas a fiscalización"
12081,Maltrato de obra a Carabineros,8069,0.0502,Otros actos contra el sistema de justicia,20323,0.003,Trabajo forzoso para el Estado o las fuerzas armadas,203,0.0025,Esclavitud y explotación,20819,0.0017,Otras formas de hostigamiento,808,0.0017,Actos contrarios al derecho laboral,20811,0.0013,Hostigamiento en el trabajo,2032,0.0012,Trabajo forzoso,20329,0.0003,Otras formas de trabajo forzoso
12082,Amenazas a Carabineros,2012,0.0578,Amenaza,908,0.0069,Otros actos contra la seguridad pública y la seguridad del Estado,201,0.0065,Agresiones y amenazas,11016,0.006,Crimen de agresión,401,0.0049,Robo,8063,0.0044,Intención delictiva,20121,0.0034,Amenaza grave,8011,0.0012,Delitos relacionados con la alteración violenta del orden público
12083,Conducción bajo la influencia del alcohol causando lesiones graves gravísimas o muerte,10321,0.3988,Homicidio por tránsito vehicular,20721,0.227,Utilización de un vehículo bajo los efectos del alcohol,2072,0.132,Utilización de un vehículo bajo los efectos de sustancias psicoactivas,6021,0.0977,"Producción, manipulación, posesión o uso ilícitos de productos alcohólicos",907,0.0584,Infracciones de tráfico no lesivas,602,0.0231,"Actos ilícitos relacionados con bebidas alcohólicas, tabaco u otras sustancias sujetas a fiscalización",20729,0.0129,Utilización de un vehículo bajo los efectos de otras sustancias psicoactivas,20722,0.0128,Utilización de un vehículo bajo los efectos de drogas ilícitas
12086,Matar a Carabinero en ejercicio de sus funciones,101,0.0036,Homicidio intencional,8063,0.0009,Intención delictiva,102,0.0002,Tentativa de homicidio intencional,904,0.0002,Actos contra la seguridad del Estado,110131,0.0002,Homicidio o tentativa de causar la muerte o lesiones graves de forma ilícita en conflictos armados,1032,0.0001,Homicidio culposo,1031,0.0001,Homicidio no culposo,104,0.0001,Suicidio asistido o incitación al suicidio
12087,"Traición, espionaje y demás delitos contra la soberanía y seguridad exterior del Estado",908,0.7383,Otros actos contra la seguridad pública y la seguridad del Estado,904,0.521,Actos contra la seguridad del Estado,1109,0.1561,Otros actos delictivos no clasificados en otra parte,8063,0.0412,Intención delictiva,211,0.0245,Transgresiones contra las personas,704,0.0186,Actos relacionados con el producto del delito,11012,0.0046,Piratería,11013,0.003,Crímenes de guerra
12088,Uso de uniforme o insignias de Fuerzas Armadas o Carabineros de Chile,90111,0.0326,Posesión o uso ilícitos de armas de fuego,90119,0.0311,Otros actos relacionados con posesión o uso de armas y explosivos,90112,0.0251,Posesión o uso ilícitos de otras armas o explosivos,9019,0.0235,Otros actos relacionados con armas y explosivos,901,0.0161,"Actos relacionados con armas, explosivos y otros materiales destructivos",9011,0.0102,Posesión o uso de armas y explosivos,908,0.0061,Otros actos contra la seguridad pública y la seguridad del Estado,90129,0.0052,Otros actos relacionados con el tráfico de armas y explosivos
12089,Otras infracciones al Código Justicia Militar,8069,0.2564,Otros actos contra el sistema de justicia,11021,0.0383,Delitos en razón de la condición de menor de edad,1102,0.0301,Actos contrarios a las leyes u otras disposiciones sobre menores,1109,0.0146,Otros actos delictivos no clasificados en otra parte,907,0.0062,Infracciones de tráfico no lesivas,11019,0.0028,Otros actos bajo jurisdicción universal,8062,0.0018,Incumplimiento de órdenes judiciales,11013,0.0014,Crímenes de guerra
12090,Delitos contenidos en la Ley de Adopción de Menores,20291,0.329,Adopción ilegal,1102,0.056,Actos contrarios a las leyes u otras disposiciones sobre menores,30222,0.0263,Prostitución infantil,30221,0.0237,Pornografía infantil,30223,0.017,Captación de menores con fines sexuales,3022,0.0156,Explotación sexual de menores,20211,0.009,Secuestro por progenitores,30229,0.0074,Otras formas de explotación sexual de menores
12100,Delitos contenidos en el D.L 1.094 de extranjería,907,0.0674,Infracciones de tráfico no lesivas,8059,0.0348,Otros actos ilícitos relacionados con la migración,1109,0.0338,Otros actos delictivos no clasificados en otra parte,8051,0.0147,Delitos de tráfico ilícito de migrantes,805,0.007,Actos relacionados con la migración,8062,0.0022,Incumplimiento de órdenes judiciales,10022,0.0003,Actos relacionados con el traslado o vertimiento transfronterizos de desechos,104,0.0002,Suicidio asistido o incitación al suicidio
12110,Delitos de la Ley 4.702 de compraventa bienes a plazo,7049,0.6272,Otros actos relacionados con el producto del delito,509,0.152,Otros actos contra la propiedad solamente,7042,0.0932,Tráfico ilícito de bienes culturales,8042,0.0783,Actos contrarios a disposiciones comerciales o financieras,503,0.0574,Delitos contra la propiedad intelectual,601,0.0543,Actos ilícitos relacionados con drogas o precursores sujetos a fiscalización,704,0.0344,Actos relacionados con el producto del delito,60121,0.0316,Tráfico ilícito de drogas sujetas a fiscalización no destinadas al consumo personal
12120,Delitos contemplados en la Ley antimonopolios,11021,0.2866,Delitos en razón de la condición de menor de edad,907,0.1186,Infracciones de tráfico no lesivas,601,0.0678,Actos ilícitos relacionados con drogas o precursores sujetos a fiscalización,1102,0.0362,Actos contrarios a las leyes u otras disposiciones sobre menores,8042,0.0291,Actos contrarios a disposiciones comerciales o financieras,503,0.0287,Delitos contra la propiedad intelectual,704,0.0176,Actos relacionados con el producto del delito,8061,0.0071,Obstrucción de la justicia
12121,"Extranjeros que ingresan o intentan egresar del país con documentos falsificados, adulterados o a nombre de otro",8059,0.2819,Otros actos ilícitos relacionados con la migración,7023,0.1089,Actos de falsificación de documentos,702,0.0825,Falsificación,7021,0.0411,Falsificación de medios de pago,805,0.0391,Actos relacionados con la migración,70211,0.0349,Falsificación de medios de pago en efectivo,70212,0.0256,Falsificación de medios de pago distintos del efectivo,8051,0.0063,Delitos de tráfico ilícito de migrantes
12122,Extranjeros que ingresan o intentan egresar del país clandestinamente,8059,0.3092,Otros actos ilícitos relacionados con la migración,805,0.059,Actos relacionados con la migración,211,0.0106,Transgresiones contra las personas,10021,0.0074,Actos relacionados con el traslado o vertimiento de desechos dentro de las fronteras nacionales,8051,0.0047,Delitos de tráfico ilícito de migrantes,10022,0.0009,Actos relacionados con el traslado o vertimiento transfronterizos de desechos,5019,0.0006,Otros actos de robo con entrada ilícita,60121,0.0001,Tráfico ilícito de drogas sujetas a fiscalización no destinadas al consumo personal
12123,Robo o hurto de material de guerra,401,0.1206,Robo,901,0.095,"Actos relacionados con armas, explosivos y otros materiales destructivos",90111,0.0341,Posesión o uso ilícitos de armas de fuego,90112,0.0182,Posesión o uso ilícitos de otras armas o explosivos,9011,0.0158,Posesión o uso de armas y explosivos,107,0.0116,Homicidio ilícito relacionado con conflictos armados,11013,0.0097,Crímenes de guerra,110132,0.0013,Destrucción o daños ilícitos a la propiedad en relación con conflictos armados
12124,Adquisición material de guerra o vestuario instituciones armadas,90119,0.0221,Otros actos relacionados con posesión o uso de armas y explosivos,901,0.0104,"Actos relacionados con armas, explosivos y otros materiales destructivos",9011,0.005,Posesión o uso de armas y explosivos,90111,0.0032,Posesión o uso ilícitos de armas de fuego,90112,0.0032,Posesión o uso ilícitos de otras armas o explosivos,9012,0.003,Tráfico de armas y explosivos,90129,0.0021,Otros actos relacionados con el tráfico de armas y explosivos,110132,0.0004,Destrucción o daños ilícitos a la propiedad en relación con conflictos armados
12125,Falsedades,7029,0.921,Otros actos de falsificación,7023,0.589,Actos de falsificación de documentos,702,0.5637,Falsificación,7021,0.5551,Falsificación de medios de pago,70211,0.5321,Falsificación de medios de pago en efectivo,7019,0.5151,Otros actos de fraude,70212,0.3063,Falsificación de medios de pago distintos del efectivo,7022,0.2666,Delitos relacionados con productos falsificados
12130,Reconocimiento malicioso de posesión regular,7049,0.0435,Otros actos relacionados con el producto del delito,704,0.0128,Actos relacionados con el producto del delito,503,0.0115,Delitos contra la propiedad intelectual,8063,0.009,Intención delictiva,509,0.008,Otros actos contra la propiedad solamente,8061,0.0028,Obstrucción de la justicia,601,0.0027,Actos ilícitos relacionados con drogas o precursores sujetos a fiscalización,501,0.0012,Robo con entrada ilícita
12131,Vigilancia privada no autorizada,903,0.0073,Actos contra sistemas informáticos,907,0.006,Infracciones de tráfico no lesivas,211,0.003,Transgresiones contra las personas,9031,0.0022,Acceso ilícito a sistemas informáticos,9033,0.0015,Interceptación o acceso ilícitos a datos informáticos,5019,0.001,Otros actos de robo con entrada ilícita,90321,0.0005,Injerencia ilícita en sistemas informáticos,2021,0.0002,Secuestro de menores
12132,"Infracción Ley General de Telecomunicaciones Letras A,B,C,D,G y F (excluye la Letra E)",903,0.3162,Actos contra sistemas informáticos,9033,0.1912,Interceptación o acceso ilícitos a datos informáticos,803,0.0735,Actos relacionados con la libertad de expresión o el control de la expresión,90321,0.073,Injerencia ilícita en sistemas informáticos,9031,0.0541,Acceso ilícito a sistemas informáticos,90322,0.0426,Injerencia ilícita en datos informáticos,9032,0.0414,Injerencia ilícita en sistemas o datos informáticos,8062,0.0022,Incumplimiento de órdenes judiciales
12133,Lavado de dinero persona natural,7041,0.5088,Blanqueo de dinero,7049,0.4302,Otros actos relacionados con el producto del delito,70112,0.0877,Fraude financiero contra personas naturales o jurídicas,704,0.0247,Actos relacionados con el producto del delito,60121,0.0161,Tráfico ilícito de drogas sujetas a fiscalización no destinadas al consumo personal,8051,0.0106,Delitos de tráfico ilícito de migrantes,601,0.0088,Actos ilícitos relacionados con drogas o precursores sujetos a fiscalización,6012,0.0084,"Tráfico, cultivo o producción ilícitos de drogas o precursores sujetos a fiscalización no destinados al consumo personal"
12134,Otras infracciones a la Ley 19.913,11021,0.0988,Delitos en razón de la condición de menor de edad,11029,0.0335,Otros actos contrarios a las leyes u otras disposiciones sobre menores,1109,0.0188,Otros actos delictivos no clasificados en otra parte,907,0.016,Infracciones de tráfico no lesivas,1102,0.0135,Actos contrarios a las leyes u otras disposiciones sobre menores,30119,0.002,Otras formas de violación,104,0.0013,Suicidio asistido o incitación al suicidio,602,0.0013,"Actos ilícitos relacionados con bebidas alcohólicas, tabaco u otras sustancias sujetas a fiscalización"
12135,Infracción a la Ley Mercado de Valores,7019,0.1779,Otros actos de fraude,8045,0.1477,Manipulación del mercado o utilización indebida de información privilegiada,701,0.0673,Fraude,702,0.0635,Falsificación,8042,0.0356,Actos contrarios a disposiciones comerciales o financieras,7021,0.0201,Falsificación de medios de pago,70211,0.0188,Falsificación de medios de pago en efectivo,7023,0.0168,Actos de falsificación de documentos
12136,Enseñanza no autorizada de artes marciales,90111,0.0087,Posesión o uso ilícitos de armas de fuego,11016,0.002,Crimen de agresión,8011,0.0017,Delitos relacionados con la alteración violenta del orden público,907,0.0006,Infracciones de tráfico no lesivas,8063,0.0005,Intención delictiva,110132,0.0003,Destrucción o daños ilícitos a la propiedad en relación con conflictos armados,8062,0.0,Incumplimiento de órdenes judiciales,104,0.0,Suicidio asistido o incitación al suicidio
12137,Corte o destrucción de árboles o arbustos,10039,0.1969,Otras formas de comercio o posesión de especies protegidas o prohibidas de la fauna y la flora,1009,0.0834,Otros actos contra el entorno natural,1003,0.0303,Comercio o posesión de especies protegidas o prohibidas de la fauna y la flora,504,0.0189,Daños a la propiedad,110132,0.0186,Destrucción o daños ilícitos a la propiedad en relación con conflictos armados,5049,0.0171,Otros daños a bienes,100311,0.0137,Comercio o posesión de especies protegidas dentro de las fronteras nacionales,104,0.0001,Suicidio asistido o incitación al suicidio
12138,Caza y comercialización de especies prohibidas,10039,0.9092,Otras formas de comercio o posesión de especies protegidas o prohibidas de la fauna y la flora,10032,0.7964,Comercio o posesión de especies animales prohibidas o controladas,100312,0.7508,Tráfico transfronterizo de especies protegidas,10042,0.7099,"Caza, pesca o recolección ilegales de fauna y flora silvestres",100311,0.67,Comercio o posesión de especies protegidas dentro de las fronteras nacionales,1003,0.6633,Comercio o posesión de especies protegidas o prohibidas de la fauna y la flora,10091,0.497,Actos contra los animales,10031,0.419,Comercio o posesión de especies protegidas de fauna y flora silvestres
12139,Infracciones al Código Aeronáutico,907,0.1877,Infracciones de tráfico no lesivas,20223,0.0311,Secuestro de vehículos,11012,0.0282,Piratería,8042,0.0163,Actos contrarios a disposiciones comerciales o financieras,9033,0.0059,Interceptación o acceso ilícitos a datos informáticos,601,0.0044,Actos ilícitos relacionados con drogas o precursores sujetos a fiscalización,602,0.0035,"Actos ilícitos relacionados con bebidas alcohólicas, tabaco u otras sustancias sujetas a fiscalización",8062,0.0001,Incumplimiento de órdenes judiciales
12140,Tráfico de órganos (incluye provenientes de aborto),2043,0.2225,Trata de personas con fines de extracción de órganos,2119,0.0388,Otras transgresiones contra las personas,601,0.0386,Actos ilícitos relacionados con drogas o precursores sujetos a fiscalización,10021,0.0288,Actos relacionados con el traslado o vertimiento de desechos dentro de las fronteras nacionales,10022,0.0237,Actos relacionados con el traslado o vertimiento transfronterizos de desechos,1002,0.0217,Actos relacionados con el traslado o vertimiento de desechos,106,0.017,Feticidio ilegal,60121,0.0009,Tráfico ilícito de drogas sujetas a fiscalización no destinadas al consumo personal
12141,Infracción al estatuto de capacitación y empleo,808,0.0134,Actos contrarios al derecho laboral,805,0.0026,Actos relacionados con la migración,2109,0.0018,Otras formas de discriminación,90321,0.001,Injerencia ilícita en sistemas informáticos,8051,0.0006,Delitos de tráfico ilícito de migrantes,2062,0.0005,Negligencia profesional,806,0.0002,Actos contra el sistema de justicia,8061,0.0,Obstrucción de la justicia
12142,Infracción en el otorgamiento prestaciones de salud,701,0.2316,Fraude,7034,0.1422,Tráfico de influencias,7019,0.0406,Otros actos de fraude,7035,0.0198,Enriquecimiento ilícito,2071,0.0065,Actos que ponen en peligro la salud,601,0.0025,Actos ilícitos relacionados con drogas o precursores sujetos a fiscalización,602,0.0006,"Actos ilícitos relacionados con bebidas alcohólicas, tabaco u otras sustancias sujetas a fiscalización",6019,0.0005,Otros actos ilícitos relacionados con drogas o precursores sujetos a fiscalización
12143,Transporte o distribución de gas e instalaciones clandestinas,60222,0.112,"Producción, tráfico o distribución ilícitos de productos de tabaco",60229,0.0758,"Otros actos ilícitos de producción, manipulación, posesión o uso de productos de tabaco",6022,0.0697,"Producción, manipulación, posesión o uso ilícitos de productos de tabaco",90321,0.0192,Injerencia ilícita en sistemas informáticos,602,0.0081,"Actos ilícitos relacionados con bebidas alcohólicas, tabaco u otras sustancias sujetas a fiscalización",60121,0.0077,Tráfico ilícito de drogas sujetas a fiscalización no destinadas al consumo personal,9032,0.0072,Injerencia ilícita en sistemas o datos informáticos,601,0.007,Actos ilícitos relacionados con drogas o precursores sujetos a fiscalización
12144,Interrupción de servicio eléctrico,90321,0.024,Injerencia ilícita en sistemas informáticos,9032,0.0125,Injerencia ilícita en sistemas o datos informáticos,907,0.0095,Infracciones de tráfico no lesivas,90322,0.0009,Injerencia ilícita en datos informáticos,504,0.0009,Daños a la propiedad,8061,0.0002,Obstrucción de la justicia,104,0.0,Suicidio asistido o incitación al suicidio,8062,0.0,Incumplimiento de órdenes judiciales
12145,Loteos irregulares,704,0.274,Actos relacionados con el producto del delito,509,0.0978,Otros actos contra la propiedad solamente,1002,0.0357,Actos relacionados con el traslado o vertimiento de desechos,5019,0.0229,Otros actos de robo con entrada ilícita,805,0.0152,Actos relacionados con la migración,501,0.0132,Robo con entrada ilícita,8059,0.0104,Otros actos ilícitos relacionados con la migración,8062,0.004,Incumplimiento de órdenes judiciales
12146,Infracción a la Ley Orgánica Constitucional sobre Votaciones Populares y Escrutinios,8069,0.2658,Otros actos contra el sistema de justicia,807,0.1363,Actos relacionados con las elecciones democráticas,8071,0.1302,Actos encaminados a influir indebidamente en los votantes en elecciones,8079,0.1164,Otros actos relacionados con las elecciones democráticas,809,0.1114,"Otros actos contra el orden público, la autoridad y las disposiciones del Estado",806,0.0616,Actos contra el sistema de justicia,1102,0.0478,Actos contrarios a las leyes u otras disposiciones sobre menores,8061,0.0408,Obstrucción de la justicia
12147,Ejercicio irregular de martillero público,8069,0.1015,Otros actos contra el sistema de justicia,803,0.0704,Actos relacionados con la libertad de expresión o el control de la expresión,8011,0.0194,Delitos relacionados con la alteración violenta del orden público,1102,0.0153,Actos contrarios a las leyes u otras disposiciones sobre menores,8061,0.0105,Obstrucción de la justicia,907,0.0032,Infracciones de tráfico no lesivas,801,0.0029,Actos contrarios a las normas de conducta orientadas al mantenimiento del orden público,808,0.0007,Actos contrarios al derecho laboral
12148,Infracciones a la Ley de Seguridad Nuclear,90113,0.0617,"Posesión o uso ilícitos de materiales químicos, biológicos o radiactivos",9011,0.0191,Posesión o uso de armas y explosivos,90112,0.0122,Posesión o uso ilícitos de otras armas o explosivos,902,0.0056,Actos contra la salud y la seguridad,903,0.0034,Actos contra sistemas informáticos,907,0.0015,Infracciones de tráfico no lesivas,90321,0.0007,Injerencia ilícita en sistemas informáticos,104,0.0006,Suicidio asistido o incitación al suicidio
12149,Desacato,8069,0.579,Otros actos contra el sistema de justicia,8061,0.0841,Obstrucción de la justicia,806,0.0671,Actos contra el sistema de justicia,8062,0.0179,Incumplimiento de órdenes judiciales,8063,0.0013,Intención delictiva,704,0.001,Actos relacionados con el producto del delito,503,0.0003,Delitos contra la propiedad intelectual,104,0.0001,Suicidio asistido o incitación al suicidio
12150,Uso ilícito del fuego,90111,0.903,Posesión o uso ilícitos de armas de fuego,9011,0.7738,Posesión o uso de armas y explosivos,90112,0.7351,Posesión o uso ilícitos de otras armas o explosivos,90119,0.5902,Otros actos relacionados con posesión o uso de armas y explosivos,104,0.579,Suicidio asistido o incitación al suicidio,1009,0.2621,Otros actos contra el entorno natural,110132,0.1917,Destrucción o daños ilícitos a la propiedad en relación con conflictos armados,504,0.1175,Daños a la propiedad
12151,Uso malicioso de medios de pago u obtención maliciosa de devoluciones.  Art. 7° letras a) y b) Ley 20.009,7049,0.6465,Otros actos relacionados con el producto del delito,70211,0.3918,Falsificación de medios de pago en efectivo,70212,0.2839,Falsificación de medios de pago distintos del efectivo,8063,0.2778,Intención delictiva,601,0.2285,Actos ilícitos relacionados con drogas o precursores sujetos a fiscalización,7021,0.2252,Falsificación de medios de pago,704,0.0957,Actos relacionados con el producto del delito,7011,0.0241,Fraude financiero
12152,Delitos de la Ley 17.322 sobre cotizaciones,8082,0.5572,Violaciones del derecho laboral individual,8081,0.5038,Violaciones del derecho laboral colectivo,8041,0.4716,Actos contrarios a las disposiciones relativas a los ingresos públicos,804,0.3497,Actos contrarios a las disposiciones relativas a los ingresos públicos u otras disposiciones regulatorias,808,0.293,Actos contrarios al derecho laboral,2032,0.091,Trabajo forzoso,20329,0.0058,Otras formas de trabajo forzoso,2102,0.0049,Discriminación de grupos
12153,Infracciones a la seguridad social,903,0.0154,Actos contra sistemas informáticos,7035,0.0069,Enriquecimiento ilícito,90321,0.0063,Injerencia ilícita en sistemas informáticos,804,0.0023,Actos contrarios a las disposiciones relativas a los ingresos públicos u otras disposiciones regulatorias,90322,0.0021,Injerencia ilícita en datos informáticos,9033,0.001,Interceptación o acceso ilícitos a datos informáticos,601,0.0008,Actos ilícitos relacionados con drogas o precursores sujetos a fiscalización,9032,0.0006,Injerencia ilícita en sistemas o datos informáticos
12154,Daños o apropiación sobre monumentos nacionales Art. 38-38 bis Ley 17.288,8049,0.0394,Otros actos contra la administración pública o contra disposiciones regulatorias,110132,0.0191,Destrucción o daños ilícitos a la propiedad en relación con conflictos armados,809,0.0124,"Otros actos contra el orden público, la autoridad y las disposiciones del Estado",503,0.0124,Delitos contra la propiedad intelectual,504,0.0062,Daños a la propiedad,907,0.003,Infracciones de tráfico no lesivas,5049,0.0017,Otros daños a bienes,5041,0.0009,Daños a bienes públicos
12155,Infracción en la utilización de gas como combustible en vehículos,50212,0.0124,Utilización ilegal de vehículos terrestres de motor,20729,0.0103,Utilización de un vehículo bajo los efectos de otras sustancias psicoactivas,907,0.0082,Infracciones de tráfico no lesivas,2072,0.0027,Utilización de un vehículo bajo los efectos de sustancias psicoactivas,60129,0.0009,"Otros actos ilícitos de tráfico, cultivo o producción de drogas o precursores sujetos a fiscalización no destinados al consumo personal",602,0.0005,"Actos ilícitos relacionados con bebidas alcohólicas, tabaco u otras sustancias sujetas a fiscalización",601,0.0005,Actos ilícitos relacionados con drogas o precursores sujetos a fiscalización,60121,0.0002,Tráfico ilícito de drogas sujetas a fiscalización no destinadas al consumo personal
12156,"Acceso, divulgación y uso indebido de información genética con ocasión de tratamiento de ADN",903,0.0285,Actos contra sistemas informáticos,9033,0.0156,Interceptación o acceso ilícitos a datos informáticos,211,0.0043,Transgresiones contra las personas,9031,0.0031,Acceso ilícito a sistemas informáticos,90322,0.0028,Injerencia ilícita en datos informáticos,601,0.0013,Actos ilícitos relacionados con drogas o precursores sujetos a fiscalización,2119,0.0009,Otras transgresiones contra las personas,9032,0.0009,Injerencia ilícita en sistemas o datos informáticos
12157,Obstrucción a la justicia con ocasión de tratamiento de ADN,8061,0.2813,Obstrucción de la justicia,211,0.0131,Transgresiones contra las personas,2119,0.0019,Otras transgresiones contra las personas,806,0.0015,Actos contra el sistema de justicia,90322,0.0009,Injerencia ilícita en datos informáticos,9032,0.0006,Injerencia ilícita en sistemas o datos informáticos,601,0.0002,Actos ilícitos relacionados con drogas o precursores sujetos a fiscalización,602,0.0001,"Actos ilícitos relacionados con bebidas alcohólicas, tabaco u otras sustancias sujetas a fiscalización"
12158,Delitos de la Ley de Sociedades Anónimas,804,0.0627,Actos contrarios a las disposiciones relativas a los ingresos públicos u otras disposiciones regulatorias,8042,0.0578,Actos contrarios a disposiciones comerciales o financieras,903,0.0202,Actos contra sistemas informáticos,7019,0.0152,Otros actos de fraude,7039,0.0147,Otros actos de corrupción,90321,0.0081,Injerencia ilícita en sistemas informáticos,6019,0.007,Otros actos ilícitos relacionados con drogas o precursores sujetos a fiscalización,9032,0.0002,Injerencia ilícita en sistemas o datos informáticos
12159,Delitos contenidos en Leyes de Prenda Especiales,11021,0.1104,Delitos en razón de la condición de menor de edad,907,0.0363,Infracciones de tráfico no lesivas,1102,0.0179,Actos contrarios a las leyes u otras disposiciones sobre menores,601,0.0165,Actos ilícitos relacionados con drogas o precursores sujetos a fiscalización,602,0.0142,"Actos ilícitos relacionados con bebidas alcohólicas, tabaco u otras sustancias sujetas a fiscalización",60222,0.0128,"Producción, tráfico o distribución ilícitos de productos de tabaco",60129,0.0082,"Otros actos ilícitos de tráfico, cultivo o producción de drogas o precursores sujetos a fiscalización no destinados al consumo personal",5019,0.0007,Otros actos de robo con entrada ilícita
12160,Fraudulenta atribución de la calidad de indígena,701,0.0113,Fraude,7019,0.0059,Otros actos de fraude,702,0.0051,Falsificación,8042,0.0014,Actos contrarios a disposiciones comerciales o financieras,8059,0.0005,Otros actos ilícitos relacionados con la migración,503,0.0004,Delitos contra la propiedad intelectual,601,0.0,Actos ilícitos relacionados con drogas o precursores sujetos a fiscalización,60123,0.0,Cultivo ilícito de drogas sujetas a fiscalización no destinadas al consumo personal
12161,Infracción a la Ley sobre Genoma Humano,11015,0.0217,Crímenes de lesa humanidad,211,0.0165,Transgresiones contra las personas,2119,0.0122,Otras transgresiones contra las personas,1101,0.0028,Actos bajo jurisdicción universal,90322,0.0016,Injerencia ilícita en datos informáticos,110134,0.001,Actos contra la libertad o la dignidad humana en relación con conflictos armados,11014,0.0005,Genocidio,11013,0.0001,Crímenes de guerra
12162,Incumplimiento malicioso en el pago pensiones alimenticias,804,0.027,Actos contrarios a las disposiciones relativas a los ingresos públicos u otras disposiciones regulatorias,7035,0.0134,Enriquecimiento ilícito,8041,0.0069,Actos contrarios a las disposiciones relativas a los ingresos públicos,7011,0.0028,Fraude financiero,704,0.0025,Actos relacionados con el producto del delito,20619,0.0021,Otras formas de negligencia en situaciones de personas bajo cuidado,8061,0.0004,Obstrucción de la justicia,104,0.0002,Suicidio asistido o incitación al suicidio
12163,Delitos relativos al pago de pensiones alimenticias,804,0.1403,Actos contrarios a las disposiciones relativas a los ingresos públicos u otras disposiciones regulatorias,8041,0.0719,Actos contrarios a las disposiciones relativas a los ingresos públicos,7035,0.0086,Enriquecimiento ilícito,701,0.0065,Fraude,70211,0.0046,Falsificación de medios de pago en efectivo,70212,0.0043,Falsificación de medios de pago distintos del efectivo,7019,0.0038,Otros actos de fraude,7011,0.0002,Fraude financiero
12170,Delitos contra la Ley de Bosque Nativo,1102,0.0572,Actos contrarios a las leyes u otras disposiciones sobre menores,1109,0.0455,Otros actos delictivos no clasificados en otra parte,907,0.0251,Infracciones de tráfico no lesivas,10091,0.0113,Actos contra los animales,503,0.0102,Delitos contra la propiedad intelectual,1009,0.0101,Otros actos contra el entorno natural,1004,0.0028,Actos que provocan el agotamiento o la degradación de los recursos naturales,104,0.0008,Suicidio asistido o incitación al suicidio
12171,"Fabricación, acopio o comercialización de hilo curado",60229,0.0795,"Otros actos ilícitos de producción, manipulación, posesión o uso de productos de tabaco",6012,0.0703,"Tráfico, cultivo o producción ilícitos de drogas o precursores sujetos a fiscalización no destinados al consumo personal",60129,0.067,"Otros actos ilícitos de tráfico, cultivo o producción de drogas o precursores sujetos a fiscalización no destinados al consumo personal",60222,0.0577,"Producción, tráfico o distribución ilícitos de productos de tabaco",6022,0.0186,"Producción, manipulación, posesión o uso ilícitos de productos de tabaco",60122,0.0176,Fabricación ilícita de drogas sujetas a fiscalización no destinadas al consumo personal,601,0.0021,Actos ilícitos relacionados con drogas o precursores sujetos a fiscalización,203,0.0005,Esclavitud y explotación
12172,"Uso, facilitación o transporte de hilo curado",601,0.0342,Actos ilícitos relacionados con drogas o precursores sujetos a fiscalización,6012,0.0249,"Tráfico, cultivo o producción ilícitos de drogas o precursores sujetos a fiscalización no destinados al consumo personal",6022,0.0241,"Producción, manipulación, posesión o uso ilícitos de productos de tabaco",60129,0.014,"Otros actos ilícitos de tráfico, cultivo o producción de drogas o precursores sujetos a fiscalización no destinados al consumo personal",60222,0.0122,"Producción, tráfico o distribución ilícitos de productos de tabaco",60121,0.0095,Tráfico ilícito de drogas sujetas a fiscalización no destinadas al consumo personal,60229,0.0056,"Otros actos ilícitos de producción, manipulación, posesión o uso de productos de tabaco",60122,0.0031,Fabricación ilícita de drogas sujetas a fiscalización no destinadas al consumo personal
12173,Asociación ilícita,60129,0.1103,"Otros actos ilícitos de tráfico, cultivo o producción de drogas o precursores sujetos a fiscalización no destinados al consumo personal",8063,0.0694,Intención delictiva,60121,0.0577,Tráfico ilícito de drogas sujetas a fiscalización no destinadas al consumo personal,90129,0.0509,Otros actos relacionados con el tráfico de armas y explosivos,8051,0.0317,Delitos de tráfico ilícito de migrantes,6012,0.0294,"Tráfico, cultivo o producción ilícitos de drogas o precursores sujetos a fiscalización no destinados al consumo personal",601,0.0237,Actos ilícitos relacionados con drogas o precursores sujetos a fiscalización,602,0.0112,"Actos ilícitos relacionados con bebidas alcohólicas, tabaco u otras sustancias sujetas a fiscalización"
12174,Lavado de dinero persona jurídica,7049,0.866,Otros actos relacionados con el producto del delito,7041,0.6312,Blanqueo de dinero,704,0.1476,Actos relacionados con el producto del delito,602,0.0161,"Actos ilícitos relacionados con bebidas alcohólicas, tabaco u otras sustancias sujetas a fiscalización",60121,0.0108,Tráfico ilícito de drogas sujetas a fiscalización no destinadas al consumo personal,601,0.0087,Actos ilícitos relacionados con drogas o precursores sujetos a fiscalización,8042,0.0069,Actos contrarios a disposiciones comerciales o financieras,7011,0.0047,Fraude financiero
12175,Infracción al deber de información de la Ley 19.913,8061,0.0173,Obstrucción de la justicia,9033,0.0053,Interceptación o acceso ilícitos a datos informáticos,9032,0.0038,Injerencia ilícita en sistemas o datos informáticos,90321,0.0036,Injerencia ilícita en sistemas informáticos,903,0.0027,Actos contra sistemas informáticos,90322,0.0014,Injerencia ilícita en datos informáticos,8042,0.0012,Actos contrarios a disposiciones comerciales o financieras,8045,0.0007,Manipulación del mercado o utilización indebida de información privilegiada
12180,Revelación de información obtenida en aplicación monitoreo telemático,9039,0.0024,Otros actos contra sistemas informáticos,9033,0.0012,Interceptación o acceso ilícitos a datos informáticos,9032,0.0007,Injerencia ilícita en sistemas o datos informáticos,90322,0.0006,Injerencia ilícita en datos informáticos,90321,0.0003,Injerencia ilícita en sistemas informáticos,903,0.0002,Actos contra sistemas informáticos,9031,0.0002,Acceso ilícito a sistemas informáticos,211,0.0,Transgresiones contra las personas
12181,Inutilización de dispositivo para monitoreo telemático,9039,0.0034,Otros actos contra sistemas informáticos,9032,0.0033,Injerencia ilícita en sistemas o datos informáticos,90321,0.002,Injerencia ilícita en sistemas informáticos,90322,0.0013,Injerencia ilícita en datos informáticos,903,0.001,Actos contra sistemas informáticos,9033,0.0009,Interceptación o acceso ilícitos a datos informáticos,9031,0.0006,Acceso ilícito a sistemas informáticos,8062,0.0,Incumplimiento de órdenes judiciales
12182,Daños a monumentos nacionales,219,0.5438,Otros actos que causan daños o que tienen la intención de causar daños a las personas,8049,0.1016,Otros actos contra la administración pública o contra disposiciones regulatorias,110132,0.0365,Destrucción o daños ilícitos a la propiedad en relación con conflictos armados,1109,0.0305,Otros actos delictivos no clasificados en otra parte,5049,0.0141,Otros daños a bienes,504,0.0047,Daños a la propiedad,5041,0.0028,Daños a bienes públicos,907,0.0017,Infracciones de tráfico no lesivas
12183,Apropiación de monumentos nacionales,501,0.0339,Robo con entrada ilícita,8049,0.0328,Otros actos contra la administración pública o contra disposiciones regulatorias,504,0.0144,Daños a la propiedad,509,0.0135,Otros actos contra la propiedad solamente,2119,0.0095,Otras transgresiones contra las personas,503,0.0069,Delitos contra la propiedad intelectual,110132,0.006,Destrucción o daños ilícitos a la propiedad en relación con conflictos armados,5041,0.0014,Daños a bienes públicos
12184,Conducción bajo la influencia del alcohol causando lesiones graves gravísimas,20721,0.3851,Utilización de un vehículo bajo los efectos del alcohol,2072,0.1975,Utilización de un vehículo bajo los efectos de sustancias psicoactivas,10321,0.1782,Homicidio por tránsito vehicular,907,0.0943,Infracciones de tráfico no lesivas,6021,0.0702,"Producción, manipulación, posesión o uso ilícitos de productos alcohólicos",20722,0.0199,Utilización de un vehículo bajo los efectos de drogas ilícitas,20729,0.0175,Utilización de un vehículo bajo los efectos de otras sustancias psicoactivas,602,0.0155,"Actos ilícitos relacionados con bebidas alcohólicas, tabaco u otras sustancias sujetas a fiscalización"
12185,Conducción bajo la influencia del alcohol causando muerte,10321,0.587,Homicidio por tránsito vehicular,20721,0.2065,Utilización de un vehículo bajo los efectos del alcohol,2072,0.1395,Utilización de un vehículo bajo los efectos de sustancias psicoactivas,6021,0.0905,"Producción, manipulación, posesión o uso ilícitos de productos alcohólicos",907,0.0592,Infracciones de tráfico no lesivas,602,0.0164,"Actos ilícitos relacionados con bebidas alcohólicas, tabaco u otras sustancias sujetas a fiscalización",20722,0.0127,Utilización de un vehículo bajo los efectos de drogas ilícitas,20729,0.0087,Utilización de un vehículo bajo los efectos de otras sustancias psicoactivas
12186,Comercialización o distribución de señal protegida de televisión,503,0.0058,Delitos contra la propiedad intelectual,803,0.0028,Actos relacionados con la libertad de expresión o el control de la expresión,8032,0.0027,Actos relacionados con expresiones de creencias y normas sociales controladas,704,0.0023,Actos relacionados con el producto del delito,9033,0.0015,Interceptación o acceso ilícitos a datos informáticos,903,0.0014,Actos contra sistemas informáticos,90321,0.0004,Injerencia ilícita en sistemas informáticos,601,0.0003,Actos ilícitos relacionados con drogas o precursores sujetos a fiscalización
12187,Fraudes en transacciones electrónicas,7019,0.8501,Otros actos de fraude,70211,0.4182,Falsificación de medios de pago en efectivo,70212,0.3126,Falsificación de medios de pago distintos del efectivo,7011,0.1043,Fraude financiero,9032,0.023,Injerencia ilícita en sistemas o datos informáticos,704,0.022,Actos relacionados con el producto del delito,8042,0.0213,Actos contrarios a disposiciones comerciales o financieras,90321,0.0191,Injerencia ilícita en sistemas informáticos
12188,Obtención simulada o engañosa de beneficios para cuidadores de niños o niñas durante la pandemia del Covid-19,704,0.0695,Actos relacionados con el producto del delito,20619,0.0558,Otras formas de negligencia en situaciones de personas bajo cuidado,7034,0.0222,Tráfico de influencias,902,0.0197,Actos contra la salud y la seguridad,20611,0.0196,Negligencia en situaciones de menores bajo cuidado,203,0.0194,Esclavitud y explotación,601,0.005,Actos ilícitos relacionados con drogas o precursores sujetos a fiscalización,104,0.003,Suicidio asistido o incitación al suicidio
12189,Uso malicioso de recetas médicas digitales,6019,0.0133,Otros actos ilícitos relacionados con drogas o precursores sujetos a fiscalización,602,0.0014,"Actos ilícitos relacionados con bebidas alcohólicas, tabaco u otras sustancias sujetas a fiscalización",601,0.0008,Actos ilícitos relacionados con drogas o precursores sujetos a fiscalización,9032,0.0006,Injerencia ilícita en sistemas o datos informáticos,903,0.0005,Actos contra sistemas informáticos,90322,0.0004,Injerencia ilícita en datos informáticos,60121,0.0002,Tráfico ilícito de drogas sujetas a fiscalización no destinadas al consumo personal,90321,0.0001,Injerencia ilícita en sistemas informáticos
12190,Acuerdos abusivos del directorio de S.A,7033,0.0889,Abuso de funciones,8081,0.0548,Violaciones del derecho laboral colectivo,3011,0.0126,Violación,8042,0.0075,Actos contrarios a disposiciones comerciales o financieras,808,0.0053,Actos contrarios al derecho laboral,801,0.0023,Actos contrarios a las normas de conducta orientadas al mantenimiento del orden público,7035,0.0017,Enriquecimiento ilícito,8061,0.0004,Obstrucción de la justicia
12200,Delitos de la Ley 18.450 sobre riego o drenaje,709,0.3567,"Otros actos que conllevan fraude, engaño o corrupción",704,0.028,Actos relacionados con el producto del delito,601,0.0095,Actos ilícitos relacionados con drogas o precursores sujetos a fiscalización,8061,0.0079,Obstrucción de la justicia,602,0.0034,"Actos ilícitos relacionados con bebidas alcohólicas, tabaco u otras sustancias sujetas a fiscalización",60123,0.0019,Cultivo ilícito de drogas sujetas a fiscalización no destinadas al consumo personal,701,0.0017,Fraude,7035,0.0002,Enriquecimiento ilícito
12201,"Uso malicioso de tarjeta, clave o dispositivo financiero",701,0.6634,Fraude,7011,0.4693,Fraude financiero,704,0.4261,Actos relacionados con el producto del delito,9032,0.3684,Injerencia ilícita en sistemas o datos informáticos,70211,0.1876,Falsificación de medios de pago en efectivo,70212,0.1591,Falsificación de medios de pago distintos del efectivo,7021,0.1369,Falsificación de medios de pago,7023,0.0868,Actos de falsificación de documentos
12202,Obtención maliciosa o restitución de los fondos de operaciones reclamadas,704,0.6718,Actos relacionados con el producto del delito,7049,0.6571,Otros actos relacionados con el producto del delito,7021,0.119,Falsificación de medios de pago,701,0.0515,Fraude,70211,0.0442,Falsificación de medios de pago en efectivo,70212,0.0423,Falsificación de medios de pago distintos del efectivo,7011,0.0313,Fraude financiero,90321,0.0272,Injerencia ilícita en sistemas informáticos
12203,Empleo de violencia innecesaria,8011,0.0152,Delitos relacionados con la alteración violenta del orden público,201,0.0075,Agresiones y amenazas,2011,0.0063,Agresión,101,0.0045,Homicidio intencional,110131,0.0032,Homicidio o tentativa de causar la muerte o lesiones graves de forma ilícita en conflictos armados,104,0.0027,Suicidio asistido o incitación al suicidio,1031,0.0014,Homicidio no culposo,107,0.0009,Homicidio ilícito relacionado con conflictos armados
12999,Delitos contemplados en otros textos legales,1109,0.6359,Otros actos delictivos no clasificados en otra parte,1102,0.5977,Actos contrarios a las leyes u otras disposiciones sobre menores,11021,0.5186,Delitos en razón de la condición de menor de edad,907,0.1322,Infracciones de tráfico no lesivas,8063,0.0645,Intención delictiva,11019,0.0506,Otros actos bajo jurisdicción universal,11013,0.0215,Crímenes de guerra,104,0.0038,Suicidio asistido o incitación al suicidio
13001,Lesiones leves,20112,0.1342,Agresión leve,207,0.0295,Actos peligrosos,20619,0.0229,Otras formas de negligencia en situaciones de personas bajo cuidado,2069,0.0168,Otros actos de negligencia,2061,0.0153,Negligencia en situaciones de personas bajo cuidado,206,0.0152,Negligencia,20611,0.0135,Negligencia en situaciones de menores bajo cuidado,907,0.0127,Infracciones de tráfico no lesivas
13002,Faltas Código Penal conocidas por juzgados del crimen,806,0.7395,Actos contra el sistema de justicia,11021,0.0636,Delitos en razón de la condición de menor de edad,8062,0.0554,Incumplimiento de órdenes judiciales,1102,0.0202,Actos contrarios a las leyes u otras disposiciones sobre menores,11019,0.0101,Otros actos bajo jurisdicción universal,1109,0.0087,Otros actos delictivos no clasificados en otra parte,1032,0.0082,Homicidio culposo,104,0.0025,Suicidio asistido o incitación al suicidio
13005,Consumo y otras faltas Ley de Drogas,602,0.1164,"Actos ilícitos relacionados con bebidas alcohólicas, tabaco u otras sustancias sujetas a fiscalización",6012,0.0935,"Tráfico, cultivo o producción ilícitos de drogas o precursores sujetos a fiscalización no destinados al consumo personal",601,0.0917,Actos ilícitos relacionados con drogas o precursores sujetos a fiscalización,6011,0.0535,"Posesión, adquisición, utilización, cultivo o producción ilícitos de drogas sujetas a fiscalización para consumo personal",60111,0.0528,"Posesión, adquisición o uso ilícitos de drogas sujetas a fiscalización para consumo personal",60129,0.0481,"Otros actos ilícitos de tráfico, cultivo o producción de drogas o precursores sujetos a fiscalización no destinados al consumo personal",60121,0.0447,Tráfico ilícito de drogas sujetas a fiscalización no destinadas al consumo personal,6019,0.0418,Otros actos ilícitos relacionados con drogas o precursores sujetos a fiscalización
13016,Infracción a la Ley Electoral,8071,0.0512,Actos encaminados a influir indebidamente en los votantes en elecciones,8079,0.0214,Otros actos relacionados con las elecciones democráticas,807,0.0168,Actos relacionados con las elecciones democráticas,11021,0.0031,Delitos en razón de la condición de menor de edad,1102,0.0007,Actos contrarios a las leyes u otras disposiciones sobre menores,104,0.0004,Suicidio asistido o incitación al suicidio,601,0.0001,Actos ilícitos relacionados con drogas o precursores sujetos a fiscalización,602,0.0001,"Actos ilícitos relacionados con bebidas alcohólicas, tabaco u otras sustancias sujetas a fiscalización"
13017,Infracción a la Ley 16.643 de Abusos de Publicidad,3011,0.5714,Violación,302,0.1589,Explotación sexual,802,0.054,Actos contrarios a las normas de conducta sexual orientadas al mantenimiento del orden público,60229,0.0388,"Otros actos ilícitos de producción, manipulación, posesión o uso de productos de tabaco",8042,0.0208,Actos contrarios a disposiciones comerciales o financieras,80322,0.0177,Violaciones de las normas sobre intolerancia e incitación al odio,3022,0.0128,Explotación sexual de menores,30221,0.0041,Pornografía infantil
13018,Violencia en los estadios,80322,0.0329,Violaciones de las normas sobre intolerancia e incitación al odio,8011,0.0208,Delitos relacionados con la alteración violenta del orden público,301,0.0207,Violencia sexual,11013,0.0147,Crímenes de guerra,8029,0.0062,Otros actos contrarios a las normas de conducta sexual orientadas al mantenimiento del orden público,110132,0.0045,Destrucción o daños ilícitos a la propiedad en relación con conflictos armados,802,0.0006,Actos contrarios a las normas de conducta sexual orientadas al mantenimiento del orden público,905,0.0,Actos relacionados con grupos delictivos organizados
13021,Ofensas al pudor,3011,0.0021,Violación,80322,0.0019,Violaciones de las normas sobre intolerancia e incitación al odio,8022,0.0015,Delitos de pornografía,8012,0.0014,Actos relacionados con las normas y preceptos sociales y religiosos orientados al mantenimiento del orden público,2099,0.0005,Otras formas de difamación o insulto,8029,0.0004,Otros actos contrarios a las normas de conducta sexual orientadas al mantenimiento del orden público,802,0.0004,Actos contrarios a las normas de conducta sexual orientadas al mantenimiento del orden público,8021,0.0001,Delitos de prostitución
13022,Disensiones domésticas,809,0.0145,"Otros actos contra el orden público, la autoridad y las disposiciones del Estado",8069,0.0035,Otros actos contra el sistema de justicia,301,0.0029,Violencia sexual,3011,0.0015,Violación,3012,0.0008,Agresión sexual,8029,0.0006,Otros actos contrarios a las normas de conducta sexual orientadas al mantenimiento del orden público,20292,0.0006,Matrimonio forzado,11021,0.0003,Delitos en razón de la condición de menor de edad
13023,Alterar el orden público,8012,0.4348,Actos relacionados con las normas y preceptos sociales y religiosos orientados al mantenimiento del orden público,801,0.226,Actos contrarios a las normas de conducta orientadas al mantenimiento del orden público,8019,0.2115,Otros actos contrarios a las normas de conducta orientadas al mantenimiento del orden público,8011,0.1482,Delitos relacionados con la alteración violenta del orden público,802,0.0961,Actos contrarios a las normas de conducta sexual orientadas al mantenimiento del orden público,806,0.0589,Actos contra el sistema de justicia,8062,0.0271,Incumplimiento de órdenes judiciales,809,0.025,"Otros actos contra el orden público, la autoridad y las disposiciones del Estado"
13024,Ocultación de identidad,7019,0.0095,Otros actos de fraude,7023,0.0035,Actos de falsificación de documentos,8063,0.0016,Intención delictiva,8051,0.0006,Delitos de tráfico ilícito de migrantes,8059,0.0006,Otros actos ilícitos relacionados con la migración,805,0.0003,Actos relacionados con la migración,601,0.0001,Actos ilícitos relacionados con drogas o precursores sujetos a fiscalización,5019,0.0,Otros actos de robo con entrada ilícita
13025,Dejar animales sueltos,10091,0.0625,Actos contra los animales,10032,0.0293,Comercio o posesión de especies animales prohibidas o controladas,20229,0.0064,Otras formas de privación de libertad,11015,0.0052,Crímenes de lesa humanidad,2022,0.0034,Privación de libertad,104,0.0001,Suicidio asistido o incitación al suicidio,1032,0.0,Homicidio culposo,8062,0.0,Incumplimiento de órdenes judiciales
13026,Arrojamiento de piedras u otros objetos,207,0.0065,Actos peligrosos,5041,0.002,Daños a bienes públicos,902,0.0017,Actos contra la salud y la seguridad,801,0.0012,Actos contrarios a las normas de conducta orientadas al mantenimiento del orden público,110132,0.0007,Destrucción o daños ilícitos a la propiedad en relación con conflictos armados,1002,0.0006,Actos relacionados con el traslado o vertimiento de desechos,8011,0.0005,Delitos relacionados con la alteración violenta del orden público,8012,0.0002,Actos relacionados con las normas y preceptos sociales y religiosos orientados al mantenimiento del orden público
13027,Daño (falta),219,0.047,Otros actos que causan daños o que tienen la intención de causar daños a las personas,504,0.0418,Daños a la propiedad,5049,0.0192,Otros daños a bienes,8041,0.0045,Actos contrarios a las disposiciones relativas a los ingresos públicos,907,0.0044,Infracciones de tráfico no lesivas,20619,0.0033,Otras formas de negligencia en situaciones de personas bajo cuidado,1109,0.0017,Otros actos delictivos no clasificados en otra parte,11021,0.0006,Delitos en razón de la condición de menor de edad
13028,Hurto (falta),502,0.0182,Hurto,501,0.0058,Robo con entrada ilícita,50221,0.0051,Hurto de bienes personales a una persona,503,0.0033,Delitos contra la propiedad intelectual,5023,0.0032,Hurto de bienes comerciales,50239,0.0026,Otras formas de hurto de bienes comerciales,50229,0.0018,Otras formas de hurto de bienes personales,5029,0.0013,Otros actos de hurto
13030,Amenaza con arma (falta),201,0.0371,Agresiones y amenazas,90119,0.0304,Otros actos relacionados con posesión o uso de armas y explosivos,9011,0.008,Posesión o uso de armas y explosivos,90111,0.0078,Posesión o uso ilícitos de armas de fuego,110131,0.0033,Homicidio o tentativa de causar la muerte o lesiones graves de forma ilícita en conflictos armados,8063,0.0023,Intención delictiva,102,0.0018,Tentativa de homicidio intencional,104,0.0009,Suicidio asistido o incitación al suicidio
13031,Falta de respeto a la autoridad pública,8012,0.0248,Actos relacionados con las normas y preceptos sociales y religiosos orientados al mantenimiento del orden público,809,0.0234,"Otros actos contra el orden público, la autoridad y las disposiciones del Estado",801,0.0124,Actos contrarios a las normas de conducta orientadas al mantenimiento del orden público,7033,0.0105,Abuso de funciones,8019,0.008,Otros actos contrarios a las normas de conducta orientadas al mantenimiento del orden público,8069,0.0065,Otros actos contra el sistema de justicia,8062,0.0005,Incumplimiento de órdenes judiciales,20619,0.0,Otras formas de negligencia en situaciones de personas bajo cuidado
13032,"Malversación, defraudación e incendio por menos de 1 UTM",7019,0.012,Otros actos de fraude,7049,0.0088,Otros actos relacionados con el producto del delito,701,0.0046,Fraude,7011,0.002,Fraude financiero,11021,0.0013,Delitos en razón de la condición de menor de edad,704,0.0013,Actos relacionados con el producto del delito,7039,0.0007,Otros actos de corrupción,104,0.0001,Suicidio asistido o incitación al suicidio
13033,Riña pública,8011,0.0381,Delitos relacionados con la alteración violenta del orden público,802,0.0025,Actos contrarios a las normas de conducta sexual orientadas al mantenimiento del orden público,8063,0.0019,Intención delictiva,8012,0.0009,Actos relacionados con las normas y preceptos sociales y religiosos orientados al mantenimiento del orden público,9059,0.0006,Otros actos relacionados con grupos delictivos organizados,8029,0.0006,Otros actos contrarios a las normas de conducta sexual orientadas al mantenimiento del orden público,905,0.0003,Actos relacionados con grupos delictivos organizados,8019,0.0001,Otros actos contrarios a las normas de conducta orientadas al mantenimiento del orden público
13034,Infracción a reglamento de carruajes públicos o particulares,907,0.0156,Infracciones de tráfico no lesivas,10321,0.0148,Homicidio por tránsito vehicular,801,0.0024,Actos contrarios a las normas de conducta orientadas al mantenimiento del orden público,8051,0.0014,Delitos de tráfico ilícito de migrantes,805,0.001,Actos relacionados con la migración,8062,0.001,Incumplimiento de órdenes judiciales,11021,0.0006,Delitos en razón de la condición de menor de edad,1102,0.0006,Actos contrarios a las leyes u otras disposiciones sobre menores
13035,Desórdenes en espectáculos públicos,8012,0.0196,Actos relacionados con las normas y preceptos sociales y religiosos orientados al mantenimiento del orden público,8011,0.0141,Delitos relacionados con la alteración violenta del orden público,8019,0.0092,Otros actos contrarios a las normas de conducta orientadas al mantenimiento del orden público,8032,0.0054,Actos relacionados con expresiones de creencias y normas sociales controladas,801,0.0014,Actos contrarios a las normas de conducta orientadas al mantenimiento del orden público,8029,0.0008,Otros actos contrarios a las normas de conducta sexual orientadas al mantenimiento del orden público,802,0.0005,Actos contrarios a las normas de conducta sexual orientadas al mantenimiento del orden público,8021,0.0004,Delitos de prostitución
13036,Lesiones leves 494 nº 5 Código Penal,20112,0.1057,Agresión leve,20619,0.0634,Otras formas de negligencia en situaciones de personas bajo cuidado,2069,0.0513,Otros actos de negligencia,207,0.0511,Actos peligrosos,20611,0.0488,Negligencia en situaciones de menores bajo cuidado,2061,0.0226,Negligencia en situaciones de personas bajo cuidado,206,0.0225,Negligencia,907,0.0116,Infracciones de tráfico no lesivas
13037,Caza y pesca con violencia,10042,0.0321,"Caza, pesca o recolección ilegales de fauna y flora silvestres",11012,0.0079,Piratería,11015,0.0071,Crímenes de lesa humanidad,10032,0.0057,Comercio o posesión de especies animales prohibidas o controladas,8063,0.0053,Intención delictiva,110131,0.0005,Homicidio o tentativa de causar la muerte o lesiones graves de forma ilícita en conflictos armados,11013,0.0002,Crímenes de guerra,102,0.0001,Tentativa de homicidio intencional
13038,Ganado que entra a predio ajeno causando daños,504,0.0031,Daños a la propiedad,10032,0.0013,Comercio o posesión de especies animales prohibidas o controladas,10091,0.0013,Actos contra los animales,5049,0.0005,Otros daños a bienes,100311,0.0005,Comercio o posesión de especies protegidas dentro de las fronteras nacionales,110132,0.0004,Destrucción o daños ilícitos a la propiedad en relación con conflictos armados,501,0.0001,Robo con entrada ilícita,509,0.0,Otros actos contra la propiedad solamente
13049,Obstrucción a la investigación de delito o infracción de la Ley de Violencia en los Estadios,8061,0.1799,Obstrucción de la justicia,211,0.0908,Transgresiones contra las personas,8011,0.0836,Delitos relacionados con la alteración violenta del orden público,8043,0.0556,Actos contrarios a las disposiciones sobre apuestas,3011,0.0458,Violación,90321,0.0218,Injerencia ilícita en sistemas informáticos,8062,0.0141,Incumplimiento de órdenes judiciales,806,0.0113,Actos contra el sistema de justicia
13050,Lesiones a las personas o daño a la propiedad con motivo u ocasión de un espectáculo de fútbol profesional,219,0.9704,Otros actos que causan daños o que tienen la intención de causar daños a las personas,504,0.4427,Daños a la propiedad,2079,0.3672,Otros actos peligrosos,2062,0.3102,Negligencia profesional,207,0.2481,Actos peligrosos,110132,0.077,Destrucción o daños ilícitos a la propiedad en relación con conflictos armados,8011,0.0251,Delitos relacionados con la alteración violenta del orden público,907,0.006,Infracciones de tráfico no lesivas
13051,Otros delitos sobre Ley 19.327 sobre Violencia en los Estadios,8011,0.2842,Delitos relacionados con la alteración violenta del orden público,3011,0.0655,Violación,301,0.0564,Violencia sexual,80322,0.0482,Violaciones de las normas sobre intolerancia e incitación al odio,11016,0.0237,Crimen de agresión,3012,0.0058,Agresión sexual,8029,0.0018,Otros actos contrarios a las normas de conducta sexual orientadas al mantenimiento del orden público,11013,0.0016,Crímenes de guerra
13052,Ocultación de identidad en control investigativo,7019,0.0027,Otros actos de fraude,7023,0.0023,Actos de falsificación de documentos,8059,0.0021,Otros actos ilícitos relacionados con la migración,211,0.0015,Transgresiones contra las personas,701,0.0011,Fraude,702,0.001,Falsificación,904,0.0007,Actos contra la seguridad del Estado,601,0.0002,Actos ilícitos relacionados con drogas o precursores sujetos a fiscalización
13053,Ocultación de identidad en control preventivo,2021,0.4678,Secuestro de menores,601,0.3262,Actos ilícitos relacionados con drogas o precursores sujetos a fiscalización,2022,0.1788,Privación de libertad,903,0.1565,Actos contra sistemas informáticos,20222,0.1126,Retención ilegal,8051,0.0355,Delitos de tráfico ilícito de migrantes,8061,0.0055,Obstrucción de la justicia,7023,0.0046,Actos de falsificación de documentos
13096,Dirigir reuniones tumultuosas,8019,0.0037,Otros actos contrarios a las normas de conducta orientadas al mantenimiento del orden público,801,0.0017,Actos contrarios a las normas de conducta orientadas al mantenimiento del orden público,8012,0.0012,Actos relacionados con las normas y preceptos sociales y religiosos orientados al mantenimiento del orden público,8032,0.001,Actos relacionados con expresiones de creencias y normas sociales controladas,80322,0.0008,Violaciones de las normas sobre intolerancia e incitación al odio,803,0.0005,Actos relacionados con la libertad de expresión o el control de la expresión,8011,0.0004,Delitos relacionados con la alteración violenta del orden público,905,0.0001,Actos relacionados con grupos delictivos organizados
13097,Otras faltas Código Penal,1109,0.0513,Otros actos delictivos no clasificados en otra parte,1102,0.0258,Actos contrarios a las leyes u otras disposiciones sobre menores,11019,0.011,Otros actos bajo jurisdicción universal,11021,0.0107,Delitos en razón de la condición de menor de edad,907,0.0065,Infracciones de tráfico no lesivas,30119,0.0022,Otras formas de violación,1032,0.0009,Homicidio culposo,7039,0.0009,Otros actos de corrupción
13098,Otras faltas leyes especiales,806,0.0255,Actos contra el sistema de justicia,8062,0.0064,Incumplimiento de órdenes judiciales,11019,0.0034,Otros actos bajo jurisdicción universal,1109,0.0023,Otros actos delictivos no clasificados en otra parte,1102,0.0017,Actos contrarios a las leyes u otras disposiciones sobre menores,11021,0.0016,Delitos en razón de la condición de menor de edad,20619,0.0008,Otras formas de negligencia en situaciones de personas bajo cuidado,601,0.0001,Actos ilícitos relacionados con drogas o precursores sujetos a fiscalización
13099,Otros que no dan motivo a ingreso de sumario,806,0.0051,Actos contra el sistema de justicia,8041,0.0027,Actos contrarios a las disposiciones relativas a los ingresos públicos,804,0.0011,Actos contrarios a las disposiciones relativas a los ingresos públicos u otras disposiciones regulatorias,11021,0.0002,Delitos en razón de la condición de menor de edad,1109,0.0001,Otros actos delictivos no clasificados en otra parte,8062,0.0,Incumplimiento de órdenes judiciales,5019,0.0,Otros actos de robo con entrada ilícita,104,0.0,Suicidio asistido o incitación al suicidio
13100,Impedir ejercicio de funciones a inspectores municipales,7033,0.0171,Abuso de funciones,804,0.0031,Actos contrarios a las disposiciones relativas a los ingresos públicos u otras disposiciones regulatorias,801,0.0024,Actos contrarios a las normas de conducta orientadas al mantenimiento del orden público,8069,0.0013,Otros actos contra el sistema de justicia,8061,0.0013,Obstrucción de la justicia,8041,0.001,Actos contrarios a las disposiciones relativas a los ingresos públicos,8062,0.0002,Incumplimiento de órdenes judiciales,806,0.0001,Actos contra el sistema de justicia
13101,Transporte de desechos a vertederos clandestinos,1002,0.2761,Actos relacionados con el traslado o vertimiento de desechos,10021,0.1808,Actos relacionados con el traslado o vertimiento de desechos dentro de las fronteras nacionales,10022,0.139,Actos relacionados con el traslado o vertimiento transfronterizos de desechos,6012,0.0515,"Tráfico, cultivo o producción ilícitos de drogas o precursores sujetos a fiscalización no destinados al consumo personal",601,0.0211,Actos ilícitos relacionados con drogas o precursores sujetos a fiscalización,902,0.016,Actos contra la salud y la seguridad,2071,0.009,Actos que ponen en peligro la salud,805,0.0027,Actos relacionados con la migración
13103,Perro potencialmente peligroso no inscrito,10032,0.0102,Comercio o posesión de especies animales prohibidas o controladas,10091,0.007,Actos contra los animales,207,0.0025,Actos peligrosos,10039,0.0014,Otras formas de comercio o posesión de especies protegidas o prohibidas de la fauna y la flora,907,0.0002,Infracciones de tráfico no lesivas,8032,0.0,Actos relacionados con expresiones de creencias y normas sociales controladas,104,0.0,Suicidio asistido o incitación al suicidio,805,0.0,Actos relacionados con la migración
13104,"Arrojar basura o desechos en playas, parques nacionales u otros",1004,0.3844,Actos que provocan el agotamiento o la degradación de los recursos naturales,1009,0.3642,Otros actos contra el entorno natural,10019,0.3507,Otros actos que causan contaminación o degradación del medio ambiente,1002,0.2579,Actos relacionados con el traslado o vertimiento de desechos,1001,0.1118,Actos que causan contaminación o degradación del medio ambiente,10021,0.0748,Actos relacionados con el traslado o vertimiento de desechos dentro de las fronteras nacionales,10022,0.0729,Actos relacionados con el traslado o vertimiento transfronterizos de desechos,801,0.0287,Actos contrarios a las normas de conducta orientadas al mantenimiento del orden público
13105,Impedir acceso a playas,1004,0.0721,Actos que provocan el agotamiento o la degradación de los recursos naturales,202,0.007,Actos contra la libertad,804,0.0033,Actos contrarios a las disposiciones relativas a los ingresos públicos u otras disposiciones regulatorias,8041,0.002,Actos contrarios a las disposiciones relativas a los ingresos públicos,3011,0.0017,Violación,907,0.0006,Infracciones de tráfico no lesivas,11012,0.0003,Piratería,8042,0.0002,Actos contrarios a disposiciones comerciales o financieras
13106,No informar domicilio por delitos sexuales (NNA),301,0.0563,Violencia sexual,802,0.0103,Actos contrarios a las normas de conducta sexual orientadas al mantenimiento del orden público,2021,0.0048,Secuestro de menores,20619,0.0029,Otras formas de negligencia en situaciones de personas bajo cuidado,30223,0.0028,Captación de menores con fines sexuales,30229,0.0017,Otras formas de explotación sexual de menores,3022,0.0009,Explotación sexual de menores,8062,0.0002,Incumplimiento de órdenes judiciales
14001,Conducción estado de ebriedad con resultado de muerte o lesiones graves gravísimas,907,0.0834,Infracciones de tráfico no lesivas,10321,0.023,Homicidio por tránsito vehicular,2072,0.0032,Utilización de un vehículo bajo los efectos de sustancias psicoactivas,6021,0.0028,"Producción, manipulación, posesión o uso ilícitos de productos alcohólicos",10322,0.0027,Homicidio no ocasionado por tránsito vehicular,20722,0.0019,Utilización de un vehículo bajo los efectos de drogas ilícitas,20729,0.0011,Utilización de un vehículo bajo los efectos de otras sustancias psicoactivas,602,0.0001,"Actos ilícitos relacionados con bebidas alcohólicas, tabaco u otras sustancias sujetas a fiscalización"
14002,Conducción estado de ebriedad con resultado de lesiones graves o menos graves,907,0.0357,Infracciones de tráfico no lesivas,10321,0.0205,Homicidio por tránsito vehicular,6021,0.005,"Producción, manipulación, posesión o uso ilícitos de productos alcohólicos",2072,0.0024,Utilización de un vehículo bajo los efectos de sustancias psicoactivas,20722,0.0013,Utilización de un vehículo bajo los efectos de drogas ilícitas,20729,0.0011,Utilización de un vehículo bajo los efectos de otras sustancias psicoactivas,60212,0.0002,"Producción, tráfico o distribución ilícitos de productos alcohólicos",602,0.0,"Actos ilícitos relacionados con bebidas alcohólicas, tabaco u otras sustancias sujetas a fiscalización"
14003,Conducción estado de ebriedad con resultado de daños,6021,0.014,"Producción, manipulación, posesión o uso ilícitos de productos alcohólicos",2072,0.0116,Utilización de un vehículo bajo los efectos de sustancias psicoactivas,907,0.0069,Infracciones de tráfico no lesivas,10321,0.0066,Homicidio por tránsito vehicular,20729,0.003,Utilización de un vehículo bajo los efectos de otras sustancias psicoactivas,20722,0.003,Utilización de un vehículo bajo los efectos de drogas ilícitas,60212,0.0008,"Producción, tráfico o distribución ilícitos de productos alcohólicos",602,0.0001,"Actos ilícitos relacionados con bebidas alcohólicas, tabaco u otras sustancias sujetas a fiscalización"
14004,Conducción estado de ebriedad con suspensión de licencia,2072,0.327,Utilización de un vehículo bajo los efectos de sustancias psicoactivas,20729,0.0776,Utilización de un vehículo bajo los efectos de otras sustancias psicoactivas,602,0.0368,"Actos ilícitos relacionados con bebidas alcohólicas, tabaco u otras sustancias sujetas a fiscalización",601,0.033,Actos ilícitos relacionados con drogas o precursores sujetos a fiscalización,6021,0.0239,"Producción, manipulación, posesión o uso ilícitos de productos alcohólicos",20722,0.018,Utilización de un vehículo bajo los efectos de drogas ilícitas,60212,0.0094,"Producción, tráfico o distribución ilícitos de productos alcohólicos",6029,0.0033,"Otros actos ilícitos relacionados con bebidas alcohólicas, tabaco u otras sustancias sujetas a fiscalización"
14005,Negativa a efectuarse examen,6021,0.1284,"Producción, manipulación, posesión o uso ilícitos de productos alcohólicos",60212,0.0777,"Producción, tráfico o distribución ilícitos de productos alcohólicos",2072,0.0308,Utilización de un vehículo bajo los efectos de sustancias psicoactivas,907,0.0109,Infracciones de tráfico no lesivas,6029,0.0086,"Otros actos ilícitos relacionados con bebidas alcohólicas, tabaco u otras sustancias sujetas a fiscalización",602,0.0075,"Actos ilícitos relacionados con bebidas alcohólicas, tabaco u otras sustancias sujetas a fiscalización",10321,0.0066,Homicidio por tránsito vehicular,60121,0.001,Tráfico ilícito de drogas sujetas a fiscalización no destinadas al consumo personal
14006,Conducción estado ebriedad con resultado de muerte,20729,0.2747,Utilización de un vehículo bajo los efectos de otras sustancias psicoactivas,907,0.164,Infracciones de tráfico no lesivas,10321,0.1447,Homicidio por tránsito vehicular,2072,0.1155,Utilización de un vehículo bajo los efectos de sustancias psicoactivas,10322,0.038,Homicidio no ocasionado por tránsito vehicular,20722,0.0215,Utilización de un vehículo bajo los efectos de drogas ilícitas,1032,0.0179,Homicidio culposo,602,0.0021,"Actos ilícitos relacionados con bebidas alcohólicas, tabaco u otras sustancias sujetas a fiscalización"
14007,Conducción estado ebriedad con resultado de lesiones graves gravísimas,907,0.2148,Infracciones de tráfico no lesivas,2072,0.1483,Utilización de un vehículo bajo los efectos de sustancias psicoactivas,20729,0.1103,Utilización de un vehículo bajo los efectos de otras sustancias psicoactivas,20721,0.04,Utilización de un vehículo bajo los efectos del alcohol,10321,0.0363,Homicidio por tránsito vehicular,20722,0.015,Utilización de un vehículo bajo los efectos de drogas ilícitas,6021,0.0119,"Producción, manipulación, posesión o uso ilícitos de productos alcohólicos",602,0.0003,"Actos ilícitos relacionados con bebidas alcohólicas, tabaco u otras sustancias sujetas a fiscalización"
14008,Conducción estado de ebriedad con resultado de lesiones graves,907,0.1364,Infracciones de tráfico no lesivas,10321,0.0647,Homicidio por tránsito vehicular,20721,0.0177,Utilización de un vehículo bajo los efectos del alcohol,20729,0.0133,Utilización de un vehículo bajo los efectos de otras sustancias psicoactivas,2072,0.0097,Utilización de un vehículo bajo los efectos de sustancias psicoactivas,20722,0.0039,Utilización de un vehículo bajo los efectos de drogas ilícitas,60212,0.0003,"Producción, tráfico o distribución ilícitos de productos alcohólicos",602,0.0001,"Actos ilícitos relacionados con bebidas alcohólicas, tabaco u otras sustancias sujetas a fiscalización"
14009,Conducción estado ebriedad con resultado de lesiones menos graves,907,0.1234,Infracciones de tráfico no lesivas,10321,0.0532,Homicidio por tránsito vehicular,20721,0.0086,Utilización de un vehículo bajo los efectos del alcohol,20729,0.0078,Utilización de un vehículo bajo los efectos de otras sustancias psicoactivas,2072,0.005,Utilización de un vehículo bajo los efectos de sustancias psicoactivas,20722,0.0023,Utilización de un vehículo bajo los efectos de drogas ilícitas,6021,0.0011,"Producción, manipulación, posesión o uso ilícitos de productos alcohólicos",602,0.0,"Actos ilícitos relacionados con bebidas alcohólicas, tabaco u otras sustancias sujetas a fiscalización"
14020,Cuasidelito vehículo motorizado,2063,0.5133,Negligencia relacionada con la conducción de un vehículo,10321,0.3623,Homicidio por tránsito vehicular,907,0.2435,Infracciones de tráfico no lesivas,2069,0.0643,Otros actos de negligencia,10322,0.0534,Homicidio no ocasionado por tránsito vehicular,1032,0.0519,Homicidio culposo,20729,0.0285,Utilización de un vehículo bajo los efectos de otras sustancias psicoactivas,2072,0.0204,Utilización de un vehículo bajo los efectos de sustancias psicoactivas
14021,Marcharse del sitio del suceso sin prestar auxilio a la víctima,1032,0.0871,Homicidio culposo,103,0.0714,Homicidio no intencional,907,0.0709,Infracciones de tráfico no lesivas,104,0.0649,Suicidio asistido o incitación al suicidio,10322,0.056,Homicidio no ocasionado por tránsito vehicular,10321,0.0383,Homicidio por tránsito vehicular,2063,0.0081,Negligencia relacionada con la conducción de un vehículo,2069,0.0031,Otros actos de negligencia
14022,Ocultamiento de placa patente,7023,0.0253,Actos de falsificación de documentos,907,0.0206,Infracciones de tráfico no lesivas,7022,0.0044,Delitos relacionados con productos falsificados,10321,0.0035,Homicidio por tránsito vehicular,601,0.0028,Actos ilícitos relacionados con drogas o precursores sujetos a fiscalización,602,0.0004,"Actos ilícitos relacionados con bebidas alcohólicas, tabaco u otras sustancias sujetas a fiscalización",8051,0.0001,Delitos de tráfico ilícito de migrantes,805,0.0,Actos relacionados con la migración
14050,Otros delitos contra la ley de alcoholes,6021,0.9842,"Producción, manipulación, posesión o uso ilícitos de productos alcohólicos",60212,0.8524,"Producción, tráfico o distribución ilícitos de productos alcohólicos",60219,0.7322,"Otros actos ilícitos de producción, manipulación, posesión o uso de productos alcohólicos",601,0.7039,Actos ilícitos relacionados con drogas o precursores sujetos a fiscalización,602,0.6019,"Actos ilícitos relacionados con bebidas alcohólicas, tabaco u otras sustancias sujetas a fiscalización",11021,0.2766,Delitos en razón de la condición de menor de edad,60121,0.1507,Tráfico ilícito de drogas sujetas a fiscalización no destinadas al consumo personal,907,0.1481,Infracciones de tráfico no lesivas
14051,Ebriedad,6021,0.0027,"Producción, manipulación, posesión o uso ilícitos de productos alcohólicos",6012,0.0004,"Tráfico, cultivo o producción ilícitos de drogas o precursores sujetos a fiscalización no destinados al consumo personal",60212,0.0003,"Producción, tráfico o distribución ilícitos de productos alcohólicos",60121,0.0002,Tráfico ilícito de drogas sujetas a fiscalización no destinadas al consumo personal,601,0.0001,Actos ilícitos relacionados con drogas o precursores sujetos a fiscalización,602,0.0001,"Actos ilícitos relacionados con bebidas alcohólicas, tabaco u otras sustancias sujetas a fiscalización",8051,0.0,Delitos de tráfico ilícito de migrantes,60222,0.0,"Producción, tráfico o distribución ilícitos de productos de tabaco"
14052,Conducción estado de ebriedad con o sin daños o lesiones leves,907,0.2257,Infracciones de tráfico no lesivas,2072,0.0731,Utilización de un vehículo bajo los efectos de sustancias psicoactivas,20729,0.0691,Utilización de un vehículo bajo los efectos de otras sustancias psicoactivas,6021,0.0494,"Producción, manipulación, posesión o uso ilícitos de productos alcohólicos",20722,0.0121,Utilización de un vehículo bajo los efectos de drogas ilícitas,60212,0.0064,"Producción, tráfico o distribución ilícitos de productos alcohólicos",602,0.0017,"Actos ilícitos relacionados con bebidas alcohólicas, tabaco u otras sustancias sujetas a fiscalización",6029,0.0012,"Otros actos ilícitos relacionados con bebidas alcohólicas, tabaco u otras sustancias sujetas a fiscalización"
14053,Expendio de bebidas alcohólicas,60212,0.2664,"Producción, tráfico o distribución ilícitos de productos alcohólicos",602,0.1393,"Actos ilícitos relacionados con bebidas alcohólicas, tabaco u otras sustancias sujetas a fiscalización",6021,0.1038,"Producción, manipulación, posesión o uso ilícitos de productos alcohólicos",60219,0.0941,"Otros actos ilícitos de producción, manipulación, posesión o uso de productos alcohólicos",6029,0.0532,"Otros actos ilícitos relacionados con bebidas alcohólicas, tabaco u otras sustancias sujetas a fiscalización",60211,0.0452,Posesión o uso ilícitos de productos alcohólicos,60121,0.039,Tráfico ilícito de drogas sujetas a fiscalización no destinadas al consumo personal,6012,0.0296,"Tráfico, cultivo o producción ilícitos de drogas o precursores sujetos a fiscalización no destinados al consumo personal"
14054,Consumo de bebidas alcohólicas en la vía pública,60212,0.0849,"Producción, tráfico o distribución ilícitos de productos alcohólicos",6021,0.0624,"Producción, manipulación, posesión o uso ilícitos de productos alcohólicos",907,0.0556,Infracciones de tráfico no lesivas,60211,0.0539,Posesión o uso ilícitos de productos alcohólicos,2072,0.0514,Utilización de un vehículo bajo los efectos de sustancias psicoactivas,602,0.0369,"Actos ilícitos relacionados con bebidas alcohólicas, tabaco u otras sustancias sujetas a fiscalización",60219,0.0319,"Otros actos ilícitos de producción, manipulación, posesión o uso de productos alcohólicos",60121,0.0158,Tráfico ilícito de drogas sujetas a fiscalización no destinadas al consumo personal
14055,Reclamo de clausura,806,0.0077,Actos contra el sistema de justicia,8062,0.0026,Incumplimiento de órdenes judiciales,2022,0.0007,Privación de libertad,20222,0.0007,Retención ilegal,1002,0.0005,Actos relacionados con el traslado o vertimiento de desechos,10021,0.0005,Actos relacionados con el traslado o vertimiento de desechos dentro de las fronteras nacionales,10022,0.0004,Actos relacionados con el traslado o vertimiento transfronterizos de desechos,8051,0.0004,Delitos de tráfico ilícito de migrantes
14056,Atentado a vehículo motorizado en circulación con objeto contundente u otro semejante,20729,0.0189,Utilización de un vehículo bajo los efectos de otras sustancias psicoactivas,10321,0.0136,Homicidio por tránsito vehicular,907,0.0109,Infracciones de tráfico no lesivas,2072,0.0048,Utilización de un vehículo bajo los efectos de sustancias psicoactivas,10322,0.0038,Homicidio no ocasionado por tránsito vehicular,50219,0.003,Otras formas de hurto de vehículos de motor o de sus piezas,504,0.0028,Daños a la propiedad,102,0.0001,Tentativa de homicidio intencional
14057,Conducir vehículo durante la vigencia de alguna sanción impuesta,907,0.0119,Infracciones de tráfico no lesivas,10321,0.0095,Homicidio por tránsito vehicular,2072,0.0038,Utilización de un vehículo bajo los efectos de sustancias psicoactivas,20729,0.002,Utilización de un vehículo bajo los efectos de otras sustancias psicoactivas,10091,0.0002,Actos contra los animales,60129,0.0002,"Otros actos ilícitos de tráfico, cultivo o producción de drogas o precursores sujetos a fiscalización no destinados al consumo personal",601,0.0001,Actos ilícitos relacionados con drogas o precursores sujetos a fiscalización,6012,0.0,"Tráfico, cultivo o producción ilícitos de drogas o precursores sujetos a fiscalización no destinados al consumo personal"
14060,Otros delitos contra la Ley de Tránsito,907,0.6633,Infracciones de tráfico no lesivas,10321,0.173,Homicidio por tránsito vehicular,1102,0.0872,Actos contrarios a las leyes u otras disposiciones sobre menores,11021,0.0647,Delitos en razón de la condición de menor de edad,1109,0.0593,Otros actos delictivos no clasificados en otra parte,60121,0.0069,Tráfico ilícito de drogas sujetas a fiscalización no destinadas al consumo personal,805,0.006,Actos relacionados con la migración,8051,0.0035,Delitos de tráfico ilícito de migrantes
14062,Falsificación medios de pago de transportes. Art. 196 quáter Ley 18.290,70211,0.8138,Falsificación de medios de pago en efectivo,7021,0.7022,Falsificación de medios de pago,70212,0.6976,Falsificación de medios de pago distintos del efectivo,702,0.3973,Falsificación,7023,0.1184,Actos de falsificación de documentos,907,0.0751,Infracciones de tráfico no lesivas,6019,0.0032,Otros actos ilícitos relacionados con drogas o precursores sujetos a fiscalización,601,0.0027,Actos ilícitos relacionados con drogas o precursores sujetos a fiscalización
14063,Falsificación de medios de pago de transporte. Art. 196 quinquies Ley del Tránsito,70211,0.913,Falsificación de medios de pago en efectivo,70212,0.8185,Falsificación de medios de pago distintos del efectivo,7021,0.7714,Falsificación de medios de pago,702,0.4376,Falsificación,7023,0.2978,Actos de falsificación de documentos,907,0.174,Infracciones de tráfico no lesivas,8051,0.0131,Delitos de tráfico ilícito de migrantes,601,0.0032,Actos ilícitos relacionados con drogas o precursores sujetos a fiscalización
14064,Comercialización de dispositivos falsificados,7029,0.3392,Otros actos de falsificación,702,0.2514,Falsificación,7021,0.2131,Falsificación de medios de pago,7022,0.1888,Delitos relacionados con productos falsificados,70212,0.1764,Falsificación de medios de pago distintos del efectivo,70211,0.1732,Falsificación de medios de pago en efectivo,7023,0.1359,Actos de falsificación de documentos,7019,0.0097,Otros actos de fraude
14065,Mal uso de información de medios tecnológicos de transporte público,903,0.0393,Actos contra sistemas informáticos,90322,0.0195,Injerencia ilícita en datos informáticos,9033,0.0162,Interceptación o acceso ilícitos a datos informáticos,9031,0.0129,Acceso ilícito a sistemas informáticos,90321,0.0087,Injerencia ilícita en sistemas informáticos,907,0.0066,Infracciones de tráfico no lesivas,9032,0.0047,Injerencia ilícita en sistemas o datos informáticos,1002,0.0007,Actos relacionados con el traslado o vertimiento de desechos
14066,Lesionar o amenazar a fiscalizador de transportes,201,0.7308,Agresiones y amenazas,907,0.3208,Infracciones de tráfico no lesivas,9021,0.3114,Actos contra la salud y la seguridad en el trabajo,8082,0.2811,Violaciones del derecho laboral individual,808,0.2257,Actos contrarios al derecho laboral,8051,0.1904,Delitos de tráfico ilícito de migrantes,902,0.0952,Actos contra la salud y la seguridad,10321,0.0088,Homicidio por tránsito vehicular
14087,Conducción en carreras no autorizadas con o sin daños o lesiones leves,907,0.2075,Infracciones de tráfico no lesivas,2063,0.0959,Negligencia relacionada con la conducción de un vehículo,20722,0.012,Utilización de un vehículo bajo los efectos de drogas ilícitas,2072,0.0115,Utilización de un vehículo bajo los efectos de sustancias psicoactivas,10321,0.0095,Homicidio por tránsito vehicular,20729,0.0091,Utilización de un vehículo bajo los efectos de otras sustancias psicoactivas,60129,0.0003,"Otros actos ilícitos de tráfico, cultivo o producción de drogas o precursores sujetos a fiscalización no destinados al consumo personal",6012,0.0001,"Tráfico, cultivo o producción ilícitos de drogas o precursores sujetos a fiscalización no destinados al consumo personal"
14088,Conducción en carreras no autorizadas causando lesiones menos graves o graves,2063,0.3125,Negligencia relacionada con la conducción de un vehículo,907,0.2741,Infracciones de tráfico no lesivas,10321,0.1431,Homicidio por tránsito vehicular,20729,0.0193,Utilización de un vehículo bajo los efectos de otras sustancias psicoactivas,20722,0.0164,Utilización de un vehículo bajo los efectos de drogas ilícitas,2072,0.0151,Utilización de un vehículo bajo los efectos de sustancias psicoactivas,1102,0.0005,Actos contrarios a las leyes u otras disposiciones sobre menores,60129,0.0002,"Otros actos ilícitos de tráfico, cultivo o producción de drogas o precursores sujetos a fiscalización no destinados al consumo personal"
14089,Conducción en carreras no autorizadas causando lesiones gravísimas o la muerte,907,0.4565,Infracciones de tráfico no lesivas,10321,0.2991,Homicidio por tránsito vehicular,2063,0.2556,Negligencia relacionada con la conducción de un vehículo,10322,0.2301,Homicidio no ocasionado por tránsito vehicular,1032,0.0854,Homicidio culposo,20729,0.0498,Utilización de un vehículo bajo los efectos de otras sustancias psicoactivas,2072,0.0446,Utilización de un vehículo bajo los efectos de sustancias psicoactivas,20722,0.0282,Utilización de un vehículo bajo los efectos de drogas ilícitas
14090,Organizar carreras no autorizadas,907,0.0017,Infracciones de tráfico no lesivas,8051,0.0013,Delitos de tráfico ilícito de migrantes,601,0.0002,Actos ilícitos relacionados con drogas o precursores sujetos a fiscalización,60121,0.0001,Tráfico ilícito de drogas sujetas a fiscalización no destinadas al consumo personal,60129,0.0001,"Otros actos ilícitos de tráfico, cultivo o producción de drogas o precursores sujetos a fiscalización no destinados al consumo personal",805,0.0,Actos relacionados con la migración,6012,0.0,"Tráfico, cultivo o producción ilícitos de drogas o precursores sujetos a fiscalización no destinados al consumo personal",602,0.0,"Actos ilícitos relacionados con bebidas alcohólicas, tabaco u otras sustancias sujetas a fiscalización"
14091,Facilitar vehículos motorizados para la participación en carreras clandestinas,907,0.0003,Infracciones de tráfico no lesivas,20722,0.0,Utilización de un vehículo bajo los efectos de drogas ilícitas,2072,0.0,Utilización de un vehículo bajo los efectos de sustancias psicoactivas,8051,0.0,Delitos de tráfico ilícito de migrantes,60129,0.0,"Otros actos ilícitos de tráfico, cultivo o producción de drogas o precursores sujetos a fiscalización no destinados al consumo personal",60121,0.0,Tráfico ilícito de drogas sujetas a fiscalización no destinadas al consumo personal,6012,0.0,"Tráfico, cultivo o producción ilícitos de drogas o precursores sujetos a fiscalización no destinados al consumo personal",601,0.0,Actos ilícitos relacionados con drogas o precursores sujetos a fiscalización
14092,Sobrepasar en 60 km/h los límites fijados de velocidad máxima,907,0.1019,Infracciones de tráfico no lesivas,10321,0.0089,Homicidio por tránsito vehicular,20729,0.0045,Utilización de un vehículo bajo los efectos de otras sustancias psicoactivas,2072,0.0025,Utilización de un vehículo bajo los efectos de sustancias psicoactivas,11021,0.0009,Delitos en razón de la condición de menor de edad,60212,0.0005,"Producción, tráfico o distribución ilícitos de productos alcohólicos",60121,0.0003,Tráfico ilícito de drogas sujetas a fiscalización no destinadas al consumo personal,602,0.0,"Actos ilícitos relacionados con bebidas alcohólicas, tabaco u otras sustancias sujetas a fiscalización"
14099,Otras faltas contra la Ley de Alcoholes,60212,0.7395,"Producción, tráfico o distribución ilícitos de productos alcohólicos",6021,0.5046,"Producción, manipulación, posesión o uso ilícitos de productos alcohólicos",60219,0.2026,"Otros actos ilícitos de producción, manipulación, posesión o uso de productos alcohólicos",602,0.0527,"Actos ilícitos relacionados con bebidas alcohólicas, tabaco u otras sustancias sujetas a fiscalización",11021,0.0378,Delitos en razón de la condición de menor de edad,60129,0.0161,"Otros actos ilícitos de tráfico, cultivo o producción de drogas o precursores sujetos a fiscalización no destinados al consumo personal",907,0.008,Infracciones de tráfico no lesivas,60121,0.0047,Tráfico ilícito de drogas sujetas a fiscalización no destinadas al consumo personal
15001,Ley 18.314 de Conductas Terroristas,906,0.2061,Terrorismo,9069,0.1949,Otros actos relacionados con las actividades de un grupo terrorista,11016,0.0613,Crimen de agresión,9061,0.0253,Participación en un grupo terrorista,11013,0.0085,Crímenes de guerra,905,0.0063,Actos relacionados con grupos delictivos organizados,8063,0.0059,Intención delictiva,104,0.0004,Suicidio asistido o incitación al suicidio
15002,Crímenes y simples delitos seguridad interior del Estado,908,0.6808,Otros actos contra la seguridad pública y la seguridad del Estado,904,0.5302,Actos contra la seguridad del Estado,102,0.4792,Tentativa de homicidio intencional,8011,0.4243,Delitos relacionados con la alteración violenta del orden público,8063,0.3969,Intención delictiva,90321,0.3854,Injerencia ilícita en sistemas informáticos,107,0.2443,Homicidio ilícito relacionado con conflictos armados,11013,0.0246,Crímenes de guerra
15003,Crímenes y simples delitos contra la soberanía nacional y seguridad exterior del Estado,908,0.911,Otros actos contra la seguridad pública y la seguridad del Estado,409,0.5625,Otros actos contra la propiedad que entrañan violencia o amenaza de violencia contra las personas,904,0.3497,Actos contra la seguridad del Estado,8063,0.0607,Intención delictiva,11013,0.0218,Crímenes de guerra,110131,0.0051,Homicidio o tentativa de causar la muerte o lesiones graves de forma ilícita en conflictos armados,110132,0.0029,Destrucción o daños ilícitos a la propiedad en relación con conflictos armados,11012,0.0009,Piratería
15007,Delitos de la Ley de Seguridad Interior del Estado contra el orden público y la normalidad de las actividades nacionales,801,0.3024,Actos contrarios a las normas de conducta orientadas al mantenimiento del orden público,8019,0.2663,Otros actos contrarios a las normas de conducta orientadas al mantenimiento del orden público,8011,0.2598,Delitos relacionados con la alteración violenta del orden público,8012,0.2451,Actos relacionados con las normas y preceptos sociales y religiosos orientados al mantenimiento del orden público,802,0.0692,Actos contrarios a las normas de conducta sexual orientadas al mantenimiento del orden público,905,0.0271,Actos relacionados con grupos delictivos organizados,8062,0.0155,Incumplimiento de órdenes judiciales,8029,0.0027,Otros actos contrarios a las normas de conducta sexual orientadas al mantenimiento del orden público
16400,Difusión indebida de entrevista videograbada,3011,0.0129,Violación,30113,0.0046,Violación por presunción legal,30223,0.0035,Captación de menores con fines sexuales,30229,0.0022,Otras formas de explotación sexual de menores,30221,0.0015,Pornografía infantil,2021,0.0011,Secuestro de menores,30222,0.0005,Prostitución infantil,3022,0.0004,Explotación sexual de menores
16401,Peleas de animales como espectáculos,10091,0.2356,Actos contra los animales,10032,0.0829,Comercio o posesión de especies animales prohibidas o controladas,219,0.0727,Otros actos que causan daños o que tienen la intención de causar daños a las personas,8011,0.0696,Delitos relacionados con la alteración violenta del orden público,8022,0.0108,Delitos de pornografía,802,0.0056,Actos contrarios a las normas de conducta sexual orientadas al mantenimiento del orden público,8029,0.0019,Otros actos contrarios a las normas de conducta sexual orientadas al mantenimiento del orden público,8021,0.0009,Delitos de prostitución
16402,Delitos del D.L. 3538 de 1979 que regula mercado financiero,8045,0.3377,Manipulación del mercado o utilización indebida de información privilegiada,7049,0.1541,Otros actos relacionados con el producto del delito,8042,0.1101,Actos contrarios a disposiciones comerciales o financieras,704,0.0528,Actos relacionados con el producto del delito,602,0.0378,"Actos ilícitos relacionados con bebidas alcohólicas, tabaco u otras sustancias sujetas a fiscalización",1102,0.0278,Actos contrarios a las leyes u otras disposiciones sobre menores,601,0.0227,Actos ilícitos relacionados con drogas o precursores sujetos a fiscalización,7011,0.012,Fraude financiero
16403,Asociación ilícita para comercio ilegal,704,0.1015,Actos relacionados con el producto del delito,7022,0.086,Delitos relacionados con productos falsificados,8042,0.0844,Actos contrarios a disposiciones comerciales o financieras,60229,0.0513,"Otros actos ilícitos de producción, manipulación, posesión o uso de productos de tabaco",602,0.0469,"Actos ilícitos relacionados con bebidas alcohólicas, tabaco u otras sustancias sujetas a fiscalización",8063,0.0407,Intención delictiva,601,0.0318,Actos ilícitos relacionados con drogas o precursores sujetos a fiscalización,503,0.0065,Delitos contra la propiedad intelectual
17001,Delitos que comprometen relaciones internacionales,1109,0.0193,Otros actos delictivos no clasificados en otra parte,11013,0.0046,Crímenes de guerra,1101,0.0028,Actos bajo jurisdicción universal,2119,0.0028,Otras transgresiones contra las personas,805,0.0019,Actos relacionados con la migración,11019,0.0012,Otros actos bajo jurisdicción universal,8059,0.0011,Otros actos ilícitos relacionados con la migración,104,0.0001,Suicidio asistido o incitación al suicidio
18001,Expendio de bebidas alcohólicas a menores,60212,0.3989,"Producción, tráfico o distribución ilícitos de productos alcohólicos",60219,0.3017,"Otros actos ilícitos de producción, manipulación, posesión o uso de productos alcohólicos",6021,0.2821,"Producción, manipulación, posesión o uso ilícitos de productos alcohólicos",11021,0.2731,Delitos en razón de la condición de menor de edad,60211,0.0566,Posesión o uso ilícitos de productos alcohólicos,602,0.0529,"Actos ilícitos relacionados con bebidas alcohólicas, tabaco u otras sustancias sujetas a fiscalización",1102,0.041,Actos contrarios a las leyes u otras disposiciones sobre menores,30113,0.0005,Violación por presunción legal
18002,Otorgamiento de patentes de alcoholes,6021,0.5673,"Producción, manipulación, posesión o uso ilícitos de productos alcohólicos",60212,0.3971,"Producción, tráfico o distribución ilícitos de productos alcohólicos",60219,0.3701,"Otros actos ilícitos de producción, manipulación, posesión o uso de productos alcohólicos",60211,0.3439,Posesión o uso ilícitos de productos alcohólicos,602,0.241,"Actos ilícitos relacionados con bebidas alcohólicas, tabaco u otras sustancias sujetas a fiscalización",6029,0.2266,"Otros actos ilícitos relacionados con bebidas alcohólicas, tabaco u otras sustancias sujetas a fiscalización",601,0.0824,Actos ilícitos relacionados con drogas o precursores sujetos a fiscalización,6019,0.0202,Otros actos ilícitos relacionados con drogas o precursores sujetos a fiscalización
18003,Divulgación de datos militantes de partidos políticos,803,0.0562,Actos relacionados con la libertad de expresión o el control de la expresión,8032,0.0362,Actos relacionados con expresiones de creencias y normas sociales controladas,807,0.0243,Actos relacionados con las elecciones democráticas,80329,0.0242,Otros actos relacionados con expresiones de creencias y normas sociales controladas,903,0.0042,Actos contra sistemas informáticos,90322,0.0041,Injerencia ilícita en datos informáticos,9033,0.0031,Interceptación o acceso ilícitos a datos informáticos,9032,0.0006,Injerencia ilícita en sistemas o datos informáticos
20001,"Envío de explosivos, homicidio, lesiones y secuestros terroristas",9069,0.228,Otros actos relacionados con las actividades de un grupo terrorista,906,0.0809,Terrorismo,9061,0.0709,Participación en un grupo terrorista,102,0.0518,Tentativa de homicidio intencional,110131,0.0428,Homicidio o tentativa de causar la muerte o lesiones graves de forma ilícita en conflictos armados,8063,0.0332,Intención delictiva,104,0.0164,Suicidio asistido o incitación al suicidio,11013,0.0045,Crímenes de guerra
20002,Apoderamiento o atentado al transporte público,9069,0.7977,Otros actos relacionados con las actividades de un grupo terrorista,11012,0.3648,Piratería,20223,0.2964,Secuestro de vehículos,902,0.245,Actos contra la salud y la seguridad,8063,0.2257,Intención delictiva,906,0.2127,Terrorismo,102,0.1107,Tentativa de homicidio intencional,9061,0.0509,Participación en un grupo terrorista
20003,Atentado terrorista contra Jefe de Estado o autoridad pública,906,0.8494,Terrorismo,9069,0.8266,Otros actos relacionados con las actividades de un grupo terrorista,9061,0.793,Participación en un grupo terrorista,8063,0.7375,Intención delictiva,102,0.6067,Tentativa de homicidio intencional,904,0.0454,Actos contra la seguridad del Estado,101,0.0173,Homicidio intencional,110131,0.0063,Homicidio o tentativa de causar la muerte o lesiones graves de forma ilícita en conflictos armados
20004,Atentado terrorista explosivo o incendiario,9069,0.6364,Otros actos relacionados con las actividades de un grupo terrorista,102,0.5493,Tentativa de homicidio intencional,906,0.5184,Terrorismo,104,0.4966,Suicidio asistido o incitación al suicidio,9061,0.3993,Participación en un grupo terrorista,110131,0.0468,Homicidio o tentativa de causar la muerte o lesiones graves de forma ilícita en conflictos armados,101,0.0398,Homicidio intencional,11013,0.0005,Crímenes de guerra
20005,Asociación ilícita terrorista,906,0.6977,Terrorismo,9061,0.5699,Participación en un grupo terrorista,9069,0.5459,Otros actos relacionados con las actividades de un grupo terrorista,102,0.4277,Tentativa de homicidio intencional,905,0.4103,Actos relacionados con grupos delictivos organizados,8063,0.3762,Intención delictiva,104,0.2589,Suicidio asistido o incitación al suicidio,9059,0.0268,Otros actos relacionados con grupos delictivos organizados
20006,Recaudar o proveer fondos para la comisión de delitos terroristas por persona natural. Art. 8 Ley 18.314,9062,0.0428,Financiación del terrorismo,9069,0.0324,Otros actos relacionados con las actividades de un grupo terrorista,906,0.0264,Terrorismo,8063,0.0188,Intención delictiva,905,0.0144,Actos relacionados con grupos delictivos organizados,9061,0.0081,Participación en un grupo terrorista,11013,0.0021,Crímenes de guerra,104,0.002,Suicidio asistido o incitación al suicidio
20007,Recaudar o proveer fondos para la comisión de delitos terroristas por persona jurídica,9062,0.0668,Financiación del terrorismo,9069,0.0513,Otros actos relacionados con las actividades de un grupo terrorista,906,0.024,Terrorismo,8063,0.0095,Intención delictiva,9061,0.0069,Participación en un grupo terrorista,9059,0.0051,Otros actos relacionados con grupos delictivos organizados,905,0.0023,Actos relacionados con grupos delictivos organizados,104,0.0003,Suicidio asistido o incitación al suicidio
20017,Terrorismo individual que adhiere a los fines,9069,0.4797,Otros actos relacionados con las actividades de un grupo terrorista,906,0.1536,Terrorismo,9062,0.0814,Financiación del terrorismo,9061,0.0533,Participación en un grupo terrorista,8063,0.0123,Intención delictiva,102,0.0073,Tentativa de homicidio intencional,905,0.0005,Actos relacionados con grupos delictivos organizados,104,0.0002,Suicidio asistido o incitación al suicidio
20018,Terrorismo individual sin adherencia,9069,0.7038,Otros actos relacionados con las actividades de un grupo terrorista,906,0.457,Terrorismo,9061,0.3845,Participación en un grupo terrorista,9062,0.0768,Financiación del terrorismo,102,0.008,Tentativa de homicidio intencional,8011,0.0032,Delitos relacionados con la alteración violenta del orden público,905,0.0021,Actos relacionados con grupos delictivos organizados,104,0.0002,Suicidio asistido o incitación al suicidio
20019,Favorecer acciones terroristas,9069,0.4522,Otros actos relacionados con las actividades de un grupo terrorista,906,0.1618,Terrorismo,9061,0.1149,Participación en un grupo terrorista,11016,0.0608,Crimen de agresión,8063,0.0578,Intención delictiva,9062,0.0523,Financiación del terrorismo,905,0.0096,Actos relacionados con grupos delictivos organizados,104,0.0094,Suicidio asistido o incitación al suicidio
20020,Proveer o recolectar fondos para la comisión de delitos terroristas,704,0.5713,Actos relacionados con el producto del delito,9062,0.3962,Financiación del terrorismo,9069,0.2349,Otros actos relacionados con las actividades de un grupo terrorista,8063,0.2007,Intención delictiva,9061,0.1935,Participación en un grupo terrorista,906,0.107,Terrorismo,905,0.0283,Actos relacionados con grupos delictivos organizados,104,0.0034,Suicidio asistido o incitación al suicidio
20021,Conspiración terrorista,9069,0.8989,Otros actos relacionados con las actividades de un grupo terrorista,9061,0.5085,Participación en un grupo terrorista,8064,0.4999,Conspiración,906,0.3594,Terrorismo,8063,0.0261,Intención delictiva,904,0.0209,Actos contra la seguridad del Estado,102,0.016,Tentativa de homicidio intencional,104,0.0017,Suicidio asistido o incitación al suicidio
20022,Incitación terrorista,9069,0.4642,Otros actos relacionados con las actividades de un grupo terrorista,9061,0.1555,Participación en un grupo terrorista,906,0.0575,Terrorismo,8063,0.0562,Intención delictiva,11016,0.0555,Crimen de agresión,80322,0.0478,Violaciones de las normas sobre intolerancia e incitación al odio,102,0.019,Tentativa de homicidio intencional,104,0.0085,Suicidio asistido o incitación al suicidio
20099,Otros Ley 18.314,1109,0.0435,Otros actos delictivos no clasificados en otra parte,906,0.0237,Terrorismo,9069,0.0098,Otros actos relacionados con las actividades de un grupo terrorista,8063,0.0032,Intención delictiva,11019,0.002,Otros actos bajo jurisdicción universal,11013,0.0012,Crímenes de guerra,9059,0.001,Otros actos relacionados con grupos delictivos organizados,104,0.0002,Suicidio asistido o incitación al suicidio
21001,Injurias y calumnias por medios de comunicación social,209,0.1301,Difamación o insulto,2099,0.0397,Otras formas de difamación o insulto,2092,0.0165,Difamación o insulto debido a las creencias o valores que se le imputan a la víctima,8032,0.0039,Actos relacionados con expresiones de creencias y normas sociales controladas,803,0.0032,Actos relacionados con la libertad de expresión o el control de la expresión,80329,0.0018,Otros actos relacionados con expresiones de creencias y normas sociales controladas,8039,0.0017,Otros actos relacionados con la libertad de expresión o el control de la expresión,8031,0.0013,Actos contra la libertad de expresión
21002,Ultraje público a las buenas costumbres por medios de comunicación social,8032,0.9129,Actos relacionados con expresiones de creencias y normas sociales controladas,80321,0.9066,Violaciones de las normas sobre creencias u opiniones religiosas,802,0.9041,Actos contrarios a las normas de conducta sexual orientadas al mantenimiento del orden público,80322,0.9007,Violaciones de las normas sobre intolerancia e incitación al odio,8012,0.4552,Actos relacionados con las normas y preceptos sociales y religiosos orientados al mantenimiento del orden público,8029,0.063,Otros actos contrarios a las normas de conducta sexual orientadas al mantenimiento del orden público,8022,0.0512,Delitos de pornografía,8021,0.0396,Delitos de prostitución
21003,Divulgación de identidad de menores por medios de comunicación social,11021,0.1563,Delitos en razón de la condición de menor de edad,1102,0.0229,Actos contrarios a las leyes u otras disposiciones sobre menores,30221,0.0167,Pornografía infantil,30223,0.016,Captación de menores con fines sexuales,2021,0.0118,Secuestro de menores,3022,0.009,Explotación sexual de menores,30229,0.0046,Otras formas de explotación sexual de menores,30113,0.0021,Violación por presunción legal
21099,Otras faltas y delitos de la Ley 19.733,210,0.331,Discriminación,11015,0.0616,Crímenes de lesa humanidad,2092,0.0239,Difamación o insulto debido a las creencias o valores que se le imputan a la víctima,80322,0.0233,Violaciones de las normas sobre intolerancia e incitación al odio,209,0.0131,Difamación o insulto,80321,0.0072,Violaciones de las normas sobre creencias u opiniones religiosas,80329,0.006,Otros actos relacionados con expresiones de creencias y normas sociales controladas,8032,0.005,Actos relacionados con expresiones de creencias y normas sociales controladas
22100,Maltrato habitual (violencia intrafamiliar),3011,0.0137,Violación,301,0.0034,Violencia sexual,3012,0.0028,Agresión sexual,20292,0.0005,Matrimonio forzado,20212,0.0003,Secuestro por otro familiar,11013,0.0003,Crímenes de guerra,101,0.0002,Homicidio intencional,20211,0.0001,Secuestro por progenitores
22101,Incumplimiento reiterado de pago de pensión alimenticia,8062,0.0686,Incumplimiento de órdenes judiciales,3011,0.0371,Violación,806,0.0315,Actos contra el sistema de justicia,104,0.0211,Suicidio asistido o incitación al suicidio,11021,0.0153,Delitos en razón de la condición de menor de edad,20619,0.0069,Otras formas de negligencia en situaciones de personas bajo cuidado,101,0.0003,Homicidio intencional,30113,0.0002,Violación por presunción legal
22200,Crímenes lesa humanidad y genocidio Ley 20.357,11015,0.8999,Crímenes de lesa humanidad,11013,0.5813,Crímenes de guerra,110134,0.452,Actos contra la libertad o la dignidad humana en relación con conflictos armados,11014,0.3654,Genocidio,110131,0.2204,Homicidio o tentativa de causar la muerte o lesiones graves de forma ilícita en conflictos armados,107,0.1834,Homicidio ilícito relacionado con conflictos armados,101,0.0395,Homicidio intencional,1031,0.0203,Homicidio no culposo
22300,Ley Responsabilidad Penal Personas jurídicas Ley 20.393,20619,0.0506,Otras formas de negligencia en situaciones de personas bajo cuidado,804,0.0455,Actos contrarios a las disposiciones relativas a los ingresos públicos u otras disposiciones regulatorias,2061,0.0325,Negligencia en situaciones de personas bajo cuidado,8042,0.0157,Actos contrarios a disposiciones comerciales o financieras,207,0.0065,Actos peligrosos,602,0.0042,"Actos ilícitos relacionados con bebidas alcohólicas, tabaco u otras sustancias sujetas a fiscalización",601,0.0038,Actos ilícitos relacionados con drogas o precursores sujetos a fiscalización,1102,0.0031,Actos contrarios a las leyes u otras disposiciones sobre menores
22400,Infracciones a la Ley de Administración Provisional de Sostenedores Educacionales,8019,0.0125,Otros actos contrarios a las normas de conducta orientadas al mantenimiento del orden público,809,0.0074,"Otros actos contra el orden público, la autoridad y las disposiciones del Estado",801,0.0074,Actos contrarios a las normas de conducta orientadas al mantenimiento del orden público,903,0.0058,Actos contra sistemas informáticos,8061,0.002,Obstrucción de la justicia,2021,0.0019,Secuestro de menores,806,0.0014,Actos contra el sistema de justicia,8062,0.0007,Incumplimiento de órdenes judiciales
22401,Infracciones al sistema de aseguramiento de la calidad de la educación (lucro en la educación),7019,0.0138,Otros actos de fraude,11021,0.0111,Delitos en razón de la condición de menor de edad,8041,0.0078,Actos contrarios a las disposiciones relativas a los ingresos públicos,804,0.0014,Actos contrarios a las disposiciones relativas a los ingresos públicos u otras disposiciones regulatorias,8061,0.0008,Obstrucción de la justicia,806,0.0006,Actos contra el sistema de justicia,6019,0.0,Otros actos ilícitos relacionados con drogas o precursores sujetos a fiscalización,601,0.0,Actos ilícitos relacionados con drogas o precursores sujetos a fiscalización
22403,Desempeñar funciones de vigilantes privados fuera de los casos contemplados en esta ley.,9011,0.1972,Posesión o uso de armas y explosivos,90112,0.1574,Posesión o uso ilícitos de otras armas o explosivos,903,0.1194,Actos contra sistemas informáticos,90111,0.1172,Posesión o uso ilícitos de armas de fuego,908,0.1102,Otros actos contra la seguridad pública y la seguridad del Estado,905,0.1019,Actos relacionados con grupos delictivos organizados,904,0.0528,Actos contra la seguridad del Estado,11012,0.0181,Piratería
22404,Infracción para servidores públicos por divulgación de información reservada,90321,0.0092,Injerencia ilícita en sistemas informáticos,903,0.0073,Actos contra sistemas informáticos,9033,0.0049,Interceptación o acceso ilícitos a datos informáticos,9031,0.0041,Acceso ilícito a sistemas informáticos,90322,0.0035,Injerencia ilícita en datos informáticos,9032,0.0028,Injerencia ilícita en sistemas o datos informáticos,2022,0.0009,Privación de libertad,2021,0.0004,Secuestro de menores
22405,Infracción al deber de reserva,903,0.4661,Actos contra sistemas informáticos,2022,0.0141,Privación de libertad,90321,0.0077,Injerencia ilícita en sistemas informáticos,2021,0.0059,Secuestro de menores,904,0.0033,Actos contra la seguridad del Estado,9033,0.0008,Interceptación o acceso ilícitos a datos informáticos,90322,0.0006,Injerencia ilícita en datos informáticos,9032,0.0004,Injerencia ilícita en sistemas o datos informáticos
22410,Ocultación o entrega de información falsa a Fiscalía Nacional Económica,7019,0.0346,Otros actos de fraude,8045,0.0185,Manipulación del mercado o utilización indebida de información privilegiada,701,0.008,Fraude,709,0.003,"Otros actos que conllevan fraude, engaño o corrupción",70111,0.0028,Fraude financiero contra el Estado,90322,0.0012,Injerencia ilícita en datos informáticos,8042,0.0007,Actos contrarios a disposiciones comerciales o financieras,6019,0.0001,Otros actos ilícitos relacionados con drogas o precursores sujetos a fiscalización
22411,Colusión,704,0.019,Actos relacionados con el producto del delito,8045,0.0051,Manipulación del mercado o utilización indebida de información privilegiada,8042,0.0038,Actos contrarios a disposiciones comerciales o financieras,7039,0.0021,Otros actos de corrupción,8061,0.0007,Obstrucción de la justicia,806,0.0007,Actos contra el sistema de justicia,3011,0.0005,Violación,8021,0.0002,Delitos de prostitución
22412,Tráfico de residuos peligrosos (Ley 20.920),60222,0.1324,"Producción, tráfico o distribución ilícitos de productos de tabaco",6012,0.0402,"Tráfico, cultivo o producción ilícitos de drogas o precursores sujetos a fiscalización no destinados al consumo personal",10021,0.0308,Actos relacionados con el traslado o vertimiento de desechos dentro de las fronteras nacionales,60129,0.0304,"Otros actos ilícitos de tráfico, cultivo o producción de drogas o precursores sujetos a fiscalización no destinados al consumo personal",90129,0.0275,Otros actos relacionados con el tráfico de armas y explosivos,1002,0.0272,Actos relacionados con el traslado o vertimiento de desechos,10022,0.026,Actos relacionados con el traslado o vertimiento transfronterizos de desechos,60121,0.0186,Tráfico ilícito de drogas sujetas a fiscalización no destinadas al consumo personal
22413,Falsificación de rótulos o certificados,7029,0.7935,Otros actos de falsificación,702,0.5248,Falsificación,7023,0.3125,Actos de falsificación de documentos,70211,0.1716,Falsificación de medios de pago en efectivo,70212,0.1643,Falsificación de medios de pago distintos del efectivo,7021,0.1352,Falsificación de medios de pago,7022,0.0722,Delitos relacionados con productos falsificados,6019,0.0367,Otros actos ilícitos relacionados con drogas o precursores sujetos a fiscalización
22499,Otros delitos D.L. 211,11021,0.0943,Delitos en razón de la condición de menor de edad,1109,0.0573,Otros actos delictivos no clasificados en otra parte,8042,0.0433,Actos contrarios a disposiciones comerciales o financieras,1102,0.0281,Actos contrarios a las leyes u otras disposiciones sobre menores,11029,0.0118,Otros actos contrarios a las leyes u otras disposiciones sobre menores,104,0.0037,Suicidio asistido o incitación al suicidio,2109,0.0034,Otras formas de discriminación,11019,0.003,Otros actos bajo jurisdicción universal
22500,Infracciones a la inversión extranjera directa en Chile. Ley 20.848,8059,0.0323,Otros actos ilícitos relacionados con la migración,804,0.0184,Actos contrarios a las disposiciones relativas a los ingresos públicos u otras disposiciones regulatorias,805,0.0178,Actos relacionados con la migración,8041,0.0135,Actos contrarios a las disposiciones relativas a los ingresos públicos,8042,0.0095,Actos contrarios a disposiciones comerciales o financieras,7011,0.0033,Fraude financiero,8051,0.0018,Delitos de tráfico ilícito de migrantes,601,0.0011,Actos ilícitos relacionados con drogas o precursores sujetos a fiscalización
22600,Desatender el llamado a reclutamiento D.L. 2306,110135,0.0031,Reclutamiento o alistamiento de niños como soldados,8061,0.0012,Obstrucción de la justicia,204,0.0007,Trata de personas,806,0.0005,Actos contra el sistema de justicia,907,0.0001,Infracciones de tráfico no lesivas,30222,0.0001,Prostitución infantil,903,0.0,Actos contra sistemas informáticos,8062,0.0,Incumplimiento de órdenes judiciales
22601,Remisos (reclutamiento) D.L.2306,110135,0.016,Reclutamiento o alistamiento de niños como soldados,904,0.0031,Actos contra la seguridad del Estado,20222,0.0009,Retención ilegal,806,0.0006,Actos contra el sistema de justicia,110134,0.0006,Actos contra la libertad o la dignidad humana en relación con conflictos armados,903,0.0004,Actos contra sistemas informáticos,10021,0.0003,Actos relacionados con el traslado o vertimiento de desechos dentro de las fronteras nacionales,8062,0.0001,Incumplimiento de órdenes judiciales
22700,Infracciones Ley 21.063 que crea un seguro para el acompañamiento de niños y niñas que padezcan ciertas enfermedades,20611,0.009,Negligencia en situaciones de menores bajo cuidado,1102,0.0034,Actos contrarios a las leyes u otras disposiciones sobre menores,902,0.0033,Actos contra la salud y la seguridad,20619,0.002,Otras formas de negligencia en situaciones de personas bajo cuidado,601,0.0003,Actos ilícitos relacionados con drogas o precursores sujetos a fiscalización,104,0.0002,Suicidio asistido o incitación al suicidio,602,0.0002,"Actos ilícitos relacionados con bebidas alcohólicas, tabaco u otras sustancias sujetas a fiscalización",106,0.0001,Feticidio ilegal
22800,Infracciones a la Ley 21.075 sobre el mal uso de aguas grises,10019,0.8084,Otros actos que causan contaminación o degradación del medio ambiente,10012,0.7411,Actos que causan la contaminación o degradación del agua,2071,0.6669,Actos que ponen en peligro la salud,1001,0.2664,Actos que causan contaminación o degradación del medio ambiente,602,0.0129,"Actos ilícitos relacionados con bebidas alcohólicas, tabaco u otras sustancias sujetas a fiscalización",1002,0.0115,Actos relacionados con el traslado o vertimiento de desechos,10022,0.0106,Actos relacionados con el traslado o vertimiento transfronterizos de desechos,10021,0.0054,Actos relacionados con el traslado o vertimiento de desechos dentro de las fronteras nacionales
22900,Infracciones a la Ley 21.086 que perfecciona los beneficios otorgados a bomberos,701,0.0696,Fraude,804,0.0089,Actos contrarios a las disposiciones relativas a los ingresos públicos u otras disposiciones regulatorias,1102,0.0078,Actos contrarios a las leyes u otras disposiciones sobre menores,907,0.0054,Infracciones de tráfico no lesivas,2109,0.0048,Otras formas de discriminación,602,0.0026,"Actos ilícitos relacionados con bebidas alcohólicas, tabaco u otras sustancias sujetas a fiscalización",104,0.0009,Suicidio asistido o incitación al suicidio,7035,0.0007,Enriquecimiento ilícito
23000,Infracciones a la Ley de Educación Superior,2021,0.8512,Secuestro de menores,903,0.8428,Actos contra sistemas informáticos,1102,0.8134,Actos contrarios a las leyes u otras disposiciones sobre menores,802,0.7126,Actos contrarios a las normas de conducta sexual orientadas al mantenimiento del orden público,90322,0.0517,Injerencia ilícita en datos informáticos,806,0.0032,Actos contra el sistema de justicia,9032,0.0017,Injerencia ilícita en sistemas o datos informáticos,8062,0.0006,Incumplimiento de órdenes judiciales
23100,Infracciones a la Ley sobre Protección al Consumidor,11029,0.2823,Otros actos contrarios a las leyes u otras disposiciones sobre menores,8069,0.2152,Otros actos contra el sistema de justicia,11021,0.1794,Delitos en razón de la condición de menor de edad,8042,0.0737,Actos contrarios a disposiciones comerciales o financieras,1102,0.0598,Actos contrarios a las leyes u otras disposiciones sobre menores,503,0.0407,Delitos contra la propiedad intelectual,907,0.0316,Infracciones de tráfico no lesivas,602,0.0188,"Actos ilícitos relacionados con bebidas alcohólicas, tabaco u otras sustancias sujetas a fiscalización"
23200,Infracciones a la Ley 19.132 sobre TVN,11029,0.2281,Otros actos contrarios a las leyes u otras disposiciones sobre menores,1102,0.0382,Actos contrarios a las leyes u otras disposiciones sobre menores,503,0.0113,Delitos contra la propiedad intelectual,3011,0.0094,Violación,907,0.0076,Infracciones de tráfico no lesivas,80321,0.0035,Violaciones de las normas sobre creencias u opiniones religiosas,803,0.0021,Actos relacionados con la libertad de expresión o el control de la expresión,8062,0.0002,Incumplimiento de órdenes judiciales
23300,Infracciones a la Ley 18.287 sobre Juzgado de Policía Local,11021,0.156,Delitos en razón de la condición de menor de edad,907,0.0534,Infracciones de tráfico no lesivas,60222,0.0087,"Producción, tráfico o distribución ilícitos de productos de tabaco",1102,0.0069,Actos contrarios a las leyes u otras disposiciones sobre menores,805,0.0032,Actos relacionados con la migración,601,0.002,Actos ilícitos relacionados con drogas o precursores sujetos a fiscalización,8062,0.0008,Incumplimiento de órdenes judiciales,602,0.0006,"Actos ilícitos relacionados con bebidas alcohólicas, tabaco u otras sustancias sujetas a fiscalización"
23400,Infracciones a la Ley 19.220 sobre establecimiento de bolsas de productos agropecuarios,8042,0.0508,Actos contrarios a disposiciones comerciales o financieras,7022,0.05,Delitos relacionados con productos falsificados,602,0.0107,"Actos ilícitos relacionados con bebidas alcohólicas, tabaco u otras sustancias sujetas a fiscalización",601,0.0103,Actos ilícitos relacionados con drogas o precursores sujetos a fiscalización,60222,0.0099,"Producción, tráfico o distribución ilícitos de productos de tabaco",6012,0.0099,"Tráfico, cultivo o producción ilícitos de drogas o precursores sujetos a fiscalización no destinados al consumo personal",60129,0.0092,"Otros actos ilícitos de tráfico, cultivo o producción de drogas o precursores sujetos a fiscalización no destinados al consumo personal",60123,0.0021,Cultivo ilícito de drogas sujetas a fiscalización no destinadas al consumo personal
23500,Infracciones a la Ley de Identidad de Género,3011,0.23,Violación,301,0.1529,Violencia sexual,1102,0.0518,Actos contrarios a las leyes u otras disposiciones sobre menores,2109,0.0317,Otras formas de discriminación,802,0.0257,Actos contrarios a las normas de conducta sexual orientadas al mantenimiento del orden público,211,0.0246,Transgresiones contra las personas,30113,0.021,Violación por presunción legal,2029,0.0192,Otros actos contra la libertad
23600,Financiamiento ilegal de candidaturas o de partidos políticos,8079,0.2237,Otros actos relacionados con las elecciones democráticas,7039,0.1806,Otros actos de corrupción,807,0.125,Actos relacionados con las elecciones democráticas,8071,0.0496,Actos encaminados a influir indebidamente en los votantes en elecciones,703,0.0059,Corrupción,7034,0.0035,Tráfico de influencias,7035,0.0032,Enriquecimiento ilícito,601,0.0007,Actos ilícitos relacionados con drogas o precursores sujetos a fiscalización
23601,Mal uso de fondos fiscales para financiamiento de partido político,8079,0.0175,Otros actos relacionados con las elecciones democráticas,804,0.0096,Actos contrarios a las disposiciones relativas a los ingresos públicos u otras disposiciones regulatorias,807,0.0051,Actos relacionados con las elecciones democráticas,8071,0.0038,Actos encaminados a influir indebidamente en los votantes en elecciones,601,0.0021,Actos ilícitos relacionados con drogas o precursores sujetos a fiscalización,703,0.0008,Corrupción,602,0.0006,"Actos ilícitos relacionados con bebidas alcohólicas, tabaco u otras sustancias sujetas a fiscalización",7035,0.0006,Enriquecimiento ilícito
23602,Rendición falsa de cuenta electoral,709,0.9177,"Otros actos que conllevan fraude, engaño o corrupción",8079,0.6409,Otros actos relacionados con las elecciones democráticas,70211,0.4936,Falsificación de medios de pago en efectivo,7023,0.2831,Actos de falsificación de documentos,7019,0.2566,Otros actos de fraude,70212,0.2219,Falsificación de medios de pago distintos del efectivo,8071,0.1922,Actos encaminados a influir indebidamente en los votantes en elecciones,807,0.0978,Actos relacionados con las elecciones democráticas
23700,Infracciones a la Ley de portabilidad financiera,7029,0.9788,Otros actos de falsificación,7023,0.5322,Actos de falsificación de documentos,70211,0.1526,Falsificación de medios de pago en efectivo,7021,0.1409,Falsificación de medios de pago,7019,0.0977,Otros actos de fraude,702,0.086,Falsificación,70212,0.0796,Falsificación de medios de pago distintos del efectivo,7011,0.0489,Fraude financiero
23725,Percepción ilegal de pensión garantizada universal,7023,0.1317,Actos de falsificación de documentos,7019,0.0787,Otros actos de fraude,701,0.06,Fraude,9032,0.0522,Injerencia ilícita en sistemas o datos informáticos,9033,0.0475,Interceptación o acceso ilícitos a datos informáticos,90322,0.0438,Injerencia ilícita en datos informáticos,8061,0.0426,Obstrucción de la justicia,7035,0.0261,Enriquecimiento ilícito
23750,Revelación del secreto del sistema de búsqueda de personas desaparecidas,904,0.0051,Actos contra la seguridad del Estado,806,0.0024,Actos contra el sistema de justicia,2021,0.002,Secuestro de menores,9033,0.0017,Interceptación o acceso ilícitos a datos informáticos,903,0.0015,Actos contra sistemas informáticos,9031,0.0012,Acceso ilícito a sistemas informáticos,9032,0.0009,Injerencia ilícita en sistemas o datos informáticos,90321,0.0008,Injerencia ilícita en sistemas informáticos
23775,"Sustracción, ruptura de redes, comercialización de especies de cultivo",10039,0.5306,Otras formas de comercio o posesión de especies protegidas o prohibidas de la fauna y la flora,1003,0.1973,Comercio o posesión de especies protegidas o prohibidas de la fauna y la flora,100312,0.0829,Tráfico transfronterizo de especies protegidas,10032,0.0534,Comercio o posesión de especies animales prohibidas o controladas,10031,0.0421,Comercio o posesión de especies protegidas de fauna y flora silvestres,10091,0.0361,Actos contra los animales,100311,0.0315,Comercio o posesión de especies protegidas dentro de las fronteras nacionales,6012,0.0044,"Tráfico, cultivo o producción ilícitos de drogas o precursores sujetos a fiscalización no destinados al consumo personal"
23785,Homicidio a funcionario de las Fuerzas Armadas en desempeño de funciones de resguardo de la seguridad pública,101,0.0978,Homicidio intencional,908,0.0588,Otros actos contra la seguridad pública y la seguridad del Estado,7033,0.0481,Abuso de funciones,904,0.0052,Actos contra la seguridad del Estado,1031,0.0047,Homicidio no culposo,102,0.0022,Tentativa de homicidio intencional,110131,0.0014,Homicidio o tentativa de causar la muerte o lesiones graves de forma ilícita en conflictos armados,107,0.0011,Homicidio ilícito relacionado con conflictos armados
23786,Maltrato de obra a funcionario de las Fuerzas Armadas en desempeño de funciones de resguardo de la seguridad pública,908,0.4887,Otros actos contra la seguridad pública y la seguridad del Estado,8069,0.0829,Otros actos contra el sistema de justicia,7033,0.0511,Abuso de funciones,20323,0.0136,Trabajo forzoso para el Estado o las fuerzas armadas,904,0.0072,Actos contra la seguridad del Estado,9021,0.0033,Actos contra la salud y la seguridad en el trabajo,2062,0.002,Negligencia profesional,2032,0.0007,Trabajo forzoso
23787,Delitos contra la administración ambiental,10019,0.5721,Otros actos que causan contaminación o degradación del medio ambiente,10021,0.2107,Actos relacionados con el traslado o vertimiento de desechos dentro de las fronteras nacionales,1001,0.2037,Actos que causan contaminación o degradación del medio ambiente,1002,0.1996,Actos relacionados con el traslado o vertimiento de desechos,1004,0.1576,Actos que provocan el agotamiento o la degradación de los recursos naturales,10099,0.0993,Otros actos contra el entorno natural,1009,0.049,Otros actos contra el entorno natural,90321,0.0288,Injerencia ilícita en sistemas informáticos
23788,Elaboración de alcoholes no etílicos destinados a bebida,6021,0.4652,"Producción, manipulación, posesión o uso ilícitos de productos alcohólicos",60212,0.4092,"Producción, tráfico o distribución ilícitos de productos alcohólicos",60219,0.2452,"Otros actos ilícitos de producción, manipulación, posesión o uso de productos alcohólicos",60211,0.1612,Posesión o uso ilícitos de productos alcohólicos,602,0.0725,"Actos ilícitos relacionados con bebidas alcohólicas, tabaco u otras sustancias sujetas a fiscalización",60222,0.0269,"Producción, tráfico o distribución ilícitos de productos de tabaco",6029,0.0227,"Otros actos ilícitos relacionados con bebidas alcohólicas, tabaco u otras sustancias sujetas a fiscalización",6022,0.0183,"Producción, manipulación, posesión o uso ilícitos de productos de tabaco"
23789,Contravención a medidas de la Ley de Elaboración de Alcoholes,6021,0.0862,"Producción, manipulación, posesión o uso ilícitos de productos alcohólicos",60212,0.0614,"Producción, tráfico o distribución ilícitos de productos alcohólicos",60219,0.0248,"Otros actos ilícitos de producción, manipulación, posesión o uso de productos alcohólicos",602,0.0135,"Actos ilícitos relacionados con bebidas alcohólicas, tabaco u otras sustancias sujetas a fiscalización",60129,0.0012,"Otros actos ilícitos de tráfico, cultivo o producción de drogas o precursores sujetos a fiscalización no destinados al consumo personal",601,0.0011,Actos ilícitos relacionados con drogas o precursores sujetos a fiscalización,6012,0.0005,"Tráfico, cultivo o producción ilícitos de drogas o precursores sujetos a fiscalización no destinados al consumo personal",60122,0.0002,Fabricación ilícita de drogas sujetas a fiscalización no destinadas al consumo personal
23790,Otorgamiento de certificados respecto de alcoholes tóxicos,6021,0.6721,"Producción, manipulación, posesión o uso ilícitos de productos alcohólicos",60212,0.6674,"Producción, tráfico o distribución ilícitos de productos alcohólicos",60219,0.6469,"Otros actos ilícitos de producción, manipulación, posesión o uso de productos alcohólicos",60211,0.2829,Posesión o uso ilícitos de productos alcohólicos,602,0.234,"Actos ilícitos relacionados con bebidas alcohólicas, tabaco u otras sustancias sujetas a fiscalización",6029,0.1338,"Otros actos ilícitos relacionados con bebidas alcohólicas, tabaco u otras sustancias sujetas a fiscalización",601,0.0908,Actos ilícitos relacionados con drogas o precursores sujetos a fiscalización,60122,0.0116,Fabricación ilícita de drogas sujetas a fiscalización no destinadas al consumo personal
23800,Obtención fraudulenta beneficios Covid-19,709,0.7486,"Otros actos que conllevan fraude, engaño o corrupción",104,0.3827,Suicidio asistido o incitación al suicidio,701,0.279,Fraude,804,0.1999,Actos contrarios a las disposiciones relativas a los ingresos públicos u otras disposiciones regulatorias,601,0.1598,Actos ilícitos relacionados con drogas o precursores sujetos a fiscalización,7019,0.0627,Otros actos de fraude,6019,0.025,Otros actos ilícitos relacionados con drogas o precursores sujetos a fiscalización,8042,0.015,Actos contrarios a disposiciones comerciales o financieras
23801,Obtención simulada o engañosa de beneficios de protección de la clase media,701,0.0783,Fraude,7035,0.0229,Enriquecimiento ilícito,704,0.019,Actos relacionados con el producto del delito,8061,0.0181,Obstrucción de la justicia,70211,0.007,Falsificación de medios de pago en efectivo,601,0.0069,Actos ilícitos relacionados con drogas o precursores sujetos a fiscalización,70212,0.0025,Falsificación de medios de pago distintos del efectivo,7019,0.0013,Otros actos de fraude
23802,Obtención fraudulenta de beneficios tributarios Covid-19,701,0.1132,Fraude,8041,0.0433,Actos contrarios a las disposiciones relativas a los ingresos públicos,704,0.0283,Actos relacionados con el producto del delito,7019,0.0144,Otros actos de fraude,804,0.0071,Actos contrarios a las disposiciones relativas a los ingresos públicos u otras disposiciones regulatorias,602,0.0031,"Actos ilícitos relacionados con bebidas alcohólicas, tabaco u otras sustancias sujetas a fiscalización",601,0.0022,Actos ilícitos relacionados con drogas o precursores sujetos a fiscalización,6019,0.0016,Otros actos ilícitos relacionados con drogas o precursores sujetos a fiscalización
23803,Obtención fraudulenta de beneficios tributarios o bonos Covid-19 para PYMES,701,0.0096,Fraude,7011,0.0025,Fraude financiero,7019,0.0005,Otros actos de fraude,70211,0.0003,Falsificación de medios de pago en efectivo,70212,0.0002,Falsificación de medios de pago distintos del efectivo,8042,0.0002,Actos contrarios a disposiciones comerciales o financieras,804,0.0001,Actos contrarios a las disposiciones relativas a los ingresos públicos u otras disposiciones regulatorias,6019,0.0001,Otros actos ilícitos relacionados con drogas o precursores sujetos a fiscalización
23804,Percepción indebida subsidio Covid-19 agua o electricidad,9033,0.002,Interceptación o acceso ilícitos a datos informáticos,7019,0.001,Otros actos de fraude,104,0.0008,Suicidio asistido o incitación al suicidio,9032,0.0006,Injerencia ilícita en sistemas o datos informáticos,7039,0.0004,Otros actos de corrupción,602,0.0001,"Actos ilícitos relacionados con bebidas alcohólicas, tabaco u otras sustancias sujetas a fiscalización",601,0.0001,Actos ilícitos relacionados con drogas o precursores sujetos a fiscalización,6019,0.0001,Otros actos ilícitos relacionados con drogas o precursores sujetos a fiscalización
23900,Infracciones a la Ley Orgánica Constitucional sobre Sistemas de Inscripciones Electorales y Servicio Electoral,8069,0.3812,Otros actos contra el sistema de justicia,806,0.3233,Actos contra el sistema de justicia,807,0.3184,Actos relacionados con las elecciones democráticas,8079,0.1067,Otros actos relacionados con las elecciones democráticas,90321,0.1003,Injerencia ilícita en sistemas informáticos,8071,0.0867,Actos encaminados a influir indebidamente en los votantes en elecciones,903,0.0718,Actos contra sistemas informáticos,9032,0.0233,Injerencia ilícita en sistemas o datos informáticos
24000,Entrega de información falsa o incompleta sobre el cumplimiento de planes de pago,70212,0.2261,Falsificación de medios de pago distintos del efectivo,7021,0.1788,Falsificación de medios de pago,70211,0.1781,Falsificación de medios de pago en efectivo,7019,0.1408,Otros actos de fraude,8042,0.0046,Actos contrarios a disposiciones comerciales o financieras,9032,0.0025,Injerencia ilícita en sistemas o datos informáticos,7034,0.0021,Tráfico de influencias,90321,0.0007,Injerencia ilícita en sistemas informáticos
24001,Administración maliciosa Institución de Salud Previsional,7033,0.0052,Abuso de funciones,801,0.0032,Actos contrarios a las normas de conducta orientadas al mantenimiento del orden público,902,0.0022,Actos contra la salud y la seguridad,7032,0.002,Malversación o peculado,2071,0.0012,Actos que ponen en peligro la salud,8042,0.0008,Actos contrarios a disposiciones comerciales o financieras,2062,0.0003,Negligencia profesional,601,0.0001,Actos ilícitos relacionados con drogas o precursores sujetos a fiscalización
24050,Infracciones al programa de garantías de apoyo al endeudamiento,701,0.4226,Fraude,8061,0.0377,Obstrucción de la justicia,704,0.035,Actos relacionados con el producto del delito,806,0.0166,Actos contra el sistema de justicia,602,0.0153,"Actos ilícitos relacionados con bebidas alcohólicas, tabaco u otras sustancias sujetas a fiscalización",104,0.0102,Suicidio asistido o incitación al suicidio,903,0.0085,Actos contra sistemas informáticos,8062,0.0034,Incumplimiento de órdenes judiciales
30000,Delitos del art. undécimo Ley 20.416 que fija normas especiales para las empresas de menor tamaño,704,0.127,Actos relacionados con el producto del delito,808,0.0404,Actos contrarios al derecho laboral,1102,0.0381,Actos contrarios a las leyes u otras disposiciones sobre menores,11021,0.0128,Delitos en razón de la condición de menor de edad,8042,0.0079,Actos contrarios a disposiciones comerciales o financieras,601,0.0038,Actos ilícitos relacionados con drogas o precursores sujetos a fiscalización,104,0.0002,Suicidio asistido o incitación al suicidio,90321,0.0001,Injerencia ilícita en sistemas informáticos
30100,Delitos de la Ley 20.345,7049,0.3301,Otros actos relacionados con el producto del delito,7011,0.1825,Fraude financiero,8042,0.0556,Actos contrarios a disposiciones comerciales o financieras,704,0.0417,Actos relacionados con el producto del delito,601,0.0305,Actos ilícitos relacionados con drogas o precursores sujetos a fiscalización,90321,0.0112,Injerencia ilícita en sistemas informáticos,806,0.0095,Actos contra el sistema de justicia,903,0.0035,Actos contra sistemas informáticos
99997,Faltas al régimen penitenciario,806,0.1628,Actos contra el sistema de justicia,8069,0.1458,Otros actos contra el sistema de justicia,8062,0.0325,Incumplimiento de órdenes judiciales,11021,0.0289,Delitos en razón de la condición de menor de edad,1101,0.01,Actos bajo jurisdicción universal,1109,0.0099,Otros actos delictivos no clasificados en otra parte,1102,0.0044,Actos contrarios a las leyes u otras disposiciones sobre menores,104,0.0005,Suicidio asistido o incitación al suicidio
